[0.089s] DEBUG:colcon:Command line arguments: ['/usr/bin/colcon', 'build']
[0.089s] DEBUG:colcon:Parsed command line arguments: Namespace(log_base=None, log_level=None, verb_name='build', build_base='build', install_base='install', merge_install=False, symlink_install=False, test_result_base=None, continue_on_error=False, executor='parallel', parallel_workers=8, event_handlers=None, ignore_user_meta=False, metas=['./colcon.meta'], base_paths=['.'], packages_ignore=None, packages_ignore_regex=None, paths=None, packages_up_to=None, packages_up_to_regex=None, packages_above=None, packages_above_and_dependencies=None, packages_above_depth=None, packages_select_by_dep=None, packages_skip_by_dep=None, packages_skip_up_to=None, packages_select_build_failed=False, packages_skip_build_finished=False, packages_select_test_failures=False, packages_skip_test_passed=False, packages_select=None, packages_skip=None, packages_select_regex=None, packages_skip_regex=None, packages_start=None, packages_end=None, allow_overriding=[], cmake_args=None, cmake_target=None, cmake_target_skip_unavailable=False, cmake_clean_cache=False, cmake_clean_first=False, cmake_force_configure=False, ament_cmake_args=None, catkin_cmake_args=None, catkin_skip_building_tests=False, mixin_files=None, mixin=None, verb_parser=<colcon_mixin.mixin.mixin_argument.MixinArgumentDecorator object at 0x77ecde812c20>, verb_extension=<colcon_core.verb.build.BuildVerb object at 0x77ecde94bbb0>, main=<bound method BuildVerb.main of <colcon_core.verb.build.BuildVerb object at 0x77ecde94bbb0>>, mixin_verb=('build',))
[0.180s] Level 1:colcon.colcon_core.package_discovery:discover_packages(colcon_meta) check parameters
[0.180s] Level 1:colcon.colcon_core.package_discovery:discover_packages(recursive) check parameters
[0.180s] Level 1:colcon.colcon_core.package_discovery:discover_packages(ignore) check parameters
[0.180s] Level 1:colcon.colcon_core.package_discovery:discover_packages(path) check parameters
[0.180s] Level 1:colcon.colcon_core.package_discovery:discover_packages(colcon_meta) discover
[0.180s] Level 1:colcon.colcon_core.package_discovery:discover_packages(recursive) discover
[0.180s] INFO:colcon.colcon_core.package_discovery:Crawling recursively for packages in '/home/olympusforge/ros2_frost'
[0.180s] Level 1:colcon.colcon_core.package_identification:_identify(.) by extensions ['ignore', 'ignore_ament_install']
[0.180s] Level 1:colcon.colcon_core.package_identification:_identify(.) by extension 'ignore'
[0.180s] Level 1:colcon.colcon_core.package_identification:_identify(.) by extension 'ignore_ament_install'
[0.181s] Level 1:colcon.colcon_core.package_identification:_identify(.) by extensions ['colcon_pkg']
[0.181s] Level 1:colcon.colcon_core.package_identification:_identify(.) by extension 'colcon_pkg'
[0.181s] Level 1:colcon.colcon_core.package_identification:_identify(.) by extensions ['colcon_meta']
[0.181s] Level 1:colcon.colcon_core.package_identification:_identify(.) by extension 'colcon_meta'
[0.181s] Level 1:colcon.colcon_core.package_identification:_identify(.) by extensions ['ros']
[0.181s] Level 1:colcon.colcon_core.package_identification:_identify(.) by extension 'ros'
[0.187s] Level 1:colcon.colcon_core.package_identification:_identify(.) by extensions ['cmake', 'python']
[0.187s] Level 1:colcon.colcon_core.package_identification:_identify(.) by extension 'cmake'
[0.187s] Level 1:colcon.colcon_core.package_identification:_identify(.) by extension 'python'
[0.188s] Level 1:colcon.colcon_core.package_identification:_identify(.) by extensions ['python_setup_py']
[0.188s] Level 1:colcon.colcon_core.package_identification:_identify(.) by extension 'python_setup_py'
[0.188s] Level 1:colcon.colcon_core.package_identification:_identify(build) by extensions ['ignore', 'ignore_ament_install']
[0.188s] Level 1:colcon.colcon_core.package_identification:_identify(build) by extension 'ignore'
[0.188s] Level 1:colcon.colcon_core.package_identification:_identify(build) ignored
[0.188s] Level 1:colcon.colcon_core.package_identification:_identify(install) by extensions ['ignore', 'ignore_ament_install']
[0.188s] Level 1:colcon.colcon_core.package_identification:_identify(install) by extension 'ignore'
[0.188s] Level 1:colcon.colcon_core.package_identification:_identify(install) ignored
[0.188s] Level 1:colcon.colcon_core.package_identification:_identify(log) by extensions ['ignore', 'ignore_ament_install']
[0.188s] Level 1:colcon.colcon_core.package_identification:_identify(log) by extension 'ignore'
[0.188s] Level 1:colcon.colcon_core.package_identification:_identify(log) ignored
[0.188s] Level 1:colcon.colcon_core.package_identification:_identify(src) by extensions ['ignore', 'ignore_ament_install']
[0.188s] Level 1:colcon.colcon_core.package_identification:_identify(src) by extension 'ignore'
[0.188s] Level 1:colcon.colcon_core.package_identification:_identify(src) by extension 'ignore_ament_install'
[0.188s] Level 1:colcon.colcon_core.package_identification:_identify(src) by extensions ['colcon_pkg']
[0.188s] Level 1:colcon.colcon_core.package_identification:_identify(src) by extension 'colcon_pkg'
[0.188s] Level 1:colcon.colcon_core.package_identification:_identify(src) by extensions ['colcon_meta']
[0.188s] Level 1:colcon.colcon_core.package_identification:_identify(src) by extension 'colcon_meta'
[0.188s] Level 1:colcon.colcon_core.package_identification:_identify(src) by extensions ['ros']
[0.188s] Level 1:colcon.colcon_core.package_identification:_identify(src) by extension 'ros'
[0.189s] Level 1:colcon.colcon_core.package_identification:_identify(src) by extensions ['cmake', 'python']
[0.189s] Level 1:colcon.colcon_core.package_identification:_identify(src) by extension 'cmake'
[0.189s] Level 1:colcon.colcon_core.package_identification:_identify(src) by extension 'python'
[0.189s] Level 1:colcon.colcon_core.package_identification:_identify(src) by extensions ['python_setup_py']
[0.189s] Level 1:colcon.colcon_core.package_identification:_identify(src) by extension 'python_setup_py'
[0.189s] Level 1:colcon.colcon_core.package_identification:_identify(src/navigation2) by extensions ['ignore', 'ignore_ament_install']
[0.189s] Level 1:colcon.colcon_core.package_identification:_identify(src/navigation2) by extension 'ignore'
[0.189s] Level 1:colcon.colcon_core.package_identification:_identify(src/navigation2) by extension 'ignore_ament_install'
[0.189s] Level 1:colcon.colcon_core.package_identification:_identify(src/navigation2) by extensions ['colcon_pkg']
[0.189s] Level 1:colcon.colcon_core.package_identification:_identify(src/navigation2) by extension 'colcon_pkg'
[0.189s] Level 1:colcon.colcon_core.package_identification:_identify(src/navigation2) by extensions ['colcon_meta']
[0.189s] Level 1:colcon.colcon_core.package_identification:_identify(src/navigation2) by extension 'colcon_meta'
[0.189s] Level 1:colcon.colcon_core.package_identification:_identify(src/navigation2) by extensions ['ros']
[0.189s] Level 1:colcon.colcon_core.package_identification:_identify(src/navigation2) by extension 'ros'
[0.189s] Level 1:colcon.colcon_core.package_identification:_identify(src/navigation2) by extensions ['cmake', 'python']
[0.189s] Level 1:colcon.colcon_core.package_identification:_identify(src/navigation2) by extension 'cmake'
[0.189s] Level 1:colcon.colcon_core.package_identification:_identify(src/navigation2) by extension 'python'
[0.189s] Level 1:colcon.colcon_core.package_identification:_identify(src/navigation2) by extensions ['python_setup_py']
[0.189s] Level 1:colcon.colcon_core.package_identification:_identify(src/navigation2) by extension 'python_setup_py'
[0.189s] Level 1:colcon.colcon_core.package_identification:_identify(src/navigation2/doc) by extensions ['ignore', 'ignore_ament_install']
[0.189s] Level 1:colcon.colcon_core.package_identification:_identify(src/navigation2/doc) by extension 'ignore'
[0.189s] Level 1:colcon.colcon_core.package_identification:_identify(src/navigation2/doc) by extension 'ignore_ament_install'
[0.189s] Level 1:colcon.colcon_core.package_identification:_identify(src/navigation2/doc) by extensions ['colcon_pkg']
[0.189s] Level 1:colcon.colcon_core.package_identification:_identify(src/navigation2/doc) by extension 'colcon_pkg'
[0.189s] Level 1:colcon.colcon_core.package_identification:_identify(src/navigation2/doc) by extensions ['colcon_meta']
[0.189s] Level 1:colcon.colcon_core.package_identification:_identify(src/navigation2/doc) by extension 'colcon_meta'
[0.189s] Level 1:colcon.colcon_core.package_identification:_identify(src/navigation2/doc) by extensions ['ros']
[0.189s] Level 1:colcon.colcon_core.package_identification:_identify(src/navigation2/doc) by extension 'ros'
[0.189s] Level 1:colcon.colcon_core.package_identification:_identify(src/navigation2/doc) by extensions ['cmake', 'python']
[0.189s] Level 1:colcon.colcon_core.package_identification:_identify(src/navigation2/doc) by extension 'cmake'
[0.189s] Level 1:colcon.colcon_core.package_identification:_identify(src/navigation2/doc) by extension 'python'
[0.190s] Level 1:colcon.colcon_core.package_identification:_identify(src/navigation2/doc) by extensions ['python_setup_py']
[0.190s] Level 1:colcon.colcon_core.package_identification:_identify(src/navigation2/doc) by extension 'python_setup_py'
[0.190s] Level 1:colcon.colcon_core.package_identification:_identify(src/navigation2/doc/architecture) by extensions ['ignore', 'ignore_ament_install']
[0.190s] Level 1:colcon.colcon_core.package_identification:_identify(src/navigation2/doc/architecture) by extension 'ignore'
[0.190s] Level 1:colcon.colcon_core.package_identification:_identify(src/navigation2/doc/architecture) by extension 'ignore_ament_install'
[0.190s] Level 1:colcon.colcon_core.package_identification:_identify(src/navigation2/doc/architecture) by extensions ['colcon_pkg']
[0.190s] Level 1:colcon.colcon_core.package_identification:_identify(src/navigation2/doc/architecture) by extension 'colcon_pkg'
[0.190s] Level 1:colcon.colcon_core.package_identification:_identify(src/navigation2/doc/architecture) by extensions ['colcon_meta']
[0.190s] Level 1:colcon.colcon_core.package_identification:_identify(src/navigation2/doc/architecture) by extension 'colcon_meta'
[0.190s] Level 1:colcon.colcon_core.package_identification:_identify(src/navigation2/doc/architecture) by extensions ['ros']
[0.190s] Level 1:colcon.colcon_core.package_identification:_identify(src/navigation2/doc/architecture) by extension 'ros'
[0.190s] Level 1:colcon.colcon_core.package_identification:_identify(src/navigation2/doc/architecture) by extensions ['cmake', 'python']
[0.190s] Level 1:colcon.colcon_core.package_identification:_identify(src/navigation2/doc/architecture) by extension 'cmake'
[0.190s] Level 1:colcon.colcon_core.package_identification:_identify(src/navigation2/doc/architecture) by extension 'python'
[0.190s] Level 1:colcon.colcon_core.package_identification:_identify(src/navigation2/doc/architecture) by extensions ['python_setup_py']
[0.190s] Level 1:colcon.colcon_core.package_identification:_identify(src/navigation2/doc/architecture) by extension 'python_setup_py'
[0.190s] Level 1:colcon.colcon_core.package_identification:_identify(src/navigation2/doc/design) by extensions ['ignore', 'ignore_ament_install']
[0.190s] Level 1:colcon.colcon_core.package_identification:_identify(src/navigation2/doc/design) by extension 'ignore'
[0.190s] Level 1:colcon.colcon_core.package_identification:_identify(src/navigation2/doc/design) by extension 'ignore_ament_install'
[0.190s] Level 1:colcon.colcon_core.package_identification:_identify(src/navigation2/doc/design) by extensions ['colcon_pkg']
[0.190s] Level 1:colcon.colcon_core.package_identification:_identify(src/navigation2/doc/design) by extension 'colcon_pkg'
[0.190s] Level 1:colcon.colcon_core.package_identification:_identify(src/navigation2/doc/design) by extensions ['colcon_meta']
[0.190s] Level 1:colcon.colcon_core.package_identification:_identify(src/navigation2/doc/design) by extension 'colcon_meta'
[0.190s] Level 1:colcon.colcon_core.package_identification:_identify(src/navigation2/doc/design) by extensions ['ros']
[0.190s] Level 1:colcon.colcon_core.package_identification:_identify(src/navigation2/doc/design) by extension 'ros'
[0.190s] Level 1:colcon.colcon_core.package_identification:_identify(src/navigation2/doc/design) by extensions ['cmake', 'python']
[0.190s] Level 1:colcon.colcon_core.package_identification:_identify(src/navigation2/doc/design) by extension 'cmake'
[0.190s] Level 1:colcon.colcon_core.package_identification:_identify(src/navigation2/doc/design) by extension 'python'
[0.190s] Level 1:colcon.colcon_core.package_identification:_identify(src/navigation2/doc/design) by extensions ['python_setup_py']
[0.190s] Level 1:colcon.colcon_core.package_identification:_identify(src/navigation2/doc/design) by extension 'python_setup_py'
[0.190s] Level 1:colcon.colcon_core.package_identification:_identify(src/navigation2/doc/development) by extensions ['ignore', 'ignore_ament_install']
[0.190s] Level 1:colcon.colcon_core.package_identification:_identify(src/navigation2/doc/development) by extension 'ignore'
[0.190s] Level 1:colcon.colcon_core.package_identification:_identify(src/navigation2/doc/development) by extension 'ignore_ament_install'
[0.190s] Level 1:colcon.colcon_core.package_identification:_identify(src/navigation2/doc/development) by extensions ['colcon_pkg']
[0.190s] Level 1:colcon.colcon_core.package_identification:_identify(src/navigation2/doc/development) by extension 'colcon_pkg'
[0.190s] Level 1:colcon.colcon_core.package_identification:_identify(src/navigation2/doc/development) by extensions ['colcon_meta']
[0.190s] Level 1:colcon.colcon_core.package_identification:_identify(src/navigation2/doc/development) by extension 'colcon_meta'
[0.190s] Level 1:colcon.colcon_core.package_identification:_identify(src/navigation2/doc/development) by extensions ['ros']
[0.190s] Level 1:colcon.colcon_core.package_identification:_identify(src/navigation2/doc/development) by extension 'ros'
[0.190s] Level 1:colcon.colcon_core.package_identification:_identify(src/navigation2/doc/development) by extensions ['cmake', 'python']
[0.190s] Level 1:colcon.colcon_core.package_identification:_identify(src/navigation2/doc/development) by extension 'cmake'
[0.190s] Level 1:colcon.colcon_core.package_identification:_identify(src/navigation2/doc/development) by extension 'python'
[0.191s] Level 1:colcon.colcon_core.package_identification:_identify(src/navigation2/doc/development) by extensions ['python_setup_py']
[0.191s] Level 1:colcon.colcon_core.package_identification:_identify(src/navigation2/doc/development) by extension 'python_setup_py'
[0.191s] Level 1:colcon.colcon_core.package_identification:_identify(src/navigation2/doc/process) by extensions ['ignore', 'ignore_ament_install']
[0.191s] Level 1:colcon.colcon_core.package_identification:_identify(src/navigation2/doc/process) by extension 'ignore'
[0.191s] Level 1:colcon.colcon_core.package_identification:_identify(src/navigation2/doc/process) by extension 'ignore_ament_install'
[0.191s] Level 1:colcon.colcon_core.package_identification:_identify(src/navigation2/doc/process) by extensions ['colcon_pkg']
[0.191s] Level 1:colcon.colcon_core.package_identification:_identify(src/navigation2/doc/process) by extension 'colcon_pkg'
[0.191s] Level 1:colcon.colcon_core.package_identification:_identify(src/navigation2/doc/process) by extensions ['colcon_meta']
[0.191s] Level 1:colcon.colcon_core.package_identification:_identify(src/navigation2/doc/process) by extension 'colcon_meta'
[0.191s] Level 1:colcon.colcon_core.package_identification:_identify(src/navigation2/doc/process) by extensions ['ros']
[0.191s] Level 1:colcon.colcon_core.package_identification:_identify(src/navigation2/doc/process) by extension 'ros'
[0.191s] Level 1:colcon.colcon_core.package_identification:_identify(src/navigation2/doc/process) by extensions ['cmake', 'python']
[0.191s] Level 1:colcon.colcon_core.package_identification:_identify(src/navigation2/doc/process) by extension 'cmake'
[0.191s] Level 1:colcon.colcon_core.package_identification:_identify(src/navigation2/doc/process) by extension 'python'
[0.191s] Level 1:colcon.colcon_core.package_identification:_identify(src/navigation2/doc/process) by extensions ['python_setup_py']
[0.191s] Level 1:colcon.colcon_core.package_identification:_identify(src/navigation2/doc/process) by extension 'python_setup_py'
[0.191s] Level 1:colcon.colcon_core.package_identification:_identify(src/navigation2/doc/requirements) by extensions ['ignore', 'ignore_ament_install']
[0.191s] Level 1:colcon.colcon_core.package_identification:_identify(src/navigation2/doc/requirements) by extension 'ignore'
[0.191s] Level 1:colcon.colcon_core.package_identification:_identify(src/navigation2/doc/requirements) by extension 'ignore_ament_install'
[0.191s] Level 1:colcon.colcon_core.package_identification:_identify(src/navigation2/doc/requirements) by extensions ['colcon_pkg']
[0.191s] Level 1:colcon.colcon_core.package_identification:_identify(src/navigation2/doc/requirements) by extension 'colcon_pkg'
[0.191s] Level 1:colcon.colcon_core.package_identification:_identify(src/navigation2/doc/requirements) by extensions ['colcon_meta']
[0.191s] Level 1:colcon.colcon_core.package_identification:_identify(src/navigation2/doc/requirements) by extension 'colcon_meta'
[0.191s] Level 1:colcon.colcon_core.package_identification:_identify(src/navigation2/doc/requirements) by extensions ['ros']
[0.191s] Level 1:colcon.colcon_core.package_identification:_identify(src/navigation2/doc/requirements) by extension 'ros'
[0.191s] Level 1:colcon.colcon_core.package_identification:_identify(src/navigation2/doc/requirements) by extensions ['cmake', 'python']
[0.191s] Level 1:colcon.colcon_core.package_identification:_identify(src/navigation2/doc/requirements) by extension 'cmake'
[0.191s] Level 1:colcon.colcon_core.package_identification:_identify(src/navigation2/doc/requirements) by extension 'python'
[0.191s] Level 1:colcon.colcon_core.package_identification:_identify(src/navigation2/doc/requirements) by extensions ['python_setup_py']
[0.191s] Level 1:colcon.colcon_core.package_identification:_identify(src/navigation2/doc/requirements) by extension 'python_setup_py'
[0.191s] Level 1:colcon.colcon_core.package_identification:_identify(src/navigation2/doc/requirements/images) by extensions ['ignore', 'ignore_ament_install']
[0.191s] Level 1:colcon.colcon_core.package_identification:_identify(src/navigation2/doc/requirements/images) by extension 'ignore'
[0.191s] Level 1:colcon.colcon_core.package_identification:_identify(src/navigation2/doc/requirements/images) by extension 'ignore_ament_install'
[0.191s] Level 1:colcon.colcon_core.package_identification:_identify(src/navigation2/doc/requirements/images) by extensions ['colcon_pkg']
[0.191s] Level 1:colcon.colcon_core.package_identification:_identify(src/navigation2/doc/requirements/images) by extension 'colcon_pkg'
[0.191s] Level 1:colcon.colcon_core.package_identification:_identify(src/navigation2/doc/requirements/images) by extensions ['colcon_meta']
[0.192s] Level 1:colcon.colcon_core.package_identification:_identify(src/navigation2/doc/requirements/images) by extension 'colcon_meta'
[0.192s] Level 1:colcon.colcon_core.package_identification:_identify(src/navigation2/doc/requirements/images) by extensions ['ros']
[0.192s] Level 1:colcon.colcon_core.package_identification:_identify(src/navigation2/doc/requirements/images) by extension 'ros'
[0.192s] Level 1:colcon.colcon_core.package_identification:_identify(src/navigation2/doc/requirements/images) by extensions ['cmake', 'python']
[0.192s] Level 1:colcon.colcon_core.package_identification:_identify(src/navigation2/doc/requirements/images) by extension 'cmake'
[0.192s] Level 1:colcon.colcon_core.package_identification:_identify(src/navigation2/doc/requirements/images) by extension 'python'
[0.192s] Level 1:colcon.colcon_core.package_identification:_identify(src/navigation2/doc/requirements/images) by extensions ['python_setup_py']
[0.192s] Level 1:colcon.colcon_core.package_identification:_identify(src/navigation2/doc/requirements/images) by extension 'python_setup_py'
[0.192s] Level 1:colcon.colcon_core.package_identification:_identify(src/navigation2/doc/use_cases) by extensions ['ignore', 'ignore_ament_install']
[0.192s] Level 1:colcon.colcon_core.package_identification:_identify(src/navigation2/doc/use_cases) by extension 'ignore'
[0.192s] Level 1:colcon.colcon_core.package_identification:_identify(src/navigation2/doc/use_cases) by extension 'ignore_ament_install'
[0.192s] Level 1:colcon.colcon_core.package_identification:_identify(src/navigation2/doc/use_cases) by extensions ['colcon_pkg']
[0.192s] Level 1:colcon.colcon_core.package_identification:_identify(src/navigation2/doc/use_cases) by extension 'colcon_pkg'
[0.192s] Level 1:colcon.colcon_core.package_identification:_identify(src/navigation2/doc/use_cases) by extensions ['colcon_meta']
[0.192s] Level 1:colcon.colcon_core.package_identification:_identify(src/navigation2/doc/use_cases) by extension 'colcon_meta'
[0.192s] Level 1:colcon.colcon_core.package_identification:_identify(src/navigation2/doc/use_cases) by extensions ['ros']
[0.192s] Level 1:colcon.colcon_core.package_identification:_identify(src/navigation2/doc/use_cases) by extension 'ros'
[0.192s] Level 1:colcon.colcon_core.package_identification:_identify(src/navigation2/doc/use_cases) by extensions ['cmake', 'python']
[0.192s] Level 1:colcon.colcon_core.package_identification:_identify(src/navigation2/doc/use_cases) by extension 'cmake'
[0.192s] Level 1:colcon.colcon_core.package_identification:_identify(src/navigation2/doc/use_cases) by extension 'python'
[0.192s] Level 1:colcon.colcon_core.package_identification:_identify(src/navigation2/doc/use_cases) by extensions ['python_setup_py']
[0.192s] Level 1:colcon.colcon_core.package_identification:_identify(src/navigation2/doc/use_cases) by extension 'python_setup_py'
[0.192s] Level 1:colcon.colcon_core.package_identification:_identify(src/navigation2/nav2_amcl) by extensions ['ignore', 'ignore_ament_install']
[0.193s] Level 1:colcon.colcon_core.package_identification:_identify(src/navigation2/nav2_amcl) by extension 'ignore'
[0.193s] Level 1:colcon.colcon_core.package_identification:_identify(src/navigation2/nav2_amcl) by extension 'ignore_ament_install'
[0.193s] Level 1:colcon.colcon_core.package_identification:_identify(src/navigation2/nav2_amcl) by extensions ['colcon_pkg']
[0.193s] Level 1:colcon.colcon_core.package_identification:_identify(src/navigation2/nav2_amcl) by extension 'colcon_pkg'
[0.193s] Level 1:colcon.colcon_core.package_identification:_identify(src/navigation2/nav2_amcl) by extensions ['colcon_meta']
[0.193s] Level 1:colcon.colcon_core.package_identification:_identify(src/navigation2/nav2_amcl) by extension 'colcon_meta'
[0.193s] Level 1:colcon.colcon_core.package_identification:_identify(src/navigation2/nav2_amcl) by extensions ['ros']
[0.193s] Level 1:colcon.colcon_core.package_identification:_identify(src/navigation2/nav2_amcl) by extension 'ros'
[0.195s] DEBUG:colcon.colcon_core.package_identification:Package 'src/navigation2/nav2_amcl' with type 'ros.ament_cmake' and name 'nav2_amcl'
[0.195s] Level 1:colcon.colcon_core.package_identification:_identify(src/navigation2/nav2_behavior_tree) by extensions ['ignore', 'ignore_ament_install']
[0.195s] Level 1:colcon.colcon_core.package_identification:_identify(src/navigation2/nav2_behavior_tree) by extension 'ignore'
[0.195s] Level 1:colcon.colcon_core.package_identification:_identify(src/navigation2/nav2_behavior_tree) by extension 'ignore_ament_install'
[0.195s] Level 1:colcon.colcon_core.package_identification:_identify(src/navigation2/nav2_behavior_tree) by extensions ['colcon_pkg']
[0.195s] Level 1:colcon.colcon_core.package_identification:_identify(src/navigation2/nav2_behavior_tree) by extension 'colcon_pkg'
[0.195s] Level 1:colcon.colcon_core.package_identification:_identify(src/navigation2/nav2_behavior_tree) by extensions ['colcon_meta']
[0.196s] Level 1:colcon.colcon_core.package_identification:_identify(src/navigation2/nav2_behavior_tree) by extension 'colcon_meta'
[0.196s] Level 1:colcon.colcon_core.package_identification:_identify(src/navigation2/nav2_behavior_tree) by extensions ['ros']
[0.196s] Level 1:colcon.colcon_core.package_identification:_identify(src/navigation2/nav2_behavior_tree) by extension 'ros'
[0.197s] DEBUG:colcon.colcon_core.package_identification:Package 'src/navigation2/nav2_behavior_tree' with type 'ros.ament_cmake' and name 'nav2_behavior_tree'
[0.197s] Level 1:colcon.colcon_core.package_identification:_identify(src/navigation2/nav2_behaviors) by extensions ['ignore', 'ignore_ament_install']
[0.197s] Level 1:colcon.colcon_core.package_identification:_identify(src/navigation2/nav2_behaviors) by extension 'ignore'
[0.197s] Level 1:colcon.colcon_core.package_identification:_identify(src/navigation2/nav2_behaviors) by extension 'ignore_ament_install'
[0.197s] Level 1:colcon.colcon_core.package_identification:_identify(src/navigation2/nav2_behaviors) by extensions ['colcon_pkg']
[0.197s] Level 1:colcon.colcon_core.package_identification:_identify(src/navigation2/nav2_behaviors) by extension 'colcon_pkg'
[0.197s] Level 1:colcon.colcon_core.package_identification:_identify(src/navigation2/nav2_behaviors) by extensions ['colcon_meta']
[0.197s] Level 1:colcon.colcon_core.package_identification:_identify(src/navigation2/nav2_behaviors) by extension 'colcon_meta'
[0.197s] Level 1:colcon.colcon_core.package_identification:_identify(src/navigation2/nav2_behaviors) by extensions ['ros']
[0.197s] Level 1:colcon.colcon_core.package_identification:_identify(src/navigation2/nav2_behaviors) by extension 'ros'
[0.198s] DEBUG:colcon.colcon_core.package_identification:Package 'src/navigation2/nav2_behaviors' with type 'ros.ament_cmake' and name 'nav2_behaviors'
[0.198s] Level 1:colcon.colcon_core.package_identification:_identify(src/navigation2/nav2_bringup) by extensions ['ignore', 'ignore_ament_install']
[0.198s] Level 1:colcon.colcon_core.package_identification:_identify(src/navigation2/nav2_bringup) by extension 'ignore'
[0.198s] Level 1:colcon.colcon_core.package_identification:_identify(src/navigation2/nav2_bringup) by extension 'ignore_ament_install'
[0.198s] Level 1:colcon.colcon_core.package_identification:_identify(src/navigation2/nav2_bringup) by extensions ['colcon_pkg']
[0.198s] Level 1:colcon.colcon_core.package_identification:_identify(src/navigation2/nav2_bringup) by extension 'colcon_pkg'
[0.198s] Level 1:colcon.colcon_core.package_identification:_identify(src/navigation2/nav2_bringup) by extensions ['colcon_meta']
[0.198s] Level 1:colcon.colcon_core.package_identification:_identify(src/navigation2/nav2_bringup) by extension 'colcon_meta'
[0.198s] Level 1:colcon.colcon_core.package_identification:_identify(src/navigation2/nav2_bringup) by extensions ['ros']
[0.198s] Level 1:colcon.colcon_core.package_identification:_identify(src/navigation2/nav2_bringup) by extension 'ros'
[0.199s] DEBUG:colcon.colcon_core.package_identification:Package 'src/navigation2/nav2_bringup' with type 'ros.ament_cmake' and name 'nav2_bringup'
[0.199s] Level 1:colcon.colcon_core.package_identification:_identify(src/navigation2/nav2_bt_navigator) by extensions ['ignore', 'ignore_ament_install']
[0.199s] Level 1:colcon.colcon_core.package_identification:_identify(src/navigation2/nav2_bt_navigator) by extension 'ignore'
[0.199s] Level 1:colcon.colcon_core.package_identification:_identify(src/navigation2/nav2_bt_navigator) by extension 'ignore_ament_install'
[0.199s] Level 1:colcon.colcon_core.package_identification:_identify(src/navigation2/nav2_bt_navigator) by extensions ['colcon_pkg']
[0.199s] Level 1:colcon.colcon_core.package_identification:_identify(src/navigation2/nav2_bt_navigator) by extension 'colcon_pkg'
[0.199s] Level 1:colcon.colcon_core.package_identification:_identify(src/navigation2/nav2_bt_navigator) by extensions ['colcon_meta']
[0.199s] Level 1:colcon.colcon_core.package_identification:_identify(src/navigation2/nav2_bt_navigator) by extension 'colcon_meta'
[0.199s] Level 1:colcon.colcon_core.package_identification:_identify(src/navigation2/nav2_bt_navigator) by extensions ['ros']
[0.199s] Level 1:colcon.colcon_core.package_identification:_identify(src/navigation2/nav2_bt_navigator) by extension 'ros'
[0.201s] DEBUG:colcon.colcon_core.package_identification:Package 'src/navigation2/nav2_bt_navigator' with type 'ros.ament_cmake' and name 'nav2_bt_navigator'
[0.201s] Level 1:colcon.colcon_core.package_identification:_identify(src/navigation2/nav2_collision_monitor) by extensions ['ignore', 'ignore_ament_install']
[0.201s] Level 1:colcon.colcon_core.package_identification:_identify(src/navigation2/nav2_collision_monitor) by extension 'ignore'
[0.201s] Level 1:colcon.colcon_core.package_identification:_identify(src/navigation2/nav2_collision_monitor) by extension 'ignore_ament_install'
[0.201s] Level 1:colcon.colcon_core.package_identification:_identify(src/navigation2/nav2_collision_monitor) by extensions ['colcon_pkg']
[0.201s] Level 1:colcon.colcon_core.package_identification:_identify(src/navigation2/nav2_collision_monitor) by extension 'colcon_pkg'
[0.201s] Level 1:colcon.colcon_core.package_identification:_identify(src/navigation2/nav2_collision_monitor) by extensions ['colcon_meta']
[0.201s] Level 1:colcon.colcon_core.package_identification:_identify(src/navigation2/nav2_collision_monitor) by extension 'colcon_meta'
[0.201s] Level 1:colcon.colcon_core.package_identification:_identify(src/navigation2/nav2_collision_monitor) by extensions ['ros']
[0.201s] Level 1:colcon.colcon_core.package_identification:_identify(src/navigation2/nav2_collision_monitor) by extension 'ros'
[0.202s] DEBUG:colcon.colcon_core.package_identification:Package 'src/navigation2/nav2_collision_monitor' with type 'ros.ament_cmake' and name 'nav2_collision_monitor'
[0.202s] Level 1:colcon.colcon_core.package_identification:_identify(src/navigation2/nav2_common) by extensions ['ignore', 'ignore_ament_install']
[0.202s] Level 1:colcon.colcon_core.package_identification:_identify(src/navigation2/nav2_common) by extension 'ignore'
[0.202s] Level 1:colcon.colcon_core.package_identification:_identify(src/navigation2/nav2_common) by extension 'ignore_ament_install'
[0.203s] Level 1:colcon.colcon_core.package_identification:_identify(src/navigation2/nav2_common) by extensions ['colcon_pkg']
[0.203s] Level 1:colcon.colcon_core.package_identification:_identify(src/navigation2/nav2_common) by extension 'colcon_pkg'
[0.203s] Level 1:colcon.colcon_core.package_identification:_identify(src/navigation2/nav2_common) by extensions ['colcon_meta']
[0.203s] Level 1:colcon.colcon_core.package_identification:_identify(src/navigation2/nav2_common) by extension 'colcon_meta'
[0.203s] Level 1:colcon.colcon_core.package_identification:_identify(src/navigation2/nav2_common) by extensions ['ros']
[0.203s] Level 1:colcon.colcon_core.package_identification:_identify(src/navigation2/nav2_common) by extension 'ros'
[0.203s] DEBUG:colcon.colcon_core.package_identification:Package 'src/navigation2/nav2_common' with type 'ros.ament_cmake' and name 'nav2_common'
[0.203s] Level 1:colcon.colcon_core.package_identification:_identify(src/navigation2/nav2_constrained_smoother) by extensions ['ignore', 'ignore_ament_install']
[0.204s] Level 1:colcon.colcon_core.package_identification:_identify(src/navigation2/nav2_constrained_smoother) by extension 'ignore'
[0.204s] Level 1:colcon.colcon_core.package_identification:_identify(src/navigation2/nav2_constrained_smoother) by extension 'ignore_ament_install'
[0.204s] Level 1:colcon.colcon_core.package_identification:_identify(src/navigation2/nav2_constrained_smoother) by extensions ['colcon_pkg']
[0.204s] Level 1:colcon.colcon_core.package_identification:_identify(src/navigation2/nav2_constrained_smoother) by extension 'colcon_pkg'
[0.204s] Level 1:colcon.colcon_core.package_identification:_identify(src/navigation2/nav2_constrained_smoother) by extensions ['colcon_meta']
[0.204s] Level 1:colcon.colcon_core.package_identification:_identify(src/navigation2/nav2_constrained_smoother) by extension 'colcon_meta'
[0.204s] Level 1:colcon.colcon_core.package_identification:_identify(src/navigation2/nav2_constrained_smoother) by extensions ['ros']
[0.204s] Level 1:colcon.colcon_core.package_identification:_identify(src/navigation2/nav2_constrained_smoother) by extension 'ros'
[0.204s] DEBUG:colcon.colcon_core.package_identification:Package 'src/navigation2/nav2_constrained_smoother' with type 'ros.ament_cmake' and name 'nav2_constrained_smoother'
[0.204s] Level 1:colcon.colcon_core.package_identification:_identify(src/navigation2/nav2_controller) by extensions ['ignore', 'ignore_ament_install']
[0.204s] Level 1:colcon.colcon_core.package_identification:_identify(src/navigation2/nav2_controller) by extension 'ignore'
[0.205s] Level 1:colcon.colcon_core.package_identification:_identify(src/navigation2/nav2_controller) by extension 'ignore_ament_install'
[0.205s] Level 1:colcon.colcon_core.package_identification:_identify(src/navigation2/nav2_controller) by extensions ['colcon_pkg']
[0.205s] Level 1:colcon.colcon_core.package_identification:_identify(src/navigation2/nav2_controller) by extension 'colcon_pkg'
[0.205s] Level 1:colcon.colcon_core.package_identification:_identify(src/navigation2/nav2_controller) by extensions ['colcon_meta']
[0.205s] Level 1:colcon.colcon_core.package_identification:_identify(src/navigation2/nav2_controller) by extension 'colcon_meta'
[0.205s] Level 1:colcon.colcon_core.package_identification:_identify(src/navigation2/nav2_controller) by extensions ['ros']
[0.205s] Level 1:colcon.colcon_core.package_identification:_identify(src/navigation2/nav2_controller) by extension 'ros'
[0.212s] DEBUG:colcon.colcon_core.package_identification:Package 'src/navigation2/nav2_controller' with type 'ros.ament_cmake' and name 'nav2_controller'
[0.212s] Level 1:colcon.colcon_core.package_identification:_identify(src/navigation2/nav2_core) by extensions ['ignore', 'ignore_ament_install']
[0.212s] Level 1:colcon.colcon_core.package_identification:_identify(src/navigation2/nav2_core) by extension 'ignore'
[0.212s] Level 1:colcon.colcon_core.package_identification:_identify(src/navigation2/nav2_core) by extension 'ignore_ament_install'
[0.212s] Level 1:colcon.colcon_core.package_identification:_identify(src/navigation2/nav2_core) by extensions ['colcon_pkg']
[0.212s] Level 1:colcon.colcon_core.package_identification:_identify(src/navigation2/nav2_core) by extension 'colcon_pkg'
[0.212s] Level 1:colcon.colcon_core.package_identification:_identify(src/navigation2/nav2_core) by extensions ['colcon_meta']
[0.212s] Level 1:colcon.colcon_core.package_identification:_identify(src/navigation2/nav2_core) by extension 'colcon_meta'
[0.212s] Level 1:colcon.colcon_core.package_identification:_identify(src/navigation2/nav2_core) by extensions ['ros']
[0.212s] Level 1:colcon.colcon_core.package_identification:_identify(src/navigation2/nav2_core) by extension 'ros'
[0.213s] DEBUG:colcon.colcon_core.package_identification:Package 'src/navigation2/nav2_core' with type 'ros.ament_cmake' and name 'nav2_core'
[0.213s] Level 1:colcon.colcon_core.package_identification:_identify(src/navigation2/nav2_costmap_2d) by extensions ['ignore', 'ignore_ament_install']
[0.213s] Level 1:colcon.colcon_core.package_identification:_identify(src/navigation2/nav2_costmap_2d) by extension 'ignore'
[0.213s] Level 1:colcon.colcon_core.package_identification:_identify(src/navigation2/nav2_costmap_2d) by extension 'ignore_ament_install'
[0.213s] Level 1:colcon.colcon_core.package_identification:_identify(src/navigation2/nav2_costmap_2d) by extensions ['colcon_pkg']
[0.213s] Level 1:colcon.colcon_core.package_identification:_identify(src/navigation2/nav2_costmap_2d) by extension 'colcon_pkg'
[0.213s] Level 1:colcon.colcon_core.package_identification:_identify(src/navigation2/nav2_costmap_2d) by extensions ['colcon_meta']
[0.213s] Level 1:colcon.colcon_core.package_identification:_identify(src/navigation2/nav2_costmap_2d) by extension 'colcon_meta'
[0.213s] Level 1:colcon.colcon_core.package_identification:_identify(src/navigation2/nav2_costmap_2d) by extensions ['ros']
[0.213s] Level 1:colcon.colcon_core.package_identification:_identify(src/navigation2/nav2_costmap_2d) by extension 'ros'
[0.214s] DEBUG:colcon.colcon_core.package_identification:Package 'src/navigation2/nav2_costmap_2d' with type 'ros.ament_cmake' and name 'nav2_costmap_2d'
[0.214s] Level 1:colcon.colcon_core.package_identification:_identify(src/navigation2/nav2_docking) by extensions ['ignore', 'ignore_ament_install']
[0.214s] Level 1:colcon.colcon_core.package_identification:_identify(src/navigation2/nav2_docking) by extension 'ignore'
[0.214s] Level 1:colcon.colcon_core.package_identification:_identify(src/navigation2/nav2_docking) by extension 'ignore_ament_install'
[0.214s] Level 1:colcon.colcon_core.package_identification:_identify(src/navigation2/nav2_docking) by extensions ['colcon_pkg']
[0.215s] Level 1:colcon.colcon_core.package_identification:_identify(src/navigation2/nav2_docking) by extension 'colcon_pkg'
[0.215s] Level 1:colcon.colcon_core.package_identification:_identify(src/navigation2/nav2_docking) by extensions ['colcon_meta']
[0.215s] Level 1:colcon.colcon_core.package_identification:_identify(src/navigation2/nav2_docking) by extension 'colcon_meta'
[0.215s] Level 1:colcon.colcon_core.package_identification:_identify(src/navigation2/nav2_docking) by extensions ['ros']
[0.215s] Level 1:colcon.colcon_core.package_identification:_identify(src/navigation2/nav2_docking) by extension 'ros'
[0.215s] Level 1:colcon.colcon_core.package_identification:_identify(src/navigation2/nav2_docking) by extensions ['cmake', 'python']
[0.215s] Level 1:colcon.colcon_core.package_identification:_identify(src/navigation2/nav2_docking) by extension 'cmake'
[0.215s] Level 1:colcon.colcon_core.package_identification:_identify(src/navigation2/nav2_docking) by extension 'python'
[0.215s] Level 1:colcon.colcon_core.package_identification:_identify(src/navigation2/nav2_docking) by extensions ['python_setup_py']
[0.215s] Level 1:colcon.colcon_core.package_identification:_identify(src/navigation2/nav2_docking) by extension 'python_setup_py'
[0.215s] Level 1:colcon.colcon_core.package_identification:_identify(src/navigation2/nav2_docking/docs) by extensions ['ignore', 'ignore_ament_install']
[0.215s] Level 1:colcon.colcon_core.package_identification:_identify(src/navigation2/nav2_docking/docs) by extension 'ignore'
[0.215s] Level 1:colcon.colcon_core.package_identification:_identify(src/navigation2/nav2_docking/docs) by extension 'ignore_ament_install'
[0.215s] Level 1:colcon.colcon_core.package_identification:_identify(src/navigation2/nav2_docking/docs) by extensions ['colcon_pkg']
[0.215s] Level 1:colcon.colcon_core.package_identification:_identify(src/navigation2/nav2_docking/docs) by extension 'colcon_pkg'
[0.215s] Level 1:colcon.colcon_core.package_identification:_identify(src/navigation2/nav2_docking/docs) by extensions ['colcon_meta']
[0.215s] Level 1:colcon.colcon_core.package_identification:_identify(src/navigation2/nav2_docking/docs) by extension 'colcon_meta'
[0.215s] Level 1:colcon.colcon_core.package_identification:_identify(src/navigation2/nav2_docking/docs) by extensions ['ros']
[0.215s] Level 1:colcon.colcon_core.package_identification:_identify(src/navigation2/nav2_docking/docs) by extension 'ros'
[0.215s] Level 1:colcon.colcon_core.package_identification:_identify(src/navigation2/nav2_docking/docs) by extensions ['cmake', 'python']
[0.215s] Level 1:colcon.colcon_core.package_identification:_identify(src/navigation2/nav2_docking/docs) by extension 'cmake'
[0.215s] Level 1:colcon.colcon_core.package_identification:_identify(src/navigation2/nav2_docking/docs) by extension 'python'
[0.215s] Level 1:colcon.colcon_core.package_identification:_identify(src/navigation2/nav2_docking/docs) by extensions ['python_setup_py']
[0.215s] Level 1:colcon.colcon_core.package_identification:_identify(src/navigation2/nav2_docking/docs) by extension 'python_setup_py'
[0.215s] Level 1:colcon.colcon_core.package_identification:_identify(src/navigation2/nav2_docking/opennav_docking) by extensions ['ignore', 'ignore_ament_install']
[0.215s] Level 1:colcon.colcon_core.package_identification:_identify(src/navigation2/nav2_docking/opennav_docking) by extension 'ignore'
[0.215s] Level 1:colcon.colcon_core.package_identification:_identify(src/navigation2/nav2_docking/opennav_docking) by extension 'ignore_ament_install'
[0.215s] Level 1:colcon.colcon_core.package_identification:_identify(src/navigation2/nav2_docking/opennav_docking) by extensions ['colcon_pkg']
[0.215s] Level 1:colcon.colcon_core.package_identification:_identify(src/navigation2/nav2_docking/opennav_docking) by extension 'colcon_pkg'
[0.215s] Level 1:colcon.colcon_core.package_identification:_identify(src/navigation2/nav2_docking/opennav_docking) by extensions ['colcon_meta']
[0.215s] Level 1:colcon.colcon_core.package_identification:_identify(src/navigation2/nav2_docking/opennav_docking) by extension 'colcon_meta'
[0.216s] Level 1:colcon.colcon_core.package_identification:_identify(src/navigation2/nav2_docking/opennav_docking) by extensions ['ros']
[0.216s] Level 1:colcon.colcon_core.package_identification:_identify(src/navigation2/nav2_docking/opennav_docking) by extension 'ros'
[0.216s] DEBUG:colcon.colcon_core.package_identification:Package 'src/navigation2/nav2_docking/opennav_docking' with type 'ros.ament_cmake' and name 'opennav_docking'
[0.217s] Level 1:colcon.colcon_core.package_identification:_identify(src/navigation2/nav2_docking/opennav_docking_bt) by extensions ['ignore', 'ignore_ament_install']
[0.217s] Level 1:colcon.colcon_core.package_identification:_identify(src/navigation2/nav2_docking/opennav_docking_bt) by extension 'ignore'
[0.217s] Level 1:colcon.colcon_core.package_identification:_identify(src/navigation2/nav2_docking/opennav_docking_bt) by extension 'ignore_ament_install'
[0.217s] Level 1:colcon.colcon_core.package_identification:_identify(src/navigation2/nav2_docking/opennav_docking_bt) by extensions ['colcon_pkg']
[0.217s] Level 1:colcon.colcon_core.package_identification:_identify(src/navigation2/nav2_docking/opennav_docking_bt) by extension 'colcon_pkg'
[0.217s] Level 1:colcon.colcon_core.package_identification:_identify(src/navigation2/nav2_docking/opennav_docking_bt) by extensions ['colcon_meta']
[0.217s] Level 1:colcon.colcon_core.package_identification:_identify(src/navigation2/nav2_docking/opennav_docking_bt) by extension 'colcon_meta'
[0.217s] Level 1:colcon.colcon_core.package_identification:_identify(src/navigation2/nav2_docking/opennav_docking_bt) by extensions ['ros']
[0.217s] Level 1:colcon.colcon_core.package_identification:_identify(src/navigation2/nav2_docking/opennav_docking_bt) by extension 'ros'
[0.217s] DEBUG:colcon.colcon_core.package_identification:Package 'src/navigation2/nav2_docking/opennav_docking_bt' with type 'ros.ament_cmake' and name 'opennav_docking_bt'
[0.218s] Level 1:colcon.colcon_core.package_identification:_identify(src/navigation2/nav2_docking/opennav_docking_core) by extensions ['ignore', 'ignore_ament_install']
[0.218s] Level 1:colcon.colcon_core.package_identification:_identify(src/navigation2/nav2_docking/opennav_docking_core) by extension 'ignore'
[0.218s] Level 1:colcon.colcon_core.package_identification:_identify(src/navigation2/nav2_docking/opennav_docking_core) by extension 'ignore_ament_install'
[0.218s] Level 1:colcon.colcon_core.package_identification:_identify(src/navigation2/nav2_docking/opennav_docking_core) by extensions ['colcon_pkg']
[0.218s] Level 1:colcon.colcon_core.package_identification:_identify(src/navigation2/nav2_docking/opennav_docking_core) by extension 'colcon_pkg'
[0.218s] Level 1:colcon.colcon_core.package_identification:_identify(src/navigation2/nav2_docking/opennav_docking_core) by extensions ['colcon_meta']
[0.218s] Level 1:colcon.colcon_core.package_identification:_identify(src/navigation2/nav2_docking/opennav_docking_core) by extension 'colcon_meta'
[0.218s] Level 1:colcon.colcon_core.package_identification:_identify(src/navigation2/nav2_docking/opennav_docking_core) by extensions ['ros']
[0.218s] Level 1:colcon.colcon_core.package_identification:_identify(src/navigation2/nav2_docking/opennav_docking_core) by extension 'ros'
[0.218s] DEBUG:colcon.colcon_core.package_identification:Package 'src/navigation2/nav2_docking/opennav_docking_core' with type 'ros.ament_cmake' and name 'opennav_docking_core'
[0.218s] Level 1:colcon.colcon_core.package_identification:_identify(src/navigation2/nav2_dwb_controller) by extensions ['ignore', 'ignore_ament_install']
[0.219s] Level 1:colcon.colcon_core.package_identification:_identify(src/navigation2/nav2_dwb_controller) by extension 'ignore'
[0.219s] Level 1:colcon.colcon_core.package_identification:_identify(src/navigation2/nav2_dwb_controller) by extension 'ignore_ament_install'
[0.219s] Level 1:colcon.colcon_core.package_identification:_identify(src/navigation2/nav2_dwb_controller) by extensions ['colcon_pkg']
[0.219s] Level 1:colcon.colcon_core.package_identification:_identify(src/navigation2/nav2_dwb_controller) by extension 'colcon_pkg'
[0.219s] Level 1:colcon.colcon_core.package_identification:_identify(src/navigation2/nav2_dwb_controller) by extensions ['colcon_meta']
[0.219s] Level 1:colcon.colcon_core.package_identification:_identify(src/navigation2/nav2_dwb_controller) by extension 'colcon_meta'
[0.219s] Level 1:colcon.colcon_core.package_identification:_identify(src/navigation2/nav2_dwb_controller) by extensions ['ros']
[0.219s] Level 1:colcon.colcon_core.package_identification:_identify(src/navigation2/nav2_dwb_controller) by extension 'ros'
[0.219s] Level 1:colcon.colcon_core.package_identification:_identify(src/navigation2/nav2_dwb_controller) by extensions ['cmake', 'python']
[0.219s] Level 1:colcon.colcon_core.package_identification:_identify(src/navigation2/nav2_dwb_controller) by extension 'cmake'
[0.219s] Level 1:colcon.colcon_core.package_identification:_identify(src/navigation2/nav2_dwb_controller) by extension 'python'
[0.219s] Level 1:colcon.colcon_core.package_identification:_identify(src/navigation2/nav2_dwb_controller) by extensions ['python_setup_py']
[0.219s] Level 1:colcon.colcon_core.package_identification:_identify(src/navigation2/nav2_dwb_controller) by extension 'python_setup_py'
[0.219s] Level 1:colcon.colcon_core.package_identification:_identify(src/navigation2/nav2_dwb_controller/costmap_queue) by extensions ['ignore', 'ignore_ament_install']
[0.220s] Level 1:colcon.colcon_core.package_identification:_identify(src/navigation2/nav2_dwb_controller/costmap_queue) by extension 'ignore'
[0.220s] Level 1:colcon.colcon_core.package_identification:_identify(src/navigation2/nav2_dwb_controller/costmap_queue) by extension 'ignore_ament_install'
[0.220s] Level 1:colcon.colcon_core.package_identification:_identify(src/navigation2/nav2_dwb_controller/costmap_queue) by extensions ['colcon_pkg']
[0.220s] Level 1:colcon.colcon_core.package_identification:_identify(src/navigation2/nav2_dwb_controller/costmap_queue) by extension 'colcon_pkg'
[0.220s] Level 1:colcon.colcon_core.package_identification:_identify(src/navigation2/nav2_dwb_controller/costmap_queue) by extensions ['colcon_meta']
[0.220s] Level 1:colcon.colcon_core.package_identification:_identify(src/navigation2/nav2_dwb_controller/costmap_queue) by extension 'colcon_meta'
[0.220s] Level 1:colcon.colcon_core.package_identification:_identify(src/navigation2/nav2_dwb_controller/costmap_queue) by extensions ['ros']
[0.220s] Level 1:colcon.colcon_core.package_identification:_identify(src/navigation2/nav2_dwb_controller/costmap_queue) by extension 'ros'
[0.220s] DEBUG:colcon.colcon_core.package_identification:Package 'src/navigation2/nav2_dwb_controller/costmap_queue' with type 'ros.ament_cmake' and name 'costmap_queue'
[0.220s] Level 1:colcon.colcon_core.package_identification:_identify(src/navigation2/nav2_dwb_controller/dwb_core) by extensions ['ignore', 'ignore_ament_install']
[0.220s] Level 1:colcon.colcon_core.package_identification:_identify(src/navigation2/nav2_dwb_controller/dwb_core) by extension 'ignore'
[0.220s] Level 1:colcon.colcon_core.package_identification:_identify(src/navigation2/nav2_dwb_controller/dwb_core) by extension 'ignore_ament_install'
[0.220s] Level 1:colcon.colcon_core.package_identification:_identify(src/navigation2/nav2_dwb_controller/dwb_core) by extensions ['colcon_pkg']
[0.220s] Level 1:colcon.colcon_core.package_identification:_identify(src/navigation2/nav2_dwb_controller/dwb_core) by extension 'colcon_pkg'
[0.220s] Level 1:colcon.colcon_core.package_identification:_identify(src/navigation2/nav2_dwb_controller/dwb_core) by extensions ['colcon_meta']
[0.220s] Level 1:colcon.colcon_core.package_identification:_identify(src/navigation2/nav2_dwb_controller/dwb_core) by extension 'colcon_meta'
[0.220s] Level 1:colcon.colcon_core.package_identification:_identify(src/navigation2/nav2_dwb_controller/dwb_core) by extensions ['ros']
[0.220s] Level 1:colcon.colcon_core.package_identification:_identify(src/navigation2/nav2_dwb_controller/dwb_core) by extension 'ros'
[0.221s] DEBUG:colcon.colcon_core.package_identification:Package 'src/navigation2/nav2_dwb_controller/dwb_core' with type 'ros.ament_cmake' and name 'dwb_core'
[0.221s] Level 1:colcon.colcon_core.package_identification:_identify(src/navigation2/nav2_dwb_controller/dwb_critics) by extensions ['ignore', 'ignore_ament_install']
[0.221s] Level 1:colcon.colcon_core.package_identification:_identify(src/navigation2/nav2_dwb_controller/dwb_critics) by extension 'ignore'
[0.221s] Level 1:colcon.colcon_core.package_identification:_identify(src/navigation2/nav2_dwb_controller/dwb_critics) by extension 'ignore_ament_install'
[0.221s] Level 1:colcon.colcon_core.package_identification:_identify(src/navigation2/nav2_dwb_controller/dwb_critics) by extensions ['colcon_pkg']
[0.221s] Level 1:colcon.colcon_core.package_identification:_identify(src/navigation2/nav2_dwb_controller/dwb_critics) by extension 'colcon_pkg'
[0.221s] Level 1:colcon.colcon_core.package_identification:_identify(src/navigation2/nav2_dwb_controller/dwb_critics) by extensions ['colcon_meta']
[0.221s] Level 1:colcon.colcon_core.package_identification:_identify(src/navigation2/nav2_dwb_controller/dwb_critics) by extension 'colcon_meta'
[0.222s] Level 1:colcon.colcon_core.package_identification:_identify(src/navigation2/nav2_dwb_controller/dwb_critics) by extensions ['ros']
[0.222s] Level 1:colcon.colcon_core.package_identification:_identify(src/navigation2/nav2_dwb_controller/dwb_critics) by extension 'ros'
[0.222s] DEBUG:colcon.colcon_core.package_identification:Package 'src/navigation2/nav2_dwb_controller/dwb_critics' with type 'ros.ament_cmake' and name 'dwb_critics'
[0.222s] Level 1:colcon.colcon_core.package_identification:_identify(src/navigation2/nav2_dwb_controller/dwb_msgs) by extensions ['ignore', 'ignore_ament_install']
[0.222s] Level 1:colcon.colcon_core.package_identification:_identify(src/navigation2/nav2_dwb_controller/dwb_msgs) by extension 'ignore'
[0.222s] Level 1:colcon.colcon_core.package_identification:_identify(src/navigation2/nav2_dwb_controller/dwb_msgs) by extension 'ignore_ament_install'
[0.223s] Level 1:colcon.colcon_core.package_identification:_identify(src/navigation2/nav2_dwb_controller/dwb_msgs) by extensions ['colcon_pkg']
[0.223s] Level 1:colcon.colcon_core.package_identification:_identify(src/navigation2/nav2_dwb_controller/dwb_msgs) by extension 'colcon_pkg'
[0.223s] Level 1:colcon.colcon_core.package_identification:_identify(src/navigation2/nav2_dwb_controller/dwb_msgs) by extensions ['colcon_meta']
[0.223s] Level 1:colcon.colcon_core.package_identification:_identify(src/navigation2/nav2_dwb_controller/dwb_msgs) by extension 'colcon_meta'
[0.223s] Level 1:colcon.colcon_core.package_identification:_identify(src/navigation2/nav2_dwb_controller/dwb_msgs) by extensions ['ros']
[0.223s] Level 1:colcon.colcon_core.package_identification:_identify(src/navigation2/nav2_dwb_controller/dwb_msgs) by extension 'ros'
[0.223s] DEBUG:colcon.colcon_core.package_identification:Package 'src/navigation2/nav2_dwb_controller/dwb_msgs' with type 'ros.ament_cmake' and name 'dwb_msgs'
[0.223s] Level 1:colcon.colcon_core.package_identification:_identify(src/navigation2/nav2_dwb_controller/dwb_plugins) by extensions ['ignore', 'ignore_ament_install']
[0.223s] Level 1:colcon.colcon_core.package_identification:_identify(src/navigation2/nav2_dwb_controller/dwb_plugins) by extension 'ignore'
[0.223s] Level 1:colcon.colcon_core.package_identification:_identify(src/navigation2/nav2_dwb_controller/dwb_plugins) by extension 'ignore_ament_install'
[0.223s] Level 1:colcon.colcon_core.package_identification:_identify(src/navigation2/nav2_dwb_controller/dwb_plugins) by extensions ['colcon_pkg']
[0.223s] Level 1:colcon.colcon_core.package_identification:_identify(src/navigation2/nav2_dwb_controller/dwb_plugins) by extension 'colcon_pkg'
[0.223s] Level 1:colcon.colcon_core.package_identification:_identify(src/navigation2/nav2_dwb_controller/dwb_plugins) by extensions ['colcon_meta']
[0.224s] Level 1:colcon.colcon_core.package_identification:_identify(src/navigation2/nav2_dwb_controller/dwb_plugins) by extension 'colcon_meta'
[0.224s] Level 1:colcon.colcon_core.package_identification:_identify(src/navigation2/nav2_dwb_controller/dwb_plugins) by extensions ['ros']
[0.224s] Level 1:colcon.colcon_core.package_identification:_identify(src/navigation2/nav2_dwb_controller/dwb_plugins) by extension 'ros'
[0.224s] DEBUG:colcon.colcon_core.package_identification:Package 'src/navigation2/nav2_dwb_controller/dwb_plugins' with type 'ros.ament_cmake' and name 'dwb_plugins'
[0.224s] Level 1:colcon.colcon_core.package_identification:_identify(src/navigation2/nav2_dwb_controller/images) by extensions ['ignore', 'ignore_ament_install']
[0.224s] Level 1:colcon.colcon_core.package_identification:_identify(src/navigation2/nav2_dwb_controller/images) by extension 'ignore'
[0.224s] Level 1:colcon.colcon_core.package_identification:_identify(src/navigation2/nav2_dwb_controller/images) by extension 'ignore_ament_install'
[0.224s] Level 1:colcon.colcon_core.package_identification:_identify(src/navigation2/nav2_dwb_controller/images) by extensions ['colcon_pkg']
[0.224s] Level 1:colcon.colcon_core.package_identification:_identify(src/navigation2/nav2_dwb_controller/images) by extension 'colcon_pkg'
[0.224s] Level 1:colcon.colcon_core.package_identification:_identify(src/navigation2/nav2_dwb_controller/images) by extensions ['colcon_meta']
[0.224s] Level 1:colcon.colcon_core.package_identification:_identify(src/navigation2/nav2_dwb_controller/images) by extension 'colcon_meta'
[0.225s] Level 1:colcon.colcon_core.package_identification:_identify(src/navigation2/nav2_dwb_controller/images) by extensions ['ros']
[0.225s] Level 1:colcon.colcon_core.package_identification:_identify(src/navigation2/nav2_dwb_controller/images) by extension 'ros'
[0.225s] Level 1:colcon.colcon_core.package_identification:_identify(src/navigation2/nav2_dwb_controller/images) by extensions ['cmake', 'python']
[0.225s] Level 1:colcon.colcon_core.package_identification:_identify(src/navigation2/nav2_dwb_controller/images) by extension 'cmake'
[0.225s] Level 1:colcon.colcon_core.package_identification:_identify(src/navigation2/nav2_dwb_controller/images) by extension 'python'
[0.225s] Level 1:colcon.colcon_core.package_identification:_identify(src/navigation2/nav2_dwb_controller/images) by extensions ['python_setup_py']
[0.225s] Level 1:colcon.colcon_core.package_identification:_identify(src/navigation2/nav2_dwb_controller/images) by extension 'python_setup_py'
[0.225s] Level 1:colcon.colcon_core.package_identification:_identify(src/navigation2/nav2_dwb_controller/nav2_dwb_controller) by extensions ['ignore', 'ignore_ament_install']
[0.225s] Level 1:colcon.colcon_core.package_identification:_identify(src/navigation2/nav2_dwb_controller/nav2_dwb_controller) by extension 'ignore'
[0.225s] Level 1:colcon.colcon_core.package_identification:_identify(src/navigation2/nav2_dwb_controller/nav2_dwb_controller) by extension 'ignore_ament_install'
[0.225s] Level 1:colcon.colcon_core.package_identification:_identify(src/navigation2/nav2_dwb_controller/nav2_dwb_controller) by extensions ['colcon_pkg']
[0.225s] Level 1:colcon.colcon_core.package_identification:_identify(src/navigation2/nav2_dwb_controller/nav2_dwb_controller) by extension 'colcon_pkg'
[0.225s] Level 1:colcon.colcon_core.package_identification:_identify(src/navigation2/nav2_dwb_controller/nav2_dwb_controller) by extensions ['colcon_meta']
[0.225s] Level 1:colcon.colcon_core.package_identification:_identify(src/navigation2/nav2_dwb_controller/nav2_dwb_controller) by extension 'colcon_meta'
[0.225s] Level 1:colcon.colcon_core.package_identification:_identify(src/navigation2/nav2_dwb_controller/nav2_dwb_controller) by extensions ['ros']
[0.225s] Level 1:colcon.colcon_core.package_identification:_identify(src/navigation2/nav2_dwb_controller/nav2_dwb_controller) by extension 'ros'
[0.225s] DEBUG:colcon.colcon_core.package_identification:Package 'src/navigation2/nav2_dwb_controller/nav2_dwb_controller' with type 'ros.ament_cmake' and name 'nav2_dwb_controller'
[0.225s] Level 1:colcon.colcon_core.package_identification:_identify(src/navigation2/nav2_dwb_controller/nav_2d_msgs) by extensions ['ignore', 'ignore_ament_install']
[0.226s] Level 1:colcon.colcon_core.package_identification:_identify(src/navigation2/nav2_dwb_controller/nav_2d_msgs) by extension 'ignore'
[0.226s] Level 1:colcon.colcon_core.package_identification:_identify(src/navigation2/nav2_dwb_controller/nav_2d_msgs) by extension 'ignore_ament_install'
[0.226s] Level 1:colcon.colcon_core.package_identification:_identify(src/navigation2/nav2_dwb_controller/nav_2d_msgs) by extensions ['colcon_pkg']
[0.226s] Level 1:colcon.colcon_core.package_identification:_identify(src/navigation2/nav2_dwb_controller/nav_2d_msgs) by extension 'colcon_pkg'
[0.226s] Level 1:colcon.colcon_core.package_identification:_identify(src/navigation2/nav2_dwb_controller/nav_2d_msgs) by extensions ['colcon_meta']
[0.226s] Level 1:colcon.colcon_core.package_identification:_identify(src/navigation2/nav2_dwb_controller/nav_2d_msgs) by extension 'colcon_meta'
[0.226s] Level 1:colcon.colcon_core.package_identification:_identify(src/navigation2/nav2_dwb_controller/nav_2d_msgs) by extensions ['ros']
[0.226s] Level 1:colcon.colcon_core.package_identification:_identify(src/navigation2/nav2_dwb_controller/nav_2d_msgs) by extension 'ros'
[0.226s] DEBUG:colcon.colcon_core.package_identification:Package 'src/navigation2/nav2_dwb_controller/nav_2d_msgs' with type 'ros.ament_cmake' and name 'nav_2d_msgs'
[0.226s] Level 1:colcon.colcon_core.package_identification:_identify(src/navigation2/nav2_dwb_controller/nav_2d_utils) by extensions ['ignore', 'ignore_ament_install']
[0.226s] Level 1:colcon.colcon_core.package_identification:_identify(src/navigation2/nav2_dwb_controller/nav_2d_utils) by extension 'ignore'
[0.226s] Level 1:colcon.colcon_core.package_identification:_identify(src/navigation2/nav2_dwb_controller/nav_2d_utils) by extension 'ignore_ament_install'
[0.226s] Level 1:colcon.colcon_core.package_identification:_identify(src/navigation2/nav2_dwb_controller/nav_2d_utils) by extensions ['colcon_pkg']
[0.226s] Level 1:colcon.colcon_core.package_identification:_identify(src/navigation2/nav2_dwb_controller/nav_2d_utils) by extension 'colcon_pkg'
[0.226s] Level 1:colcon.colcon_core.package_identification:_identify(src/navigation2/nav2_dwb_controller/nav_2d_utils) by extensions ['colcon_meta']
[0.226s] Level 1:colcon.colcon_core.package_identification:_identify(src/navigation2/nav2_dwb_controller/nav_2d_utils) by extension 'colcon_meta'
[0.226s] Level 1:colcon.colcon_core.package_identification:_identify(src/navigation2/nav2_dwb_controller/nav_2d_utils) by extensions ['ros']
[0.226s] Level 1:colcon.colcon_core.package_identification:_identify(src/navigation2/nav2_dwb_controller/nav_2d_utils) by extension 'ros'
[0.227s] DEBUG:colcon.colcon_core.package_identification:Package 'src/navigation2/nav2_dwb_controller/nav_2d_utils' with type 'ros.ament_cmake' and name 'nav_2d_utils'
[0.227s] Level 1:colcon.colcon_core.package_identification:_identify(src/navigation2/nav2_graceful_controller) by extensions ['ignore', 'ignore_ament_install']
[0.227s] Level 1:colcon.colcon_core.package_identification:_identify(src/navigation2/nav2_graceful_controller) by extension 'ignore'
[0.227s] Level 1:colcon.colcon_core.package_identification:_identify(src/navigation2/nav2_graceful_controller) by extension 'ignore_ament_install'
[0.227s] Level 1:colcon.colcon_core.package_identification:_identify(src/navigation2/nav2_graceful_controller) by extensions ['colcon_pkg']
[0.227s] Level 1:colcon.colcon_core.package_identification:_identify(src/navigation2/nav2_graceful_controller) by extension 'colcon_pkg'
[0.228s] Level 1:colcon.colcon_core.package_identification:_identify(src/navigation2/nav2_graceful_controller) by extensions ['colcon_meta']
[0.228s] Level 1:colcon.colcon_core.package_identification:_identify(src/navigation2/nav2_graceful_controller) by extension 'colcon_meta'
[0.228s] Level 1:colcon.colcon_core.package_identification:_identify(src/navigation2/nav2_graceful_controller) by extensions ['ros']
[0.228s] Level 1:colcon.colcon_core.package_identification:_identify(src/navigation2/nav2_graceful_controller) by extension 'ros'
[0.228s] DEBUG:colcon.colcon_core.package_identification:Package 'src/navigation2/nav2_graceful_controller' with type 'ros.ament_cmake' and name 'nav2_graceful_controller'
[0.228s] Level 1:colcon.colcon_core.package_identification:_identify(src/navigation2/nav2_lifecycle_manager) by extensions ['ignore', 'ignore_ament_install']
[0.229s] Level 1:colcon.colcon_core.package_identification:_identify(src/navigation2/nav2_lifecycle_manager) by extension 'ignore'
[0.229s] Level 1:colcon.colcon_core.package_identification:_identify(src/navigation2/nav2_lifecycle_manager) by extension 'ignore_ament_install'
[0.229s] Level 1:colcon.colcon_core.package_identification:_identify(src/navigation2/nav2_lifecycle_manager) by extensions ['colcon_pkg']
[0.229s] Level 1:colcon.colcon_core.package_identification:_identify(src/navigation2/nav2_lifecycle_manager) by extension 'colcon_pkg'
[0.229s] Level 1:colcon.colcon_core.package_identification:_identify(src/navigation2/nav2_lifecycle_manager) by extensions ['colcon_meta']
[0.229s] Level 1:colcon.colcon_core.package_identification:_identify(src/navigation2/nav2_lifecycle_manager) by extension 'colcon_meta'
[0.229s] Level 1:colcon.colcon_core.package_identification:_identify(src/navigation2/nav2_lifecycle_manager) by extensions ['ros']
[0.229s] Level 1:colcon.colcon_core.package_identification:_identify(src/navigation2/nav2_lifecycle_manager) by extension 'ros'
[0.229s] DEBUG:colcon.colcon_core.package_identification:Package 'src/navigation2/nav2_lifecycle_manager' with type 'ros.ament_cmake' and name 'nav2_lifecycle_manager'
[0.230s] Level 1:colcon.colcon_core.package_identification:_identify(src/navigation2/nav2_loopback_sim) by extensions ['ignore', 'ignore_ament_install']
[0.230s] Level 1:colcon.colcon_core.package_identification:_identify(src/navigation2/nav2_loopback_sim) by extension 'ignore'
[0.230s] Level 1:colcon.colcon_core.package_identification:_identify(src/navigation2/nav2_loopback_sim) by extension 'ignore_ament_install'
[0.230s] Level 1:colcon.colcon_core.package_identification:_identify(src/navigation2/nav2_loopback_sim) by extensions ['colcon_pkg']
[0.230s] Level 1:colcon.colcon_core.package_identification:_identify(src/navigation2/nav2_loopback_sim) by extension 'colcon_pkg'
[0.230s] Level 1:colcon.colcon_core.package_identification:_identify(src/navigation2/nav2_loopback_sim) by extensions ['colcon_meta']
[0.230s] Level 1:colcon.colcon_core.package_identification:_identify(src/navigation2/nav2_loopback_sim) by extension 'colcon_meta'
[0.230s] Level 1:colcon.colcon_core.package_identification:_identify(src/navigation2/nav2_loopback_sim) by extensions ['ros']
[0.230s] Level 1:colcon.colcon_core.package_identification:_identify(src/navigation2/nav2_loopback_sim) by extension 'ros'
[0.230s] DEBUG:colcon.colcon_core.package_identification:Package 'src/navigation2/nav2_loopback_sim' with type 'ros.ament_python' and name 'nav2_loopback_sim'
[0.230s] Level 1:colcon.colcon_core.package_identification:_identify(src/navigation2/nav2_map_server) by extensions ['ignore', 'ignore_ament_install']
[0.230s] Level 1:colcon.colcon_core.package_identification:_identify(src/navigation2/nav2_map_server) by extension 'ignore'
[0.230s] Level 1:colcon.colcon_core.package_identification:_identify(src/navigation2/nav2_map_server) by extension 'ignore_ament_install'
[0.230s] Level 1:colcon.colcon_core.package_identification:_identify(src/navigation2/nav2_map_server) by extensions ['colcon_pkg']
[0.231s] Level 1:colcon.colcon_core.package_identification:_identify(src/navigation2/nav2_map_server) by extension 'colcon_pkg'
[0.231s] Level 1:colcon.colcon_core.package_identification:_identify(src/navigation2/nav2_map_server) by extensions ['colcon_meta']
[0.231s] Level 1:colcon.colcon_core.package_identification:_identify(src/navigation2/nav2_map_server) by extension 'colcon_meta'
[0.231s] Level 1:colcon.colcon_core.package_identification:_identify(src/navigation2/nav2_map_server) by extensions ['ros']
[0.231s] Level 1:colcon.colcon_core.package_identification:_identify(src/navigation2/nav2_map_server) by extension 'ros'
[0.231s] DEBUG:colcon.colcon_core.package_identification:Package 'src/navigation2/nav2_map_server' with type 'ros.ament_cmake' and name 'nav2_map_server'
[0.232s] Level 1:colcon.colcon_core.package_identification:_identify(src/navigation2/nav2_mppi_controller) by extensions ['ignore', 'ignore_ament_install']
[0.232s] Level 1:colcon.colcon_core.package_identification:_identify(src/navigation2/nav2_mppi_controller) by extension 'ignore'
[0.232s] Level 1:colcon.colcon_core.package_identification:_identify(src/navigation2/nav2_mppi_controller) by extension 'ignore_ament_install'
[0.232s] Level 1:colcon.colcon_core.package_identification:_identify(src/navigation2/nav2_mppi_controller) by extensions ['colcon_pkg']
[0.232s] Level 1:colcon.colcon_core.package_identification:_identify(src/navigation2/nav2_mppi_controller) by extension 'colcon_pkg'
[0.232s] Level 1:colcon.colcon_core.package_identification:_identify(src/navigation2/nav2_mppi_controller) by extensions ['colcon_meta']
[0.232s] Level 1:colcon.colcon_core.package_identification:_identify(src/navigation2/nav2_mppi_controller) by extension 'colcon_meta'
[0.232s] Level 1:colcon.colcon_core.package_identification:_identify(src/navigation2/nav2_mppi_controller) by extensions ['ros']
[0.232s] Level 1:colcon.colcon_core.package_identification:_identify(src/navigation2/nav2_mppi_controller) by extension 'ros'
[0.233s] DEBUG:colcon.colcon_core.package_identification:Package 'src/navigation2/nav2_mppi_controller' with type 'ros.ament_cmake' and name 'nav2_mppi_controller'
[0.233s] Level 1:colcon.colcon_core.package_identification:_identify(src/navigation2/nav2_msgs) by extensions ['ignore', 'ignore_ament_install']
[0.233s] Level 1:colcon.colcon_core.package_identification:_identify(src/navigation2/nav2_msgs) by extension 'ignore'
[0.233s] Level 1:colcon.colcon_core.package_identification:_identify(src/navigation2/nav2_msgs) by extension 'ignore_ament_install'
[0.233s] Level 1:colcon.colcon_core.package_identification:_identify(src/navigation2/nav2_msgs) by extensions ['colcon_pkg']
[0.233s] Level 1:colcon.colcon_core.package_identification:_identify(src/navigation2/nav2_msgs) by extension 'colcon_pkg'
[0.233s] Level 1:colcon.colcon_core.package_identification:_identify(src/navigation2/nav2_msgs) by extensions ['colcon_meta']
[0.233s] Level 1:colcon.colcon_core.package_identification:_identify(src/navigation2/nav2_msgs) by extension 'colcon_meta'
[0.233s] Level 1:colcon.colcon_core.package_identification:_identify(src/navigation2/nav2_msgs) by extensions ['ros']
[0.233s] Level 1:colcon.colcon_core.package_identification:_identify(src/navigation2/nav2_msgs) by extension 'ros'
[0.234s] DEBUG:colcon.colcon_core.package_identification:Package 'src/navigation2/nav2_msgs' with type 'ros.ament_cmake' and name 'nav2_msgs'
[0.234s] Level 1:colcon.colcon_core.package_identification:_identify(src/navigation2/nav2_navfn_planner) by extensions ['ignore', 'ignore_ament_install']
[0.234s] Level 1:colcon.colcon_core.package_identification:_identify(src/navigation2/nav2_navfn_planner) by extension 'ignore'
[0.234s] Level 1:colcon.colcon_core.package_identification:_identify(src/navigation2/nav2_navfn_planner) by extension 'ignore_ament_install'
[0.234s] Level 1:colcon.colcon_core.package_identification:_identify(src/navigation2/nav2_navfn_planner) by extensions ['colcon_pkg']
[0.234s] Level 1:colcon.colcon_core.package_identification:_identify(src/navigation2/nav2_navfn_planner) by extension 'colcon_pkg'
[0.234s] Level 1:colcon.colcon_core.package_identification:_identify(src/navigation2/nav2_navfn_planner) by extensions ['colcon_meta']
[0.234s] Level 1:colcon.colcon_core.package_identification:_identify(src/navigation2/nav2_navfn_planner) by extension 'colcon_meta'
[0.234s] Level 1:colcon.colcon_core.package_identification:_identify(src/navigation2/nav2_navfn_planner) by extensions ['ros']
[0.234s] Level 1:colcon.colcon_core.package_identification:_identify(src/navigation2/nav2_navfn_planner) by extension 'ros'
[0.235s] DEBUG:colcon.colcon_core.package_identification:Package 'src/navigation2/nav2_navfn_planner' with type 'ros.ament_cmake' and name 'nav2_navfn_planner'
[0.235s] Level 1:colcon.colcon_core.package_identification:_identify(src/navigation2/nav2_planner) by extensions ['ignore', 'ignore_ament_install']
[0.236s] Level 1:colcon.colcon_core.package_identification:_identify(src/navigation2/nav2_planner) by extension 'ignore'
[0.236s] Level 1:colcon.colcon_core.package_identification:_identify(src/navigation2/nav2_planner) by extension 'ignore_ament_install'
[0.236s] Level 1:colcon.colcon_core.package_identification:_identify(src/navigation2/nav2_planner) by extensions ['colcon_pkg']
[0.236s] Level 1:colcon.colcon_core.package_identification:_identify(src/navigation2/nav2_planner) by extension 'colcon_pkg'
[0.236s] Level 1:colcon.colcon_core.package_identification:_identify(src/navigation2/nav2_planner) by extensions ['colcon_meta']
[0.236s] Level 1:colcon.colcon_core.package_identification:_identify(src/navigation2/nav2_planner) by extension 'colcon_meta'
[0.236s] Level 1:colcon.colcon_core.package_identification:_identify(src/navigation2/nav2_planner) by extensions ['ros']
[0.236s] Level 1:colcon.colcon_core.package_identification:_identify(src/navigation2/nav2_planner) by extension 'ros'
[0.236s] DEBUG:colcon.colcon_core.package_identification:Package 'src/navigation2/nav2_planner' with type 'ros.ament_cmake' and name 'nav2_planner'
[0.236s] Level 1:colcon.colcon_core.package_identification:_identify(src/navigation2/nav2_regulated_pure_pursuit_controller) by extensions ['ignore', 'ignore_ament_install']
[0.237s] Level 1:colcon.colcon_core.package_identification:_identify(src/navigation2/nav2_regulated_pure_pursuit_controller) by extension 'ignore'
[0.237s] Level 1:colcon.colcon_core.package_identification:_identify(src/navigation2/nav2_regulated_pure_pursuit_controller) by extension 'ignore_ament_install'
[0.237s] Level 1:colcon.colcon_core.package_identification:_identify(src/navigation2/nav2_regulated_pure_pursuit_controller) by extensions ['colcon_pkg']
[0.237s] Level 1:colcon.colcon_core.package_identification:_identify(src/navigation2/nav2_regulated_pure_pursuit_controller) by extension 'colcon_pkg'
[0.237s] Level 1:colcon.colcon_core.package_identification:_identify(src/navigation2/nav2_regulated_pure_pursuit_controller) by extensions ['colcon_meta']
[0.237s] Level 1:colcon.colcon_core.package_identification:_identify(src/navigation2/nav2_regulated_pure_pursuit_controller) by extension 'colcon_meta'
[0.237s] Level 1:colcon.colcon_core.package_identification:_identify(src/navigation2/nav2_regulated_pure_pursuit_controller) by extensions ['ros']
[0.237s] Level 1:colcon.colcon_core.package_identification:_identify(src/navigation2/nav2_regulated_pure_pursuit_controller) by extension 'ros'
[0.237s] DEBUG:colcon.colcon_core.package_identification:Package 'src/navigation2/nav2_regulated_pure_pursuit_controller' with type 'ros.ament_cmake' and name 'nav2_regulated_pure_pursuit_controller'
[0.238s] Level 1:colcon.colcon_core.package_identification:_identify(src/navigation2/nav2_rotation_shim_controller) by extensions ['ignore', 'ignore_ament_install']
[0.238s] Level 1:colcon.colcon_core.package_identification:_identify(src/navigation2/nav2_rotation_shim_controller) by extension 'ignore'
[0.238s] Level 1:colcon.colcon_core.package_identification:_identify(src/navigation2/nav2_rotation_shim_controller) by extension 'ignore_ament_install'
[0.238s] Level 1:colcon.colcon_core.package_identification:_identify(src/navigation2/nav2_rotation_shim_controller) by extensions ['colcon_pkg']
[0.238s] Level 1:colcon.colcon_core.package_identification:_identify(src/navigation2/nav2_rotation_shim_controller) by extension 'colcon_pkg'
[0.238s] Level 1:colcon.colcon_core.package_identification:_identify(src/navigation2/nav2_rotation_shim_controller) by extensions ['colcon_meta']
[0.238s] Level 1:colcon.colcon_core.package_identification:_identify(src/navigation2/nav2_rotation_shim_controller) by extension 'colcon_meta'
[0.238s] Level 1:colcon.colcon_core.package_identification:_identify(src/navigation2/nav2_rotation_shim_controller) by extensions ['ros']
[0.238s] Level 1:colcon.colcon_core.package_identification:_identify(src/navigation2/nav2_rotation_shim_controller) by extension 'ros'
[0.239s] DEBUG:colcon.colcon_core.package_identification:Package 'src/navigation2/nav2_rotation_shim_controller' with type 'ros.ament_cmake' and name 'nav2_rotation_shim_controller'
[0.239s] Level 1:colcon.colcon_core.package_identification:_identify(src/navigation2/nav2_rviz_plugins) by extensions ['ignore', 'ignore_ament_install']
[0.239s] Level 1:colcon.colcon_core.package_identification:_identify(src/navigation2/nav2_rviz_plugins) by extension 'ignore'
[0.239s] Level 1:colcon.colcon_core.package_identification:_identify(src/navigation2/nav2_rviz_plugins) by extension 'ignore_ament_install'
[0.239s] Level 1:colcon.colcon_core.package_identification:_identify(src/navigation2/nav2_rviz_plugins) by extensions ['colcon_pkg']
[0.239s] Level 1:colcon.colcon_core.package_identification:_identify(src/navigation2/nav2_rviz_plugins) by extension 'colcon_pkg'
[0.239s] Level 1:colcon.colcon_core.package_identification:_identify(src/navigation2/nav2_rviz_plugins) by extensions ['colcon_meta']
[0.239s] Level 1:colcon.colcon_core.package_identification:_identify(src/navigation2/nav2_rviz_plugins) by extension 'colcon_meta'
[0.239s] Level 1:colcon.colcon_core.package_identification:_identify(src/navigation2/nav2_rviz_plugins) by extensions ['ros']
[0.239s] Level 1:colcon.colcon_core.package_identification:_identify(src/navigation2/nav2_rviz_plugins) by extension 'ros'
[0.240s] DEBUG:colcon.colcon_core.package_identification:Package 'src/navigation2/nav2_rviz_plugins' with type 'ros.ament_cmake' and name 'nav2_rviz_plugins'
[0.240s] Level 1:colcon.colcon_core.package_identification:_identify(src/navigation2/nav2_simple_commander) by extensions ['ignore', 'ignore_ament_install']
[0.240s] Level 1:colcon.colcon_core.package_identification:_identify(src/navigation2/nav2_simple_commander) by extension 'ignore'
[0.241s] Level 1:colcon.colcon_core.package_identification:_identify(src/navigation2/nav2_simple_commander) by extension 'ignore_ament_install'
[0.241s] Level 1:colcon.colcon_core.package_identification:_identify(src/navigation2/nav2_simple_commander) by extensions ['colcon_pkg']
[0.241s] Level 1:colcon.colcon_core.package_identification:_identify(src/navigation2/nav2_simple_commander) by extension 'colcon_pkg'
[0.241s] Level 1:colcon.colcon_core.package_identification:_identify(src/navigation2/nav2_simple_commander) by extensions ['colcon_meta']
[0.241s] Level 1:colcon.colcon_core.package_identification:_identify(src/navigation2/nav2_simple_commander) by extension 'colcon_meta'
[0.241s] Level 1:colcon.colcon_core.package_identification:_identify(src/navigation2/nav2_simple_commander) by extensions ['ros']
[0.241s] Level 1:colcon.colcon_core.package_identification:_identify(src/navigation2/nav2_simple_commander) by extension 'ros'
[0.241s] DEBUG:colcon.colcon_core.package_identification:Package 'src/navigation2/nav2_simple_commander' with type 'ros.ament_python' and name 'nav2_simple_commander'
[0.241s] Level 1:colcon.colcon_core.package_identification:_identify(src/navigation2/nav2_smac_planner) by extensions ['ignore', 'ignore_ament_install']
[0.241s] Level 1:colcon.colcon_core.package_identification:_identify(src/navigation2/nav2_smac_planner) by extension 'ignore'
[0.241s] Level 1:colcon.colcon_core.package_identification:_identify(src/navigation2/nav2_smac_planner) by extension 'ignore_ament_install'
[0.241s] Level 1:colcon.colcon_core.package_identification:_identify(src/navigation2/nav2_smac_planner) by extensions ['colcon_pkg']
[0.241s] Level 1:colcon.colcon_core.package_identification:_identify(src/navigation2/nav2_smac_planner) by extension 'colcon_pkg'
[0.241s] Level 1:colcon.colcon_core.package_identification:_identify(src/navigation2/nav2_smac_planner) by extensions ['colcon_meta']
[0.241s] Level 1:colcon.colcon_core.package_identification:_identify(src/navigation2/nav2_smac_planner) by extension 'colcon_meta'
[0.241s] Level 1:colcon.colcon_core.package_identification:_identify(src/navigation2/nav2_smac_planner) by extensions ['ros']
[0.241s] Level 1:colcon.colcon_core.package_identification:_identify(src/navigation2/nav2_smac_planner) by extension 'ros'
[0.242s] DEBUG:colcon.colcon_core.package_identification:Package 'src/navigation2/nav2_smac_planner' with type 'ros.ament_cmake' and name 'nav2_smac_planner'
[0.243s] Level 1:colcon.colcon_core.package_identification:_identify(src/navigation2/nav2_smoother) by extensions ['ignore', 'ignore_ament_install']
[0.243s] Level 1:colcon.colcon_core.package_identification:_identify(src/navigation2/nav2_smoother) by extension 'ignore'
[0.243s] Level 1:colcon.colcon_core.package_identification:_identify(src/navigation2/nav2_smoother) by extension 'ignore_ament_install'
[0.243s] Level 1:colcon.colcon_core.package_identification:_identify(src/navigation2/nav2_smoother) by extensions ['colcon_pkg']
[0.243s] Level 1:colcon.colcon_core.package_identification:_identify(src/navigation2/nav2_smoother) by extension 'colcon_pkg'
[0.243s] Level 1:colcon.colcon_core.package_identification:_identify(src/navigation2/nav2_smoother) by extensions ['colcon_meta']
[0.243s] Level 1:colcon.colcon_core.package_identification:_identify(src/navigation2/nav2_smoother) by extension 'colcon_meta'
[0.243s] Level 1:colcon.colcon_core.package_identification:_identify(src/navigation2/nav2_smoother) by extensions ['ros']
[0.243s] Level 1:colcon.colcon_core.package_identification:_identify(src/navigation2/nav2_smoother) by extension 'ros'
[0.244s] DEBUG:colcon.colcon_core.package_identification:Package 'src/navigation2/nav2_smoother' with type 'ros.ament_cmake' and name 'nav2_smoother'
[0.244s] Level 1:colcon.colcon_core.package_identification:_identify(src/navigation2/nav2_system_tests) by extensions ['ignore', 'ignore_ament_install']
[0.244s] Level 1:colcon.colcon_core.package_identification:_identify(src/navigation2/nav2_system_tests) by extension 'ignore'
[0.244s] Level 1:colcon.colcon_core.package_identification:_identify(src/navigation2/nav2_system_tests) by extension 'ignore_ament_install'
[0.244s] Level 1:colcon.colcon_core.package_identification:_identify(src/navigation2/nav2_system_tests) by extensions ['colcon_pkg']
[0.244s] Level 1:colcon.colcon_core.package_identification:_identify(src/navigation2/nav2_system_tests) by extension 'colcon_pkg'
[0.244s] Level 1:colcon.colcon_core.package_identification:_identify(src/navigation2/nav2_system_tests) by extensions ['colcon_meta']
[0.244s] Level 1:colcon.colcon_core.package_identification:_identify(src/navigation2/nav2_system_tests) by extension 'colcon_meta'
[0.244s] Level 1:colcon.colcon_core.package_identification:_identify(src/navigation2/nav2_system_tests) by extensions ['ros']
[0.244s] Level 1:colcon.colcon_core.package_identification:_identify(src/navigation2/nav2_system_tests) by extension 'ros'
[0.245s] DEBUG:colcon.colcon_core.package_identification:Package 'src/navigation2/nav2_system_tests' with type 'ros.ament_cmake' and name 'nav2_system_tests'
[0.245s] Level 1:colcon.colcon_core.package_identification:_identify(src/navigation2/nav2_theta_star_planner) by extensions ['ignore', 'ignore_ament_install']
[0.245s] Level 1:colcon.colcon_core.package_identification:_identify(src/navigation2/nav2_theta_star_planner) by extension 'ignore'
[0.245s] Level 1:colcon.colcon_core.package_identification:_identify(src/navigation2/nav2_theta_star_planner) by extension 'ignore_ament_install'
[0.245s] Level 1:colcon.colcon_core.package_identification:_identify(src/navigation2/nav2_theta_star_planner) by extensions ['colcon_pkg']
[0.245s] Level 1:colcon.colcon_core.package_identification:_identify(src/navigation2/nav2_theta_star_planner) by extension 'colcon_pkg'
[0.245s] Level 1:colcon.colcon_core.package_identification:_identify(src/navigation2/nav2_theta_star_planner) by extensions ['colcon_meta']
[0.245s] Level 1:colcon.colcon_core.package_identification:_identify(src/navigation2/nav2_theta_star_planner) by extension 'colcon_meta'
[0.245s] Level 1:colcon.colcon_core.package_identification:_identify(src/navigation2/nav2_theta_star_planner) by extensions ['ros']
[0.245s] Level 1:colcon.colcon_core.package_identification:_identify(src/navigation2/nav2_theta_star_planner) by extension 'ros'
[0.246s] DEBUG:colcon.colcon_core.package_identification:Package 'src/navigation2/nav2_theta_star_planner' with type 'ros.ament_cmake' and name 'nav2_theta_star_planner'
[0.246s] Level 1:colcon.colcon_core.package_identification:_identify(src/navigation2/nav2_util) by extensions ['ignore', 'ignore_ament_install']
[0.246s] Level 1:colcon.colcon_core.package_identification:_identify(src/navigation2/nav2_util) by extension 'ignore'
[0.246s] Level 1:colcon.colcon_core.package_identification:_identify(src/navigation2/nav2_util) by extension 'ignore_ament_install'
[0.246s] Level 1:colcon.colcon_core.package_identification:_identify(src/navigation2/nav2_util) by extensions ['colcon_pkg']
[0.246s] Level 1:colcon.colcon_core.package_identification:_identify(src/navigation2/nav2_util) by extension 'colcon_pkg'
[0.247s] Level 1:colcon.colcon_core.package_identification:_identify(src/navigation2/nav2_util) by extensions ['colcon_meta']
[0.247s] Level 1:colcon.colcon_core.package_identification:_identify(src/navigation2/nav2_util) by extension 'colcon_meta'
[0.247s] Level 1:colcon.colcon_core.package_identification:_identify(src/navigation2/nav2_util) by extensions ['ros']
[0.247s] Level 1:colcon.colcon_core.package_identification:_identify(src/navigation2/nav2_util) by extension 'ros'
[0.248s] DEBUG:colcon.colcon_core.package_identification:Package 'src/navigation2/nav2_util' with type 'ros.ament_cmake' and name 'nav2_util'
[0.248s] Level 1:colcon.colcon_core.package_identification:_identify(src/navigation2/nav2_velocity_smoother) by extensions ['ignore', 'ignore_ament_install']
[0.248s] Level 1:colcon.colcon_core.package_identification:_identify(src/navigation2/nav2_velocity_smoother) by extension 'ignore'
[0.248s] Level 1:colcon.colcon_core.package_identification:_identify(src/navigation2/nav2_velocity_smoother) by extension 'ignore_ament_install'
[0.248s] Level 1:colcon.colcon_core.package_identification:_identify(src/navigation2/nav2_velocity_smoother) by extensions ['colcon_pkg']
[0.248s] Level 1:colcon.colcon_core.package_identification:_identify(src/navigation2/nav2_velocity_smoother) by extension 'colcon_pkg'
[0.248s] Level 1:colcon.colcon_core.package_identification:_identify(src/navigation2/nav2_velocity_smoother) by extensions ['colcon_meta']
[0.248s] Level 1:colcon.colcon_core.package_identification:_identify(src/navigation2/nav2_velocity_smoother) by extension 'colcon_meta'
[0.248s] Level 1:colcon.colcon_core.package_identification:_identify(src/navigation2/nav2_velocity_smoother) by extensions ['ros']
[0.248s] Level 1:colcon.colcon_core.package_identification:_identify(src/navigation2/nav2_velocity_smoother) by extension 'ros'
[0.248s] DEBUG:colcon.colcon_core.package_identification:Package 'src/navigation2/nav2_velocity_smoother' with type 'ros.ament_cmake' and name 'nav2_velocity_smoother'
[0.249s] Level 1:colcon.colcon_core.package_identification:_identify(src/navigation2/nav2_voxel_grid) by extensions ['ignore', 'ignore_ament_install']
[0.249s] Level 1:colcon.colcon_core.package_identification:_identify(src/navigation2/nav2_voxel_grid) by extension 'ignore'
[0.249s] Level 1:colcon.colcon_core.package_identification:_identify(src/navigation2/nav2_voxel_grid) by extension 'ignore_ament_install'
[0.249s] Level 1:colcon.colcon_core.package_identification:_identify(src/navigation2/nav2_voxel_grid) by extensions ['colcon_pkg']
[0.249s] Level 1:colcon.colcon_core.package_identification:_identify(src/navigation2/nav2_voxel_grid) by extension 'colcon_pkg'
[0.249s] Level 1:colcon.colcon_core.package_identification:_identify(src/navigation2/nav2_voxel_grid) by extensions ['colcon_meta']
[0.249s] Level 1:colcon.colcon_core.package_identification:_identify(src/navigation2/nav2_voxel_grid) by extension 'colcon_meta'
[0.249s] Level 1:colcon.colcon_core.package_identification:_identify(src/navigation2/nav2_voxel_grid) by extensions ['ros']
[0.249s] Level 1:colcon.colcon_core.package_identification:_identify(src/navigation2/nav2_voxel_grid) by extension 'ros'
[0.249s] DEBUG:colcon.colcon_core.package_identification:Package 'src/navigation2/nav2_voxel_grid' with type 'ros.ament_cmake' and name 'nav2_voxel_grid'
[0.249s] Level 1:colcon.colcon_core.package_identification:_identify(src/navigation2/nav2_waypoint_follower) by extensions ['ignore', 'ignore_ament_install']
[0.249s] Level 1:colcon.colcon_core.package_identification:_identify(src/navigation2/nav2_waypoint_follower) by extension 'ignore'
[0.250s] Level 1:colcon.colcon_core.package_identification:_identify(src/navigation2/nav2_waypoint_follower) by extension 'ignore_ament_install'
[0.250s] Level 1:colcon.colcon_core.package_identification:_identify(src/navigation2/nav2_waypoint_follower) by extensions ['colcon_pkg']
[0.250s] Level 1:colcon.colcon_core.package_identification:_identify(src/navigation2/nav2_waypoint_follower) by extension 'colcon_pkg'
[0.250s] Level 1:colcon.colcon_core.package_identification:_identify(src/navigation2/nav2_waypoint_follower) by extensions ['colcon_meta']
[0.250s] Level 1:colcon.colcon_core.package_identification:_identify(src/navigation2/nav2_waypoint_follower) by extension 'colcon_meta'
[0.250s] Level 1:colcon.colcon_core.package_identification:_identify(src/navigation2/nav2_waypoint_follower) by extensions ['ros']
[0.250s] Level 1:colcon.colcon_core.package_identification:_identify(src/navigation2/nav2_waypoint_follower) by extension 'ros'
[0.251s] DEBUG:colcon.colcon_core.package_identification:Package 'src/navigation2/nav2_waypoint_follower' with type 'ros.ament_cmake' and name 'nav2_waypoint_follower'
[0.251s] Level 1:colcon.colcon_core.package_identification:_identify(src/navigation2/navigation2) by extensions ['ignore', 'ignore_ament_install']
[0.251s] Level 1:colcon.colcon_core.package_identification:_identify(src/navigation2/navigation2) by extension 'ignore'
[0.251s] Level 1:colcon.colcon_core.package_identification:_identify(src/navigation2/navigation2) by extension 'ignore_ament_install'
[0.251s] Level 1:colcon.colcon_core.package_identification:_identify(src/navigation2/navigation2) by extensions ['colcon_pkg']
[0.251s] Level 1:colcon.colcon_core.package_identification:_identify(src/navigation2/navigation2) by extension 'colcon_pkg'
[0.251s] Level 1:colcon.colcon_core.package_identification:_identify(src/navigation2/navigation2) by extensions ['colcon_meta']
[0.251s] Level 1:colcon.colcon_core.package_identification:_identify(src/navigation2/navigation2) by extension 'colcon_meta'
[0.251s] Level 1:colcon.colcon_core.package_identification:_identify(src/navigation2/navigation2) by extensions ['ros']
[0.251s] Level 1:colcon.colcon_core.package_identification:_identify(src/navigation2/navigation2) by extension 'ros'
[0.252s] DEBUG:colcon.colcon_core.package_identification:Package 'src/navigation2/navigation2' with type 'ros.ament_cmake' and name 'navigation2'
[0.252s] Level 1:colcon.colcon_core.package_identification:_identify(src/navigation2/tools) by extensions ['ignore', 'ignore_ament_install']
[0.252s] Level 1:colcon.colcon_core.package_identification:_identify(src/navigation2/tools) by extension 'ignore'
[0.252s] Level 1:colcon.colcon_core.package_identification:_identify(src/navigation2/tools) by extension 'ignore_ament_install'
[0.252s] Level 1:colcon.colcon_core.package_identification:_identify(src/navigation2/tools) by extensions ['colcon_pkg']
[0.252s] Level 1:colcon.colcon_core.package_identification:_identify(src/navigation2/tools) by extension 'colcon_pkg'
[0.252s] Level 1:colcon.colcon_core.package_identification:_identify(src/navigation2/tools) by extensions ['colcon_meta']
[0.252s] Level 1:colcon.colcon_core.package_identification:_identify(src/navigation2/tools) by extension 'colcon_meta'
[0.252s] Level 1:colcon.colcon_core.package_identification:_identify(src/navigation2/tools) by extensions ['ros']
[0.252s] Level 1:colcon.colcon_core.package_identification:_identify(src/navigation2/tools) by extension 'ros'
[0.252s] Level 1:colcon.colcon_core.package_identification:_identify(src/navigation2/tools) by extensions ['cmake', 'python']
[0.252s] Level 1:colcon.colcon_core.package_identification:_identify(src/navigation2/tools) by extension 'cmake'
[0.252s] Level 1:colcon.colcon_core.package_identification:_identify(src/navigation2/tools) by extension 'python'
[0.252s] Level 1:colcon.colcon_core.package_identification:_identify(src/navigation2/tools) by extensions ['python_setup_py']
[0.252s] Level 1:colcon.colcon_core.package_identification:_identify(src/navigation2/tools) by extension 'python_setup_py'
[0.252s] Level 1:colcon.colcon_core.package_identification:_identify(src/navigation2/tools/planner_benchmarking) by extensions ['ignore', 'ignore_ament_install']
[0.252s] Level 1:colcon.colcon_core.package_identification:_identify(src/navigation2/tools/planner_benchmarking) by extension 'ignore'
[0.252s] Level 1:colcon.colcon_core.package_identification:_identify(src/navigation2/tools/planner_benchmarking) by extension 'ignore_ament_install'
[0.252s] Level 1:colcon.colcon_core.package_identification:_identify(src/navigation2/tools/planner_benchmarking) by extensions ['colcon_pkg']
[0.252s] Level 1:colcon.colcon_core.package_identification:_identify(src/navigation2/tools/planner_benchmarking) by extension 'colcon_pkg'
[0.252s] Level 1:colcon.colcon_core.package_identification:_identify(src/navigation2/tools/planner_benchmarking) by extensions ['colcon_meta']
[0.252s] Level 1:colcon.colcon_core.package_identification:_identify(src/navigation2/tools/planner_benchmarking) by extension 'colcon_meta'
[0.252s] Level 1:colcon.colcon_core.package_identification:_identify(src/navigation2/tools/planner_benchmarking) by extensions ['ros']
[0.252s] Level 1:colcon.colcon_core.package_identification:_identify(src/navigation2/tools/planner_benchmarking) by extension 'ros'
[0.252s] Level 1:colcon.colcon_core.package_identification:_identify(src/navigation2/tools/planner_benchmarking) by extensions ['cmake', 'python']
[0.252s] Level 1:colcon.colcon_core.package_identification:_identify(src/navigation2/tools/planner_benchmarking) by extension 'cmake'
[0.252s] Level 1:colcon.colcon_core.package_identification:_identify(src/navigation2/tools/planner_benchmarking) by extension 'python'
[0.252s] Level 1:colcon.colcon_core.package_identification:_identify(src/navigation2/tools/planner_benchmarking) by extensions ['python_setup_py']
[0.252s] Level 1:colcon.colcon_core.package_identification:_identify(src/navigation2/tools/planner_benchmarking) by extension 'python_setup_py'
[0.253s] Level 1:colcon.colcon_core.package_identification:_identify(src/navigation2/tools/smoother_benchmarking) by extensions ['ignore', 'ignore_ament_install']
[0.253s] Level 1:colcon.colcon_core.package_identification:_identify(src/navigation2/tools/smoother_benchmarking) by extension 'ignore'
[0.253s] Level 1:colcon.colcon_core.package_identification:_identify(src/navigation2/tools/smoother_benchmarking) by extension 'ignore_ament_install'
[0.253s] Level 1:colcon.colcon_core.package_identification:_identify(src/navigation2/tools/smoother_benchmarking) by extensions ['colcon_pkg']
[0.253s] Level 1:colcon.colcon_core.package_identification:_identify(src/navigation2/tools/smoother_benchmarking) by extension 'colcon_pkg'
[0.253s] Level 1:colcon.colcon_core.package_identification:_identify(src/navigation2/tools/smoother_benchmarking) by extensions ['colcon_meta']
[0.253s] Level 1:colcon.colcon_core.package_identification:_identify(src/navigation2/tools/smoother_benchmarking) by extension 'colcon_meta'
[0.253s] Level 1:colcon.colcon_core.package_identification:_identify(src/navigation2/tools/smoother_benchmarking) by extensions ['ros']
[0.253s] Level 1:colcon.colcon_core.package_identification:_identify(src/navigation2/tools/smoother_benchmarking) by extension 'ros'
[0.253s] Level 1:colcon.colcon_core.package_identification:_identify(src/navigation2/tools/smoother_benchmarking) by extensions ['cmake', 'python']
[0.253s] Level 1:colcon.colcon_core.package_identification:_identify(src/navigation2/tools/smoother_benchmarking) by extension 'cmake'
[0.253s] Level 1:colcon.colcon_core.package_identification:_identify(src/navigation2/tools/smoother_benchmarking) by extension 'python'
[0.253s] Level 1:colcon.colcon_core.package_identification:_identify(src/navigation2/tools/smoother_benchmarking) by extensions ['python_setup_py']
[0.253s] Level 1:colcon.colcon_core.package_identification:_identify(src/navigation2/tools/smoother_benchmarking) by extension 'python_setup_py'
[0.253s] Level 1:colcon.colcon_core.package_identification:_identify(src/navigation2/tools/smoother_benchmarking/maps) by extensions ['ignore', 'ignore_ament_install']
[0.253s] Level 1:colcon.colcon_core.package_identification:_identify(src/navigation2/tools/smoother_benchmarking/maps) by extension 'ignore'
[0.253s] Level 1:colcon.colcon_core.package_identification:_identify(src/navigation2/tools/smoother_benchmarking/maps) by extension 'ignore_ament_install'
[0.253s] Level 1:colcon.colcon_core.package_identification:_identify(src/navigation2/tools/smoother_benchmarking/maps) by extensions ['colcon_pkg']
[0.253s] Level 1:colcon.colcon_core.package_identification:_identify(src/navigation2/tools/smoother_benchmarking/maps) by extension 'colcon_pkg'
[0.253s] Level 1:colcon.colcon_core.package_identification:_identify(src/navigation2/tools/smoother_benchmarking/maps) by extensions ['colcon_meta']
[0.253s] Level 1:colcon.colcon_core.package_identification:_identify(src/navigation2/tools/smoother_benchmarking/maps) by extension 'colcon_meta'
[0.253s] Level 1:colcon.colcon_core.package_identification:_identify(src/navigation2/tools/smoother_benchmarking/maps) by extensions ['ros']
[0.253s] Level 1:colcon.colcon_core.package_identification:_identify(src/navigation2/tools/smoother_benchmarking/maps) by extension 'ros'
[0.253s] Level 1:colcon.colcon_core.package_identification:_identify(src/navigation2/tools/smoother_benchmarking/maps) by extensions ['cmake', 'python']
[0.253s] Level 1:colcon.colcon_core.package_identification:_identify(src/navigation2/tools/smoother_benchmarking/maps) by extension 'cmake'
[0.253s] Level 1:colcon.colcon_core.package_identification:_identify(src/navigation2/tools/smoother_benchmarking/maps) by extension 'python'
[0.253s] Level 1:colcon.colcon_core.package_identification:_identify(src/navigation2/tools/smoother_benchmarking/maps) by extensions ['python_setup_py']
[0.253s] Level 1:colcon.colcon_core.package_identification:_identify(src/navigation2/tools/smoother_benchmarking/maps) by extension 'python_setup_py'
[0.253s] Level 1:colcon.colcon_core.package_identification:_identify(src/tortoisebot) by extensions ['ignore', 'ignore_ament_install']
[0.254s] Level 1:colcon.colcon_core.package_identification:_identify(src/tortoisebot) by extension 'ignore'
[0.254s] Level 1:colcon.colcon_core.package_identification:_identify(src/tortoisebot) by extension 'ignore_ament_install'
[0.254s] Level 1:colcon.colcon_core.package_identification:_identify(src/tortoisebot) by extensions ['colcon_pkg']
[0.254s] Level 1:colcon.colcon_core.package_identification:_identify(src/tortoisebot) by extension 'colcon_pkg'
[0.254s] Level 1:colcon.colcon_core.package_identification:_identify(src/tortoisebot) by extensions ['colcon_meta']
[0.254s] Level 1:colcon.colcon_core.package_identification:_identify(src/tortoisebot) by extension 'colcon_meta'
[0.254s] Level 1:colcon.colcon_core.package_identification:_identify(src/tortoisebot) by extensions ['ros']
[0.254s] Level 1:colcon.colcon_core.package_identification:_identify(src/tortoisebot) by extension 'ros'
[0.254s] Level 1:colcon.colcon_core.package_identification:_identify(src/tortoisebot) by extensions ['cmake', 'python']
[0.254s] Level 1:colcon.colcon_core.package_identification:_identify(src/tortoisebot) by extension 'cmake'
[0.254s] Level 1:colcon.colcon_core.package_identification:_identify(src/tortoisebot) by extension 'python'
[0.254s] Level 1:colcon.colcon_core.package_identification:_identify(src/tortoisebot) by extensions ['python_setup_py']
[0.254s] Level 1:colcon.colcon_core.package_identification:_identify(src/tortoisebot) by extension 'python_setup_py'
[0.254s] Level 1:colcon.colcon_core.package_identification:_identify(src/tortoisebot/YDLidar-SDK) by extensions ['ignore', 'ignore_ament_install']
[0.254s] Level 1:colcon.colcon_core.package_identification:_identify(src/tortoisebot/YDLidar-SDK) by extension 'ignore'
[0.254s] Level 1:colcon.colcon_core.package_identification:_identify(src/tortoisebot/YDLidar-SDK) by extension 'ignore_ament_install'
[0.254s] Level 1:colcon.colcon_core.package_identification:_identify(src/tortoisebot/YDLidar-SDK) by extensions ['colcon_pkg']
[0.254s] Level 1:colcon.colcon_core.package_identification:_identify(src/tortoisebot/YDLidar-SDK) by extension 'colcon_pkg'
[0.254s] Level 1:colcon.colcon_core.package_identification:_identify(src/tortoisebot/YDLidar-SDK) by extensions ['colcon_meta']
[0.254s] Level 1:colcon.colcon_core.package_identification:_identify(src/tortoisebot/YDLidar-SDK) by extension 'colcon_meta'
[0.254s] Level 1:colcon.colcon_core.package_identification:_identify(src/tortoisebot/YDLidar-SDK) by extensions ['ros']
[0.254s] Level 1:colcon.colcon_core.package_identification:_identify(src/tortoisebot/YDLidar-SDK) by extension 'ros'
[0.254s] Level 1:colcon.colcon_core.package_identification:_identify(src/tortoisebot/YDLidar-SDK) by extensions ['cmake', 'python']
[0.254s] Level 1:colcon.colcon_core.package_identification:_identify(src/tortoisebot/YDLidar-SDK) by extension 'cmake'
[0.265s] Level 1:colcon.colcon_core.package_identification:_identify(src/tortoisebot/YDLidar-SDK) by extension 'python'
[0.265s] DEBUG:colcon.colcon_core.package_identification:Package 'src/tortoisebot/YDLidar-SDK' with type 'cmake' and name 'ydlidar_sdk'
[0.265s] Level 1:colcon.colcon_core.package_identification:_identify(src/tortoisebot/maps) by extensions ['ignore', 'ignore_ament_install']
[0.265s] Level 1:colcon.colcon_core.package_identification:_identify(src/tortoisebot/maps) by extension 'ignore'
[0.265s] Level 1:colcon.colcon_core.package_identification:_identify(src/tortoisebot/maps) by extension 'ignore_ament_install'
[0.265s] Level 1:colcon.colcon_core.package_identification:_identify(src/tortoisebot/maps) by extensions ['colcon_pkg']
[0.265s] Level 1:colcon.colcon_core.package_identification:_identify(src/tortoisebot/maps) by extension 'colcon_pkg'
[0.265s] Level 1:colcon.colcon_core.package_identification:_identify(src/tortoisebot/maps) by extensions ['colcon_meta']
[0.265s] Level 1:colcon.colcon_core.package_identification:_identify(src/tortoisebot/maps) by extension 'colcon_meta'
[0.265s] Level 1:colcon.colcon_core.package_identification:_identify(src/tortoisebot/maps) by extensions ['ros']
[0.265s] Level 1:colcon.colcon_core.package_identification:_identify(src/tortoisebot/maps) by extension 'ros'
[0.265s] Level 1:colcon.colcon_core.package_identification:_identify(src/tortoisebot/maps) by extensions ['cmake', 'python']
[0.265s] Level 1:colcon.colcon_core.package_identification:_identify(src/tortoisebot/maps) by extension 'cmake'
[0.265s] Level 1:colcon.colcon_core.package_identification:_identify(src/tortoisebot/maps) by extension 'python'
[0.265s] Level 1:colcon.colcon_core.package_identification:_identify(src/tortoisebot/maps) by extensions ['python_setup_py']
[0.265s] Level 1:colcon.colcon_core.package_identification:_identify(src/tortoisebot/maps) by extension 'python_setup_py'
[0.265s] Level 1:colcon.colcon_core.package_identification:_identify(src/tortoisebot/tortoisebot_bringup) by extensions ['ignore', 'ignore_ament_install']
[0.265s] Level 1:colcon.colcon_core.package_identification:_identify(src/tortoisebot/tortoisebot_bringup) by extension 'ignore'
[0.265s] Level 1:colcon.colcon_core.package_identification:_identify(src/tortoisebot/tortoisebot_bringup) by extension 'ignore_ament_install'
[0.265s] Level 1:colcon.colcon_core.package_identification:_identify(src/tortoisebot/tortoisebot_bringup) by extensions ['colcon_pkg']
[0.265s] Level 1:colcon.colcon_core.package_identification:_identify(src/tortoisebot/tortoisebot_bringup) by extension 'colcon_pkg'
[0.265s] Level 1:colcon.colcon_core.package_identification:_identify(src/tortoisebot/tortoisebot_bringup) by extensions ['colcon_meta']
[0.265s] Level 1:colcon.colcon_core.package_identification:_identify(src/tortoisebot/tortoisebot_bringup) by extension 'colcon_meta'
[0.265s] Level 1:colcon.colcon_core.package_identification:_identify(src/tortoisebot/tortoisebot_bringup) by extensions ['ros']
[0.266s] Level 1:colcon.colcon_core.package_identification:_identify(src/tortoisebot/tortoisebot_bringup) by extension 'ros'
[0.266s] DEBUG:colcon.colcon_core.package_identification:Package 'src/tortoisebot/tortoisebot_bringup' with type 'ros.ament_cmake' and name 'tortoisebot_bringup'
[0.266s] Level 1:colcon.colcon_core.package_identification:_identify(src/tortoisebot/tortoisebot_control) by extensions ['ignore', 'ignore_ament_install']
[0.266s] Level 1:colcon.colcon_core.package_identification:_identify(src/tortoisebot/tortoisebot_control) by extension 'ignore'
[0.266s] Level 1:colcon.colcon_core.package_identification:_identify(src/tortoisebot/tortoisebot_control) by extension 'ignore_ament_install'
[0.266s] Level 1:colcon.colcon_core.package_identification:_identify(src/tortoisebot/tortoisebot_control) by extensions ['colcon_pkg']
[0.266s] Level 1:colcon.colcon_core.package_identification:_identify(src/tortoisebot/tortoisebot_control) by extension 'colcon_pkg'
[0.266s] Level 1:colcon.colcon_core.package_identification:_identify(src/tortoisebot/tortoisebot_control) by extensions ['colcon_meta']
[0.266s] Level 1:colcon.colcon_core.package_identification:_identify(src/tortoisebot/tortoisebot_control) by extension 'colcon_meta'
[0.266s] Level 1:colcon.colcon_core.package_identification:_identify(src/tortoisebot/tortoisebot_control) by extensions ['ros']
[0.266s] Level 1:colcon.colcon_core.package_identification:_identify(src/tortoisebot/tortoisebot_control) by extension 'ros'
[0.267s] DEBUG:colcon.colcon_core.package_identification:Package 'src/tortoisebot/tortoisebot_control' with type 'ros.ament_python' and name 'tortoisebot_control'
[0.267s] Level 1:colcon.colcon_core.package_identification:_identify(src/tortoisebot/tortoisebot_description) by extensions ['ignore', 'ignore_ament_install']
[0.267s] Level 1:colcon.colcon_core.package_identification:_identify(src/tortoisebot/tortoisebot_description) by extension 'ignore'
[0.267s] Level 1:colcon.colcon_core.package_identification:_identify(src/tortoisebot/tortoisebot_description) by extension 'ignore_ament_install'
[0.267s] Level 1:colcon.colcon_core.package_identification:_identify(src/tortoisebot/tortoisebot_description) by extensions ['colcon_pkg']
[0.267s] Level 1:colcon.colcon_core.package_identification:_identify(src/tortoisebot/tortoisebot_description) by extension 'colcon_pkg'
[0.267s] Level 1:colcon.colcon_core.package_identification:_identify(src/tortoisebot/tortoisebot_description) by extensions ['colcon_meta']
[0.267s] Level 1:colcon.colcon_core.package_identification:_identify(src/tortoisebot/tortoisebot_description) by extension 'colcon_meta'
[0.267s] Level 1:colcon.colcon_core.package_identification:_identify(src/tortoisebot/tortoisebot_description) by extensions ['ros']
[0.267s] Level 1:colcon.colcon_core.package_identification:_identify(src/tortoisebot/tortoisebot_description) by extension 'ros'
[0.267s] DEBUG:colcon.colcon_core.package_identification:Package 'src/tortoisebot/tortoisebot_description' with type 'ros.ament_cmake' and name 'tortoisebot_description'
[0.267s] Level 1:colcon.colcon_core.package_identification:_identify(src/tortoisebot/tortoisebot_firmware) by extensions ['ignore', 'ignore_ament_install']
[0.267s] Level 1:colcon.colcon_core.package_identification:_identify(src/tortoisebot/tortoisebot_firmware) by extension 'ignore'
[0.267s] Level 1:colcon.colcon_core.package_identification:_identify(src/tortoisebot/tortoisebot_firmware) by extension 'ignore_ament_install'
[0.267s] Level 1:colcon.colcon_core.package_identification:_identify(src/tortoisebot/tortoisebot_firmware) by extensions ['colcon_pkg']
[0.268s] Level 1:colcon.colcon_core.package_identification:_identify(src/tortoisebot/tortoisebot_firmware) by extension 'colcon_pkg'
[0.268s] Level 1:colcon.colcon_core.package_identification:_identify(src/tortoisebot/tortoisebot_firmware) by extensions ['colcon_meta']
[0.268s] Level 1:colcon.colcon_core.package_identification:_identify(src/tortoisebot/tortoisebot_firmware) by extension 'colcon_meta'
[0.268s] Level 1:colcon.colcon_core.package_identification:_identify(src/tortoisebot/tortoisebot_firmware) by extensions ['ros']
[0.268s] Level 1:colcon.colcon_core.package_identification:_identify(src/tortoisebot/tortoisebot_firmware) by extension 'ros'
[0.268s] DEBUG:colcon.colcon_core.package_identification:Package 'src/tortoisebot/tortoisebot_firmware' with type 'ros.ament_cmake' and name 'tortoisebot_firmware'
[0.268s] Level 1:colcon.colcon_core.package_identification:_identify(src/tortoisebot/tortoisebot_gazebo) by extensions ['ignore', 'ignore_ament_install']
[0.268s] Level 1:colcon.colcon_core.package_identification:_identify(src/tortoisebot/tortoisebot_gazebo) by extension 'ignore'
[0.268s] Level 1:colcon.colcon_core.package_identification:_identify(src/tortoisebot/tortoisebot_gazebo) by extension 'ignore_ament_install'
[0.268s] Level 1:colcon.colcon_core.package_identification:_identify(src/tortoisebot/tortoisebot_gazebo) by extensions ['colcon_pkg']
[0.268s] Level 1:colcon.colcon_core.package_identification:_identify(src/tortoisebot/tortoisebot_gazebo) by extension 'colcon_pkg'
[0.268s] Level 1:colcon.colcon_core.package_identification:_identify(src/tortoisebot/tortoisebot_gazebo) by extensions ['colcon_meta']
[0.268s] Level 1:colcon.colcon_core.package_identification:_identify(src/tortoisebot/tortoisebot_gazebo) by extension 'colcon_meta'
[0.268s] Level 1:colcon.colcon_core.package_identification:_identify(src/tortoisebot/tortoisebot_gazebo) by extensions ['ros']
[0.268s] Level 1:colcon.colcon_core.package_identification:_identify(src/tortoisebot/tortoisebot_gazebo) by extension 'ros'
[0.269s] DEBUG:colcon.colcon_core.package_identification:Package 'src/tortoisebot/tortoisebot_gazebo' with type 'ros.ament_cmake' and name 'tortoisebot_gazebo'
[0.269s] Level 1:colcon.colcon_core.package_identification:_identify(src/tortoisebot/tortoisebot_navigation) by extensions ['ignore', 'ignore_ament_install']
[0.269s] Level 1:colcon.colcon_core.package_identification:_identify(src/tortoisebot/tortoisebot_navigation) by extension 'ignore'
[0.269s] Level 1:colcon.colcon_core.package_identification:_identify(src/tortoisebot/tortoisebot_navigation) by extension 'ignore_ament_install'
[0.269s] Level 1:colcon.colcon_core.package_identification:_identify(src/tortoisebot/tortoisebot_navigation) by extensions ['colcon_pkg']
[0.269s] Level 1:colcon.colcon_core.package_identification:_identify(src/tortoisebot/tortoisebot_navigation) by extension 'colcon_pkg'
[0.269s] Level 1:colcon.colcon_core.package_identification:_identify(src/tortoisebot/tortoisebot_navigation) by extensions ['colcon_meta']
[0.269s] Level 1:colcon.colcon_core.package_identification:_identify(src/tortoisebot/tortoisebot_navigation) by extension 'colcon_meta'
[0.269s] Level 1:colcon.colcon_core.package_identification:_identify(src/tortoisebot/tortoisebot_navigation) by extensions ['ros']
[0.269s] Level 1:colcon.colcon_core.package_identification:_identify(src/tortoisebot/tortoisebot_navigation) by extension 'ros'
[0.269s] DEBUG:colcon.colcon_core.package_identification:Package 'src/tortoisebot/tortoisebot_navigation' with type 'ros.ament_cmake' and name 'tortoisebot_navigation'
[0.269s] Level 1:colcon.colcon_core.package_identification:_identify(src/tortoisebot/tortoisebot_slam) by extensions ['ignore', 'ignore_ament_install']
[0.270s] Level 1:colcon.colcon_core.package_identification:_identify(src/tortoisebot/tortoisebot_slam) by extension 'ignore'
[0.270s] Level 1:colcon.colcon_core.package_identification:_identify(src/tortoisebot/tortoisebot_slam) by extension 'ignore_ament_install'
[0.270s] Level 1:colcon.colcon_core.package_identification:_identify(src/tortoisebot/tortoisebot_slam) by extensions ['colcon_pkg']
[0.270s] Level 1:colcon.colcon_core.package_identification:_identify(src/tortoisebot/tortoisebot_slam) by extension 'colcon_pkg'
[0.270s] Level 1:colcon.colcon_core.package_identification:_identify(src/tortoisebot/tortoisebot_slam) by extensions ['colcon_meta']
[0.270s] Level 1:colcon.colcon_core.package_identification:_identify(src/tortoisebot/tortoisebot_slam) by extension 'colcon_meta'
[0.270s] Level 1:colcon.colcon_core.package_identification:_identify(src/tortoisebot/tortoisebot_slam) by extensions ['ros']
[0.270s] Level 1:colcon.colcon_core.package_identification:_identify(src/tortoisebot/tortoisebot_slam) by extension 'ros'
[0.271s] DEBUG:colcon.colcon_core.package_identification:Package 'src/tortoisebot/tortoisebot_slam' with type 'ros.ament_cmake' and name 'tortoisebot_slam'
[0.271s] Level 1:colcon.colcon_core.package_identification:_identify(src/tortoisebot/v4l2_camera) by extensions ['ignore', 'ignore_ament_install']
[0.271s] Level 1:colcon.colcon_core.package_identification:_identify(src/tortoisebot/v4l2_camera) by extension 'ignore'
[0.271s] Level 1:colcon.colcon_core.package_identification:_identify(src/tortoisebot/v4l2_camera) by extension 'ignore_ament_install'
[0.271s] Level 1:colcon.colcon_core.package_identification:_identify(src/tortoisebot/v4l2_camera) by extensions ['colcon_pkg']
[0.271s] Level 1:colcon.colcon_core.package_identification:_identify(src/tortoisebot/v4l2_camera) by extension 'colcon_pkg'
[0.271s] Level 1:colcon.colcon_core.package_identification:_identify(src/tortoisebot/v4l2_camera) by extensions ['colcon_meta']
[0.271s] Level 1:colcon.colcon_core.package_identification:_identify(src/tortoisebot/v4l2_camera) by extension 'colcon_meta'
[0.271s] Level 1:colcon.colcon_core.package_identification:_identify(src/tortoisebot/v4l2_camera) by extensions ['ros']
[0.271s] Level 1:colcon.colcon_core.package_identification:_identify(src/tortoisebot/v4l2_camera) by extension 'ros'
[0.271s] DEBUG:colcon.colcon_core.package_identification:Package 'src/tortoisebot/v4l2_camera' with type 'ros.ament_cmake' and name 'v4l2_camera'
[0.272s] Level 1:colcon.colcon_core.package_identification:_identify(src/tortoisebot/ydlidar_ros2_driver) by extensions ['ignore', 'ignore_ament_install']
[0.272s] Level 1:colcon.colcon_core.package_identification:_identify(src/tortoisebot/ydlidar_ros2_driver) by extension 'ignore'
[0.272s] Level 1:colcon.colcon_core.package_identification:_identify(src/tortoisebot/ydlidar_ros2_driver) by extension 'ignore_ament_install'
[0.272s] Level 1:colcon.colcon_core.package_identification:_identify(src/tortoisebot/ydlidar_ros2_driver) by extensions ['colcon_pkg']
[0.272s] Level 1:colcon.colcon_core.package_identification:_identify(src/tortoisebot/ydlidar_ros2_driver) by extension 'colcon_pkg'
[0.272s] Level 1:colcon.colcon_core.package_identification:_identify(src/tortoisebot/ydlidar_ros2_driver) by extensions ['colcon_meta']
[0.272s] Level 1:colcon.colcon_core.package_identification:_identify(src/tortoisebot/ydlidar_ros2_driver) by extension 'colcon_meta'
[0.272s] Level 1:colcon.colcon_core.package_identification:_identify(src/tortoisebot/ydlidar_ros2_driver) by extensions ['ros']
[0.272s] Level 1:colcon.colcon_core.package_identification:_identify(src/tortoisebot/ydlidar_ros2_driver) by extension 'ros'
[0.272s] DEBUG:colcon.colcon_core.package_identification:Package 'src/tortoisebot/ydlidar_ros2_driver' with type 'ros.ament_cmake' and name 'ydlidar_ros2_driver'
[0.272s] Level 1:colcon.colcon_core.package_discovery:discover_packages(recursive) using defaults
[0.272s] Level 1:colcon.colcon_core.package_discovery:discover_packages(ignore) discover
[0.272s] Level 1:colcon.colcon_core.package_discovery:discover_packages(ignore) using defaults
[0.272s] Level 1:colcon.colcon_core.package_discovery:discover_packages(path) discover
[0.272s] Level 1:colcon.colcon_core.package_discovery:discover_packages(path) using defaults
[0.305s] Level 1:colcon.colcon_core.package_discovery:discover_packages(prefix_path) check parameters
[0.305s] Level 1:colcon.colcon_core.package_discovery:discover_packages(prefix_path) discover
[0.306s] DEBUG:colcon.colcon_installed_package_information.package_discovery:Found 11 installed packages in /home/olympusforge/ros2_frost/install
[0.307s] DEBUG:colcon.colcon_installed_package_information.package_discovery:Found 330 installed packages in /opt/ros/humble
[0.308s] Level 1:colcon.colcon_core.package_discovery:discover_packages(prefix_path) using defaults
[0.329s] WARNING:colcon.colcon_core.package_selection:Some selected packages are already built in one or more underlay workspaces:
	'nav2_map_server' is in: /opt/ros/humble
If a package in a merged underlay workspace is overridden and it installs headers, then all packages in the overlay must sort their include directories by workspace order. Failure to do so may result in build failures or undefined behavior at run time.
If the overridden package is used by another package in any underlay, then the overriding package in the overlay must be API and ABI compatible or undefined behavior at run time may occur.

If you understand the risks and want to override a package anyways, add the following to the command line:
	--allow-overriding nav2_map_server

This may be promoted to an error in a future release of colcon-override-check.
[0.330s] Level 5:colcon.colcon_core.verb:set package 'nav2_common' build argument 'cmake_args' from command line to 'None'
[0.330s] Level 5:colcon.colcon_core.verb:set package 'nav2_common' build argument 'cmake_target' from command line to 'None'
[0.330s] Level 5:colcon.colcon_core.verb:set package 'nav2_common' build argument 'cmake_target_skip_unavailable' from command line to 'False'
[0.330s] Level 5:colcon.colcon_core.verb:set package 'nav2_common' build argument 'cmake_clean_cache' from command line to 'False'
[0.330s] Level 5:colcon.colcon_core.verb:set package 'nav2_common' build argument 'cmake_clean_first' from command line to 'False'
[0.330s] Level 5:colcon.colcon_core.verb:set package 'nav2_common' build argument 'cmake_force_configure' from command line to 'False'
[0.330s] Level 5:colcon.colcon_core.verb:set package 'nav2_common' build argument 'ament_cmake_args' from command line to 'None'
[0.330s] Level 5:colcon.colcon_core.verb:set package 'nav2_common' build argument 'catkin_cmake_args' from command line to 'None'
[0.330s] Level 5:colcon.colcon_core.verb:set package 'nav2_common' build argument 'catkin_skip_building_tests' from command line to 'False'
[0.330s] DEBUG:colcon.colcon_core.verb:Building package 'nav2_common' with the following arguments: {'ament_cmake_args': None, 'build_base': '/home/olympusforge/ros2_frost/build/nav2_common', 'catkin_cmake_args': None, 'catkin_skip_building_tests': False, 'cmake_args': None, 'cmake_clean_cache': False, 'cmake_clean_first': False, 'cmake_force_configure': False, 'cmake_target': None, 'cmake_target_skip_unavailable': False, 'install_base': '/home/olympusforge/ros2_frost/install/nav2_common', 'merge_install': False, 'path': '/home/olympusforge/ros2_frost/src/navigation2/nav2_common', 'symlink_install': False, 'test_result_base': None}
[0.330s] Level 5:colcon.colcon_core.verb:set package 'nav2_loopback_sim' build argument 'cmake_args' from command line to 'None'
[0.330s] Level 5:colcon.colcon_core.verb:set package 'nav2_loopback_sim' build argument 'cmake_target' from command line to 'None'
[0.330s] Level 5:colcon.colcon_core.verb:set package 'nav2_loopback_sim' build argument 'cmake_target_skip_unavailable' from command line to 'False'
[0.330s] Level 5:colcon.colcon_core.verb:set package 'nav2_loopback_sim' build argument 'cmake_clean_cache' from command line to 'False'
[0.330s] Level 5:colcon.colcon_core.verb:set package 'nav2_loopback_sim' build argument 'cmake_clean_first' from command line to 'False'
[0.330s] Level 5:colcon.colcon_core.verb:set package 'nav2_loopback_sim' build argument 'cmake_force_configure' from command line to 'False'
[0.330s] Level 5:colcon.colcon_core.verb:set package 'nav2_loopback_sim' build argument 'ament_cmake_args' from command line to 'None'
[0.330s] Level 5:colcon.colcon_core.verb:set package 'nav2_loopback_sim' build argument 'catkin_cmake_args' from command line to 'None'
[0.330s] Level 5:colcon.colcon_core.verb:set package 'nav2_loopback_sim' build argument 'catkin_skip_building_tests' from command line to 'False'
[0.330s] DEBUG:colcon.colcon_core.verb:Building package 'nav2_loopback_sim' with the following arguments: {'ament_cmake_args': None, 'build_base': '/home/olympusforge/ros2_frost/build/nav2_loopback_sim', 'catkin_cmake_args': None, 'catkin_skip_building_tests': False, 'cmake_args': None, 'cmake_clean_cache': False, 'cmake_clean_first': False, 'cmake_force_configure': False, 'cmake_target': None, 'cmake_target_skip_unavailable': False, 'install_base': '/home/olympusforge/ros2_frost/install/nav2_loopback_sim', 'merge_install': False, 'path': '/home/olympusforge/ros2_frost/src/navigation2/nav2_loopback_sim', 'symlink_install': False, 'test_result_base': None}
[0.331s] Level 5:colcon.colcon_core.verb:set package 'nav_2d_msgs' build argument 'cmake_args' from command line to 'None'
[0.331s] Level 5:colcon.colcon_core.verb:set package 'nav_2d_msgs' build argument 'cmake_target' from command line to 'None'
[0.331s] Level 5:colcon.colcon_core.verb:set package 'nav_2d_msgs' build argument 'cmake_target_skip_unavailable' from command line to 'False'
[0.331s] Level 5:colcon.colcon_core.verb:set package 'nav_2d_msgs' build argument 'cmake_clean_cache' from command line to 'False'
[0.331s] Level 5:colcon.colcon_core.verb:set package 'nav_2d_msgs' build argument 'cmake_clean_first' from command line to 'False'
[0.331s] Level 5:colcon.colcon_core.verb:set package 'nav_2d_msgs' build argument 'cmake_force_configure' from command line to 'False'
[0.331s] Level 5:colcon.colcon_core.verb:set package 'nav_2d_msgs' build argument 'ament_cmake_args' from command line to 'None'
[0.331s] Level 5:colcon.colcon_core.verb:set package 'nav_2d_msgs' build argument 'catkin_cmake_args' from command line to 'None'
[0.331s] Level 5:colcon.colcon_core.verb:set package 'nav_2d_msgs' build argument 'catkin_skip_building_tests' from command line to 'False'
[0.331s] DEBUG:colcon.colcon_core.verb:Building package 'nav_2d_msgs' with the following arguments: {'ament_cmake_args': None, 'build_base': '/home/olympusforge/ros2_frost/build/nav_2d_msgs', 'catkin_cmake_args': None, 'catkin_skip_building_tests': False, 'cmake_args': None, 'cmake_clean_cache': False, 'cmake_clean_first': False, 'cmake_force_configure': False, 'cmake_target': None, 'cmake_target_skip_unavailable': False, 'install_base': '/home/olympusforge/ros2_frost/install/nav_2d_msgs', 'merge_install': False, 'path': '/home/olympusforge/ros2_frost/src/navigation2/nav2_dwb_controller/nav_2d_msgs', 'symlink_install': False, 'test_result_base': None}
[0.331s] Level 5:colcon.colcon_core.verb:set package 'tortoisebot_bringup' build argument 'cmake_args' from command line to 'None'
[0.331s] Level 5:colcon.colcon_core.verb:set package 'tortoisebot_bringup' build argument 'cmake_target' from command line to 'None'
[0.331s] Level 5:colcon.colcon_core.verb:set package 'tortoisebot_bringup' build argument 'cmake_target_skip_unavailable' from command line to 'False'
[0.331s] Level 5:colcon.colcon_core.verb:set package 'tortoisebot_bringup' build argument 'cmake_clean_cache' from command line to 'False'
[0.331s] Level 5:colcon.colcon_core.verb:set package 'tortoisebot_bringup' build argument 'cmake_clean_first' from command line to 'False'
[0.331s] Level 5:colcon.colcon_core.verb:set package 'tortoisebot_bringup' build argument 'cmake_force_configure' from command line to 'False'
[0.331s] Level 5:colcon.colcon_core.verb:set package 'tortoisebot_bringup' build argument 'ament_cmake_args' from command line to 'None'
[0.331s] Level 5:colcon.colcon_core.verb:set package 'tortoisebot_bringup' build argument 'catkin_cmake_args' from command line to 'None'
[0.331s] Level 5:colcon.colcon_core.verb:set package 'tortoisebot_bringup' build argument 'catkin_skip_building_tests' from command line to 'False'
[0.331s] DEBUG:colcon.colcon_core.verb:Building package 'tortoisebot_bringup' with the following arguments: {'ament_cmake_args': None, 'build_base': '/home/olympusforge/ros2_frost/build/tortoisebot_bringup', 'catkin_cmake_args': None, 'catkin_skip_building_tests': False, 'cmake_args': None, 'cmake_clean_cache': False, 'cmake_clean_first': False, 'cmake_force_configure': False, 'cmake_target': None, 'cmake_target_skip_unavailable': False, 'install_base': '/home/olympusforge/ros2_frost/install/tortoisebot_bringup', 'merge_install': False, 'path': '/home/olympusforge/ros2_frost/src/tortoisebot/tortoisebot_bringup', 'symlink_install': False, 'test_result_base': None}
[0.331s] Level 5:colcon.colcon_core.verb:set package 'tortoisebot_control' build argument 'cmake_args' from command line to 'None'
[0.332s] Level 5:colcon.colcon_core.verb:set package 'tortoisebot_control' build argument 'cmake_target' from command line to 'None'
[0.332s] Level 5:colcon.colcon_core.verb:set package 'tortoisebot_control' build argument 'cmake_target_skip_unavailable' from command line to 'False'
[0.332s] Level 5:colcon.colcon_core.verb:set package 'tortoisebot_control' build argument 'cmake_clean_cache' from command line to 'False'
[0.332s] Level 5:colcon.colcon_core.verb:set package 'tortoisebot_control' build argument 'cmake_clean_first' from command line to 'False'
[0.332s] Level 5:colcon.colcon_core.verb:set package 'tortoisebot_control' build argument 'cmake_force_configure' from command line to 'False'
[0.332s] Level 5:colcon.colcon_core.verb:set package 'tortoisebot_control' build argument 'ament_cmake_args' from command line to 'None'
[0.332s] Level 5:colcon.colcon_core.verb:set package 'tortoisebot_control' build argument 'catkin_cmake_args' from command line to 'None'
[0.332s] Level 5:colcon.colcon_core.verb:set package 'tortoisebot_control' build argument 'catkin_skip_building_tests' from command line to 'False'
[0.332s] DEBUG:colcon.colcon_core.verb:Building package 'tortoisebot_control' with the following arguments: {'ament_cmake_args': None, 'build_base': '/home/olympusforge/ros2_frost/build/tortoisebot_control', 'catkin_cmake_args': None, 'catkin_skip_building_tests': False, 'cmake_args': None, 'cmake_clean_cache': False, 'cmake_clean_first': False, 'cmake_force_configure': False, 'cmake_target': None, 'cmake_target_skip_unavailable': False, 'install_base': '/home/olympusforge/ros2_frost/install/tortoisebot_control', 'merge_install': False, 'path': '/home/olympusforge/ros2_frost/src/tortoisebot/tortoisebot_control', 'symlink_install': False, 'test_result_base': None}
[0.332s] Level 5:colcon.colcon_core.verb:set package 'tortoisebot_description' build argument 'cmake_args' from command line to 'None'
[0.332s] Level 5:colcon.colcon_core.verb:set package 'tortoisebot_description' build argument 'cmake_target' from command line to 'None'
[0.332s] Level 5:colcon.colcon_core.verb:set package 'tortoisebot_description' build argument 'cmake_target_skip_unavailable' from command line to 'False'
[0.332s] Level 5:colcon.colcon_core.verb:set package 'tortoisebot_description' build argument 'cmake_clean_cache' from command line to 'False'
[0.332s] Level 5:colcon.colcon_core.verb:set package 'tortoisebot_description' build argument 'cmake_clean_first' from command line to 'False'
[0.332s] Level 5:colcon.colcon_core.verb:set package 'tortoisebot_description' build argument 'cmake_force_configure' from command line to 'False'
[0.332s] Level 5:colcon.colcon_core.verb:set package 'tortoisebot_description' build argument 'ament_cmake_args' from command line to 'None'
[0.332s] Level 5:colcon.colcon_core.verb:set package 'tortoisebot_description' build argument 'catkin_cmake_args' from command line to 'None'
[0.332s] Level 5:colcon.colcon_core.verb:set package 'tortoisebot_description' build argument 'catkin_skip_building_tests' from command line to 'False'
[0.332s] DEBUG:colcon.colcon_core.verb:Building package 'tortoisebot_description' with the following arguments: {'ament_cmake_args': None, 'build_base': '/home/olympusforge/ros2_frost/build/tortoisebot_description', 'catkin_cmake_args': None, 'catkin_skip_building_tests': False, 'cmake_args': None, 'cmake_clean_cache': False, 'cmake_clean_first': False, 'cmake_force_configure': False, 'cmake_target': None, 'cmake_target_skip_unavailable': False, 'install_base': '/home/olympusforge/ros2_frost/install/tortoisebot_description', 'merge_install': False, 'path': '/home/olympusforge/ros2_frost/src/tortoisebot/tortoisebot_description', 'symlink_install': False, 'test_result_base': None}
[0.332s] Level 5:colcon.colcon_core.verb:set package 'tortoisebot_firmware' build argument 'cmake_args' from command line to 'None'
[0.332s] Level 5:colcon.colcon_core.verb:set package 'tortoisebot_firmware' build argument 'cmake_target' from command line to 'None'
[0.332s] Level 5:colcon.colcon_core.verb:set package 'tortoisebot_firmware' build argument 'cmake_target_skip_unavailable' from command line to 'False'
[0.332s] Level 5:colcon.colcon_core.verb:set package 'tortoisebot_firmware' build argument 'cmake_clean_cache' from command line to 'False'
[0.332s] Level 5:colcon.colcon_core.verb:set package 'tortoisebot_firmware' build argument 'cmake_clean_first' from command line to 'False'
[0.332s] Level 5:colcon.colcon_core.verb:set package 'tortoisebot_firmware' build argument 'cmake_force_configure' from command line to 'False'
[0.332s] Level 5:colcon.colcon_core.verb:set package 'tortoisebot_firmware' build argument 'ament_cmake_args' from command line to 'None'
[0.332s] Level 5:colcon.colcon_core.verb:set package 'tortoisebot_firmware' build argument 'catkin_cmake_args' from command line to 'None'
[0.332s] Level 5:colcon.colcon_core.verb:set package 'tortoisebot_firmware' build argument 'catkin_skip_building_tests' from command line to 'False'
[0.332s] DEBUG:colcon.colcon_core.verb:Building package 'tortoisebot_firmware' with the following arguments: {'ament_cmake_args': None, 'build_base': '/home/olympusforge/ros2_frost/build/tortoisebot_firmware', 'catkin_cmake_args': None, 'catkin_skip_building_tests': False, 'cmake_args': None, 'cmake_clean_cache': False, 'cmake_clean_first': False, 'cmake_force_configure': False, 'cmake_target': None, 'cmake_target_skip_unavailable': False, 'install_base': '/home/olympusforge/ros2_frost/install/tortoisebot_firmware', 'merge_install': False, 'path': '/home/olympusforge/ros2_frost/src/tortoisebot/tortoisebot_firmware', 'symlink_install': False, 'test_result_base': None}
[0.333s] Level 5:colcon.colcon_core.verb:set package 'tortoisebot_gazebo' build argument 'cmake_args' from command line to 'None'
[0.333s] Level 5:colcon.colcon_core.verb:set package 'tortoisebot_gazebo' build argument 'cmake_target' from command line to 'None'
[0.333s] Level 5:colcon.colcon_core.verb:set package 'tortoisebot_gazebo' build argument 'cmake_target_skip_unavailable' from command line to 'False'
[0.333s] Level 5:colcon.colcon_core.verb:set package 'tortoisebot_gazebo' build argument 'cmake_clean_cache' from command line to 'False'
[0.333s] Level 5:colcon.colcon_core.verb:set package 'tortoisebot_gazebo' build argument 'cmake_clean_first' from command line to 'False'
[0.333s] Level 5:colcon.colcon_core.verb:set package 'tortoisebot_gazebo' build argument 'cmake_force_configure' from command line to 'False'
[0.333s] Level 5:colcon.colcon_core.verb:set package 'tortoisebot_gazebo' build argument 'ament_cmake_args' from command line to 'None'
[0.333s] Level 5:colcon.colcon_core.verb:set package 'tortoisebot_gazebo' build argument 'catkin_cmake_args' from command line to 'None'
[0.333s] Level 5:colcon.colcon_core.verb:set package 'tortoisebot_gazebo' build argument 'catkin_skip_building_tests' from command line to 'False'
[0.333s] DEBUG:colcon.colcon_core.verb:Building package 'tortoisebot_gazebo' with the following arguments: {'ament_cmake_args': None, 'build_base': '/home/olympusforge/ros2_frost/build/tortoisebot_gazebo', 'catkin_cmake_args': None, 'catkin_skip_building_tests': False, 'cmake_args': None, 'cmake_clean_cache': False, 'cmake_clean_first': False, 'cmake_force_configure': False, 'cmake_target': None, 'cmake_target_skip_unavailable': False, 'install_base': '/home/olympusforge/ros2_frost/install/tortoisebot_gazebo', 'merge_install': False, 'path': '/home/olympusforge/ros2_frost/src/tortoisebot/tortoisebot_gazebo', 'symlink_install': False, 'test_result_base': None}
[0.333s] Level 5:colcon.colcon_core.verb:set package 'tortoisebot_navigation' build argument 'cmake_args' from command line to 'None'
[0.333s] Level 5:colcon.colcon_core.verb:set package 'tortoisebot_navigation' build argument 'cmake_target' from command line to 'None'
[0.333s] Level 5:colcon.colcon_core.verb:set package 'tortoisebot_navigation' build argument 'cmake_target_skip_unavailable' from command line to 'False'
[0.333s] Level 5:colcon.colcon_core.verb:set package 'tortoisebot_navigation' build argument 'cmake_clean_cache' from command line to 'False'
[0.333s] Level 5:colcon.colcon_core.verb:set package 'tortoisebot_navigation' build argument 'cmake_clean_first' from command line to 'False'
[0.333s] Level 5:colcon.colcon_core.verb:set package 'tortoisebot_navigation' build argument 'cmake_force_configure' from command line to 'False'
[0.333s] Level 5:colcon.colcon_core.verb:set package 'tortoisebot_navigation' build argument 'ament_cmake_args' from command line to 'None'
[0.333s] Level 5:colcon.colcon_core.verb:set package 'tortoisebot_navigation' build argument 'catkin_cmake_args' from command line to 'None'
[0.333s] Level 5:colcon.colcon_core.verb:set package 'tortoisebot_navigation' build argument 'catkin_skip_building_tests' from command line to 'False'
[0.333s] DEBUG:colcon.colcon_core.verb:Building package 'tortoisebot_navigation' with the following arguments: {'ament_cmake_args': None, 'build_base': '/home/olympusforge/ros2_frost/build/tortoisebot_navigation', 'catkin_cmake_args': None, 'catkin_skip_building_tests': False, 'cmake_args': None, 'cmake_clean_cache': False, 'cmake_clean_first': False, 'cmake_force_configure': False, 'cmake_target': None, 'cmake_target_skip_unavailable': False, 'install_base': '/home/olympusforge/ros2_frost/install/tortoisebot_navigation', 'merge_install': False, 'path': '/home/olympusforge/ros2_frost/src/tortoisebot/tortoisebot_navigation', 'symlink_install': False, 'test_result_base': None}
[0.333s] Level 5:colcon.colcon_core.verb:set package 'tortoisebot_slam' build argument 'cmake_args' from command line to 'None'
[0.333s] Level 5:colcon.colcon_core.verb:set package 'tortoisebot_slam' build argument 'cmake_target' from command line to 'None'
[0.333s] Level 5:colcon.colcon_core.verb:set package 'tortoisebot_slam' build argument 'cmake_target_skip_unavailable' from command line to 'False'
[0.333s] Level 5:colcon.colcon_core.verb:set package 'tortoisebot_slam' build argument 'cmake_clean_cache' from command line to 'False'
[0.334s] Level 5:colcon.colcon_core.verb:set package 'tortoisebot_slam' build argument 'cmake_clean_first' from command line to 'False'
[0.334s] Level 5:colcon.colcon_core.verb:set package 'tortoisebot_slam' build argument 'cmake_force_configure' from command line to 'False'
[0.334s] Level 5:colcon.colcon_core.verb:set package 'tortoisebot_slam' build argument 'ament_cmake_args' from command line to 'None'
[0.334s] Level 5:colcon.colcon_core.verb:set package 'tortoisebot_slam' build argument 'catkin_cmake_args' from command line to 'None'
[0.334s] Level 5:colcon.colcon_core.verb:set package 'tortoisebot_slam' build argument 'catkin_skip_building_tests' from command line to 'False'
[0.334s] DEBUG:colcon.colcon_core.verb:Building package 'tortoisebot_slam' with the following arguments: {'ament_cmake_args': None, 'build_base': '/home/olympusforge/ros2_frost/build/tortoisebot_slam', 'catkin_cmake_args': None, 'catkin_skip_building_tests': False, 'cmake_args': None, 'cmake_clean_cache': False, 'cmake_clean_first': False, 'cmake_force_configure': False, 'cmake_target': None, 'cmake_target_skip_unavailable': False, 'install_base': '/home/olympusforge/ros2_frost/install/tortoisebot_slam', 'merge_install': False, 'path': '/home/olympusforge/ros2_frost/src/tortoisebot/tortoisebot_slam', 'symlink_install': False, 'test_result_base': None}
[0.334s] Level 5:colcon.colcon_core.verb:set package 'v4l2_camera' build argument 'cmake_args' from command line to 'None'
[0.334s] Level 5:colcon.colcon_core.verb:set package 'v4l2_camera' build argument 'cmake_target' from command line to 'None'
[0.334s] Level 5:colcon.colcon_core.verb:set package 'v4l2_camera' build argument 'cmake_target_skip_unavailable' from command line to 'False'
[0.334s] Level 5:colcon.colcon_core.verb:set package 'v4l2_camera' build argument 'cmake_clean_cache' from command line to 'False'
[0.334s] Level 5:colcon.colcon_core.verb:set package 'v4l2_camera' build argument 'cmake_clean_first' from command line to 'False'
[0.334s] Level 5:colcon.colcon_core.verb:set package 'v4l2_camera' build argument 'cmake_force_configure' from command line to 'False'
[0.334s] Level 5:colcon.colcon_core.verb:set package 'v4l2_camera' build argument 'ament_cmake_args' from command line to 'None'
[0.334s] Level 5:colcon.colcon_core.verb:set package 'v4l2_camera' build argument 'catkin_cmake_args' from command line to 'None'
[0.334s] Level 5:colcon.colcon_core.verb:set package 'v4l2_camera' build argument 'catkin_skip_building_tests' from command line to 'False'
[0.334s] DEBUG:colcon.colcon_core.verb:Building package 'v4l2_camera' with the following arguments: {'ament_cmake_args': None, 'build_base': '/home/olympusforge/ros2_frost/build/v4l2_camera', 'catkin_cmake_args': None, 'catkin_skip_building_tests': False, 'cmake_args': None, 'cmake_clean_cache': False, 'cmake_clean_first': False, 'cmake_force_configure': False, 'cmake_target': None, 'cmake_target_skip_unavailable': False, 'install_base': '/home/olympusforge/ros2_frost/install/v4l2_camera', 'merge_install': False, 'path': '/home/olympusforge/ros2_frost/src/tortoisebot/v4l2_camera', 'symlink_install': False, 'test_result_base': None}
[0.334s] Level 5:colcon.colcon_core.verb:set package 'ydlidar_ros2_driver' build argument 'cmake_args' from command line to 'None'
[0.334s] Level 5:colcon.colcon_core.verb:set package 'ydlidar_ros2_driver' build argument 'cmake_target' from command line to 'None'
[0.334s] Level 5:colcon.colcon_core.verb:set package 'ydlidar_ros2_driver' build argument 'cmake_target_skip_unavailable' from command line to 'False'
[0.334s] Level 5:colcon.colcon_core.verb:set package 'ydlidar_ros2_driver' build argument 'cmake_clean_cache' from command line to 'False'
[0.334s] Level 5:colcon.colcon_core.verb:set package 'ydlidar_ros2_driver' build argument 'cmake_clean_first' from command line to 'False'
[0.334s] Level 5:colcon.colcon_core.verb:set package 'ydlidar_ros2_driver' build argument 'cmake_force_configure' from command line to 'False'
[0.334s] Level 5:colcon.colcon_core.verb:set package 'ydlidar_ros2_driver' build argument 'ament_cmake_args' from command line to 'None'
[0.334s] Level 5:colcon.colcon_core.verb:set package 'ydlidar_ros2_driver' build argument 'catkin_cmake_args' from command line to 'None'
[0.334s] Level 5:colcon.colcon_core.verb:set package 'ydlidar_ros2_driver' build argument 'catkin_skip_building_tests' from command line to 'False'
[0.334s] DEBUG:colcon.colcon_core.verb:Building package 'ydlidar_ros2_driver' with the following arguments: {'ament_cmake_args': None, 'build_base': '/home/olympusforge/ros2_frost/build/ydlidar_ros2_driver', 'catkin_cmake_args': None, 'catkin_skip_building_tests': False, 'cmake_args': None, 'cmake_clean_cache': False, 'cmake_clean_first': False, 'cmake_force_configure': False, 'cmake_target': None, 'cmake_target_skip_unavailable': False, 'install_base': '/home/olympusforge/ros2_frost/install/ydlidar_ros2_driver', 'merge_install': False, 'path': '/home/olympusforge/ros2_frost/src/tortoisebot/ydlidar_ros2_driver', 'symlink_install': False, 'test_result_base': None}
[0.334s] Level 5:colcon.colcon_core.verb:set package 'ydlidar_sdk' build argument 'cmake_args' from command line to 'None'
[0.335s] Level 5:colcon.colcon_core.verb:set package 'ydlidar_sdk' build argument 'cmake_target' from command line to 'None'
[0.335s] Level 5:colcon.colcon_core.verb:set package 'ydlidar_sdk' build argument 'cmake_target_skip_unavailable' from command line to 'False'
[0.335s] Level 5:colcon.colcon_core.verb:set package 'ydlidar_sdk' build argument 'cmake_clean_cache' from command line to 'False'
[0.335s] Level 5:colcon.colcon_core.verb:set package 'ydlidar_sdk' build argument 'cmake_clean_first' from command line to 'False'
[0.335s] Level 5:colcon.colcon_core.verb:set package 'ydlidar_sdk' build argument 'cmake_force_configure' from command line to 'False'
[0.335s] Level 5:colcon.colcon_core.verb:set package 'ydlidar_sdk' build argument 'ament_cmake_args' from command line to 'None'
[0.335s] Level 5:colcon.colcon_core.verb:set package 'ydlidar_sdk' build argument 'catkin_cmake_args' from command line to 'None'
[0.335s] Level 5:colcon.colcon_core.verb:set package 'ydlidar_sdk' build argument 'catkin_skip_building_tests' from command line to 'False'
[0.335s] DEBUG:colcon.colcon_core.verb:Building package 'ydlidar_sdk' with the following arguments: {'ament_cmake_args': None, 'build_base': '/home/olympusforge/ros2_frost/build/ydlidar_sdk', 'catkin_cmake_args': None, 'catkin_skip_building_tests': False, 'cmake_args': None, 'cmake_clean_cache': False, 'cmake_clean_first': False, 'cmake_force_configure': False, 'cmake_target': None, 'cmake_target_skip_unavailable': False, 'install_base': '/home/olympusforge/ros2_frost/install/ydlidar_sdk', 'merge_install': False, 'path': '/home/olympusforge/ros2_frost/src/tortoisebot/YDLidar-SDK', 'symlink_install': False, 'test_result_base': None}
[0.336s] Level 5:colcon.colcon_core.verb:set package 'dwb_msgs' build argument 'cmake_args' from command line to 'None'
[0.336s] Level 5:colcon.colcon_core.verb:set package 'dwb_msgs' build argument 'cmake_target' from command line to 'None'
[0.336s] Level 5:colcon.colcon_core.verb:set package 'dwb_msgs' build argument 'cmake_target_skip_unavailable' from command line to 'False'
[0.336s] Level 5:colcon.colcon_core.verb:set package 'dwb_msgs' build argument 'cmake_clean_cache' from command line to 'False'
[0.336s] Level 5:colcon.colcon_core.verb:set package 'dwb_msgs' build argument 'cmake_clean_first' from command line to 'False'
[0.336s] Level 5:colcon.colcon_core.verb:set package 'dwb_msgs' build argument 'cmake_force_configure' from command line to 'False'
[0.336s] Level 5:colcon.colcon_core.verb:set package 'dwb_msgs' build argument 'ament_cmake_args' from command line to 'None'
[0.336s] Level 5:colcon.colcon_core.verb:set package 'dwb_msgs' build argument 'catkin_cmake_args' from command line to 'None'
[0.336s] Level 5:colcon.colcon_core.verb:set package 'dwb_msgs' build argument 'catkin_skip_building_tests' from command line to 'False'
[0.336s] DEBUG:colcon.colcon_core.verb:Building package 'dwb_msgs' with the following arguments: {'ament_cmake_args': None, 'build_base': '/home/olympusforge/ros2_frost/build/dwb_msgs', 'catkin_cmake_args': None, 'catkin_skip_building_tests': False, 'cmake_args': None, 'cmake_clean_cache': False, 'cmake_clean_first': False, 'cmake_force_configure': False, 'cmake_target': None, 'cmake_target_skip_unavailable': False, 'install_base': '/home/olympusforge/ros2_frost/install/dwb_msgs', 'merge_install': False, 'path': '/home/olympusforge/ros2_frost/src/navigation2/nav2_dwb_controller/dwb_msgs', 'symlink_install': False, 'test_result_base': None}
[0.336s] Level 5:colcon.colcon_core.verb:set package 'nav2_msgs' build argument 'cmake_args' from command line to 'None'
[0.336s] Level 5:colcon.colcon_core.verb:set package 'nav2_msgs' build argument 'cmake_target' from command line to 'None'
[0.336s] Level 5:colcon.colcon_core.verb:set package 'nav2_msgs' build argument 'cmake_target_skip_unavailable' from command line to 'False'
[0.336s] Level 5:colcon.colcon_core.verb:set package 'nav2_msgs' build argument 'cmake_clean_cache' from command line to 'False'
[0.336s] Level 5:colcon.colcon_core.verb:set package 'nav2_msgs' build argument 'cmake_clean_first' from command line to 'False'
[0.336s] Level 5:colcon.colcon_core.verb:set package 'nav2_msgs' build argument 'cmake_force_configure' from command line to 'False'
[0.336s] Level 5:colcon.colcon_core.verb:set package 'nav2_msgs' build argument 'ament_cmake_args' from command line to 'None'
[0.337s] Level 5:colcon.colcon_core.verb:set package 'nav2_msgs' build argument 'catkin_cmake_args' from command line to 'None'
[0.337s] Level 5:colcon.colcon_core.verb:set package 'nav2_msgs' build argument 'catkin_skip_building_tests' from command line to 'False'
[0.337s] DEBUG:colcon.colcon_core.verb:Building package 'nav2_msgs' with the following arguments: {'ament_cmake_args': None, 'build_base': '/home/olympusforge/ros2_frost/build/nav2_msgs', 'catkin_cmake_args': None, 'catkin_skip_building_tests': False, 'cmake_args': None, 'cmake_clean_cache': False, 'cmake_clean_first': False, 'cmake_force_configure': False, 'cmake_target': None, 'cmake_target_skip_unavailable': False, 'install_base': '/home/olympusforge/ros2_frost/install/nav2_msgs', 'merge_install': False, 'path': '/home/olympusforge/ros2_frost/src/navigation2/nav2_msgs', 'symlink_install': False, 'test_result_base': None}
[0.337s] Level 5:colcon.colcon_core.verb:set package 'nav2_voxel_grid' build argument 'cmake_args' from command line to 'None'
[0.337s] Level 5:colcon.colcon_core.verb:set package 'nav2_voxel_grid' build argument 'cmake_target' from command line to 'None'
[0.337s] Level 5:colcon.colcon_core.verb:set package 'nav2_voxel_grid' build argument 'cmake_target_skip_unavailable' from command line to 'False'
[0.337s] Level 5:colcon.colcon_core.verb:set package 'nav2_voxel_grid' build argument 'cmake_clean_cache' from command line to 'False'
[0.337s] Level 5:colcon.colcon_core.verb:set package 'nav2_voxel_grid' build argument 'cmake_clean_first' from command line to 'False'
[0.337s] Level 5:colcon.colcon_core.verb:set package 'nav2_voxel_grid' build argument 'cmake_force_configure' from command line to 'False'
[0.337s] Level 5:colcon.colcon_core.verb:set package 'nav2_voxel_grid' build argument 'ament_cmake_args' from command line to 'None'
[0.337s] Level 5:colcon.colcon_core.verb:set package 'nav2_voxel_grid' build argument 'catkin_cmake_args' from command line to 'None'
[0.337s] Level 5:colcon.colcon_core.verb:set package 'nav2_voxel_grid' build argument 'catkin_skip_building_tests' from command line to 'False'
[0.337s] DEBUG:colcon.colcon_core.verb:Building package 'nav2_voxel_grid' with the following arguments: {'ament_cmake_args': None, 'build_base': '/home/olympusforge/ros2_frost/build/nav2_voxel_grid', 'catkin_cmake_args': None, 'catkin_skip_building_tests': False, 'cmake_args': None, 'cmake_clean_cache': False, 'cmake_clean_first': False, 'cmake_force_configure': False, 'cmake_target': None, 'cmake_target_skip_unavailable': False, 'install_base': '/home/olympusforge/ros2_frost/install/nav2_voxel_grid', 'merge_install': False, 'path': '/home/olympusforge/ros2_frost/src/navigation2/nav2_voxel_grid', 'symlink_install': False, 'test_result_base': None}
[0.337s] Level 5:colcon.colcon_core.verb:set package 'opennav_docking_core' build argument 'cmake_args' from command line to 'None'
[0.337s] Level 5:colcon.colcon_core.verb:set package 'opennav_docking_core' build argument 'cmake_target' from command line to 'None'
[0.337s] Level 5:colcon.colcon_core.verb:set package 'opennav_docking_core' build argument 'cmake_target_skip_unavailable' from command line to 'False'
[0.337s] Level 5:colcon.colcon_core.verb:set package 'opennav_docking_core' build argument 'cmake_clean_cache' from command line to 'False'
[0.337s] Level 5:colcon.colcon_core.verb:set package 'opennav_docking_core' build argument 'cmake_clean_first' from command line to 'False'
[0.337s] Level 5:colcon.colcon_core.verb:set package 'opennav_docking_core' build argument 'cmake_force_configure' from command line to 'False'
[0.337s] Level 5:colcon.colcon_core.verb:set package 'opennav_docking_core' build argument 'ament_cmake_args' from command line to 'None'
[0.337s] Level 5:colcon.colcon_core.verb:set package 'opennav_docking_core' build argument 'catkin_cmake_args' from command line to 'None'
[0.337s] Level 5:colcon.colcon_core.verb:set package 'opennav_docking_core' build argument 'catkin_skip_building_tests' from command line to 'False'
[0.337s] DEBUG:colcon.colcon_core.verb:Building package 'opennav_docking_core' with the following arguments: {'ament_cmake_args': None, 'build_base': '/home/olympusforge/ros2_frost/build/opennav_docking_core', 'catkin_cmake_args': None, 'catkin_skip_building_tests': False, 'cmake_args': None, 'cmake_clean_cache': False, 'cmake_clean_first': False, 'cmake_force_configure': False, 'cmake_target': None, 'cmake_target_skip_unavailable': False, 'install_base': '/home/olympusforge/ros2_frost/install/opennav_docking_core', 'merge_install': False, 'path': '/home/olympusforge/ros2_frost/src/navigation2/nav2_docking/opennav_docking_core', 'symlink_install': False, 'test_result_base': None}
[0.337s] Level 5:colcon.colcon_core.verb:set package 'nav2_simple_commander' build argument 'cmake_args' from command line to 'None'
[0.338s] Level 5:colcon.colcon_core.verb:set package 'nav2_simple_commander' build argument 'cmake_target' from command line to 'None'
[0.338s] Level 5:colcon.colcon_core.verb:set package 'nav2_simple_commander' build argument 'cmake_target_skip_unavailable' from command line to 'False'
[0.338s] Level 5:colcon.colcon_core.verb:set package 'nav2_simple_commander' build argument 'cmake_clean_cache' from command line to 'False'
[0.338s] Level 5:colcon.colcon_core.verb:set package 'nav2_simple_commander' build argument 'cmake_clean_first' from command line to 'False'
[0.338s] Level 5:colcon.colcon_core.verb:set package 'nav2_simple_commander' build argument 'cmake_force_configure' from command line to 'False'
[0.338s] Level 5:colcon.colcon_core.verb:set package 'nav2_simple_commander' build argument 'ament_cmake_args' from command line to 'None'
[0.338s] Level 5:colcon.colcon_core.verb:set package 'nav2_simple_commander' build argument 'catkin_cmake_args' from command line to 'None'
[0.338s] Level 5:colcon.colcon_core.verb:set package 'nav2_simple_commander' build argument 'catkin_skip_building_tests' from command line to 'False'
[0.338s] DEBUG:colcon.colcon_core.verb:Building package 'nav2_simple_commander' with the following arguments: {'ament_cmake_args': None, 'build_base': '/home/olympusforge/ros2_frost/build/nav2_simple_commander', 'catkin_cmake_args': None, 'catkin_skip_building_tests': False, 'cmake_args': None, 'cmake_clean_cache': False, 'cmake_clean_first': False, 'cmake_force_configure': False, 'cmake_target': None, 'cmake_target_skip_unavailable': False, 'install_base': '/home/olympusforge/ros2_frost/install/nav2_simple_commander', 'merge_install': False, 'path': '/home/olympusforge/ros2_frost/src/navigation2/nav2_simple_commander', 'symlink_install': False, 'test_result_base': None}
[0.338s] Level 5:colcon.colcon_core.verb:set package 'nav2_util' build argument 'cmake_args' from command line to 'None'
[0.338s] Level 5:colcon.colcon_core.verb:set package 'nav2_util' build argument 'cmake_target' from command line to 'None'
[0.338s] Level 5:colcon.colcon_core.verb:set package 'nav2_util' build argument 'cmake_target_skip_unavailable' from command line to 'False'
[0.338s] Level 5:colcon.colcon_core.verb:set package 'nav2_util' build argument 'cmake_clean_cache' from command line to 'False'
[0.338s] Level 5:colcon.colcon_core.verb:set package 'nav2_util' build argument 'cmake_clean_first' from command line to 'False'
[0.338s] Level 5:colcon.colcon_core.verb:set package 'nav2_util' build argument 'cmake_force_configure' from command line to 'False'
[0.338s] Level 5:colcon.colcon_core.verb:set package 'nav2_util' build argument 'ament_cmake_args' from command line to 'None'
[0.338s] Level 5:colcon.colcon_core.verb:set package 'nav2_util' build argument 'catkin_cmake_args' from command line to 'None'
[0.338s] Level 5:colcon.colcon_core.verb:set package 'nav2_util' build argument 'catkin_skip_building_tests' from command line to 'False'
[0.338s] DEBUG:colcon.colcon_core.verb:Building package 'nav2_util' with the following arguments: {'ament_cmake_args': None, 'build_base': '/home/olympusforge/ros2_frost/build/nav2_util', 'catkin_cmake_args': None, 'catkin_skip_building_tests': False, 'cmake_args': None, 'cmake_clean_cache': False, 'cmake_clean_first': False, 'cmake_force_configure': False, 'cmake_target': None, 'cmake_target_skip_unavailable': False, 'install_base': '/home/olympusforge/ros2_frost/install/nav2_util', 'merge_install': False, 'path': '/home/olympusforge/ros2_frost/src/navigation2/nav2_util', 'symlink_install': False, 'test_result_base': None}
[0.338s] Level 5:colcon.colcon_core.verb:set package 'nav2_amcl' build argument 'cmake_args' from command line to 'None'
[0.338s] Level 5:colcon.colcon_core.verb:set package 'nav2_amcl' build argument 'cmake_target' from command line to 'None'
[0.338s] Level 5:colcon.colcon_core.verb:set package 'nav2_amcl' build argument 'cmake_target_skip_unavailable' from command line to 'False'
[0.338s] Level 5:colcon.colcon_core.verb:set package 'nav2_amcl' build argument 'cmake_clean_cache' from command line to 'False'
[0.338s] Level 5:colcon.colcon_core.verb:set package 'nav2_amcl' build argument 'cmake_clean_first' from command line to 'False'
[0.338s] Level 5:colcon.colcon_core.verb:set package 'nav2_amcl' build argument 'cmake_force_configure' from command line to 'False'
[0.338s] Level 5:colcon.colcon_core.verb:set package 'nav2_amcl' build argument 'ament_cmake_args' from command line to 'None'
[0.338s] Level 5:colcon.colcon_core.verb:set package 'nav2_amcl' build argument 'catkin_cmake_args' from command line to 'None'
[0.338s] Level 5:colcon.colcon_core.verb:set package 'nav2_amcl' build argument 'catkin_skip_building_tests' from command line to 'False'
[0.338s] DEBUG:colcon.colcon_core.verb:Building package 'nav2_amcl' with the following arguments: {'ament_cmake_args': None, 'build_base': '/home/olympusforge/ros2_frost/build/nav2_amcl', 'catkin_cmake_args': None, 'catkin_skip_building_tests': False, 'cmake_args': None, 'cmake_clean_cache': False, 'cmake_clean_first': False, 'cmake_force_configure': False, 'cmake_target': None, 'cmake_target_skip_unavailable': False, 'install_base': '/home/olympusforge/ros2_frost/install/nav2_amcl', 'merge_install': False, 'path': '/home/olympusforge/ros2_frost/src/navigation2/nav2_amcl', 'symlink_install': False, 'test_result_base': None}
[0.339s] Level 5:colcon.colcon_core.verb:set package 'nav2_behavior_tree' build argument 'cmake_args' from command line to 'None'
[0.339s] Level 5:colcon.colcon_core.verb:set package 'nav2_behavior_tree' build argument 'cmake_target' from command line to 'None'
[0.339s] Level 5:colcon.colcon_core.verb:set package 'nav2_behavior_tree' build argument 'cmake_target_skip_unavailable' from command line to 'False'
[0.339s] Level 5:colcon.colcon_core.verb:set package 'nav2_behavior_tree' build argument 'cmake_clean_cache' from command line to 'False'
[0.339s] Level 5:colcon.colcon_core.verb:set package 'nav2_behavior_tree' build argument 'cmake_clean_first' from command line to 'False'
[0.339s] Level 5:colcon.colcon_core.verb:set package 'nav2_behavior_tree' build argument 'cmake_force_configure' from command line to 'False'
[0.339s] Level 5:colcon.colcon_core.verb:set package 'nav2_behavior_tree' build argument 'ament_cmake_args' from command line to 'None'
[0.339s] Level 5:colcon.colcon_core.verb:set package 'nav2_behavior_tree' build argument 'catkin_cmake_args' from command line to 'None'
[0.339s] Level 5:colcon.colcon_core.verb:set package 'nav2_behavior_tree' build argument 'catkin_skip_building_tests' from command line to 'False'
[0.339s] DEBUG:colcon.colcon_core.verb:Building package 'nav2_behavior_tree' with the following arguments: {'ament_cmake_args': None, 'build_base': '/home/olympusforge/ros2_frost/build/nav2_behavior_tree', 'catkin_cmake_args': None, 'catkin_skip_building_tests': False, 'cmake_args': None, 'cmake_clean_cache': False, 'cmake_clean_first': False, 'cmake_force_configure': False, 'cmake_target': None, 'cmake_target_skip_unavailable': False, 'install_base': '/home/olympusforge/ros2_frost/install/nav2_behavior_tree', 'merge_install': False, 'path': '/home/olympusforge/ros2_frost/src/navigation2/nav2_behavior_tree', 'symlink_install': False, 'test_result_base': None}
[0.339s] Level 5:colcon.colcon_core.verb:set package 'nav2_lifecycle_manager' build argument 'cmake_args' from command line to 'None'
[0.339s] Level 5:colcon.colcon_core.verb:set package 'nav2_lifecycle_manager' build argument 'cmake_target' from command line to 'None'
[0.339s] Level 5:colcon.colcon_core.verb:set package 'nav2_lifecycle_manager' build argument 'cmake_target_skip_unavailable' from command line to 'False'
[0.339s] Level 5:colcon.colcon_core.verb:set package 'nav2_lifecycle_manager' build argument 'cmake_clean_cache' from command line to 'False'
[0.339s] Level 5:colcon.colcon_core.verb:set package 'nav2_lifecycle_manager' build argument 'cmake_clean_first' from command line to 'False'
[0.339s] Level 5:colcon.colcon_core.verb:set package 'nav2_lifecycle_manager' build argument 'cmake_force_configure' from command line to 'False'
[0.339s] Level 5:colcon.colcon_core.verb:set package 'nav2_lifecycle_manager' build argument 'ament_cmake_args' from command line to 'None'
[0.339s] Level 5:colcon.colcon_core.verb:set package 'nav2_lifecycle_manager' build argument 'catkin_cmake_args' from command line to 'None'
[0.339s] Level 5:colcon.colcon_core.verb:set package 'nav2_lifecycle_manager' build argument 'catkin_skip_building_tests' from command line to 'False'
[0.339s] DEBUG:colcon.colcon_core.verb:Building package 'nav2_lifecycle_manager' with the following arguments: {'ament_cmake_args': None, 'build_base': '/home/olympusforge/ros2_frost/build/nav2_lifecycle_manager', 'catkin_cmake_args': None, 'catkin_skip_building_tests': False, 'cmake_args': None, 'cmake_clean_cache': False, 'cmake_clean_first': False, 'cmake_force_configure': False, 'cmake_target': None, 'cmake_target_skip_unavailable': False, 'install_base': '/home/olympusforge/ros2_frost/install/nav2_lifecycle_manager', 'merge_install': False, 'path': '/home/olympusforge/ros2_frost/src/navigation2/nav2_lifecycle_manager', 'symlink_install': False, 'test_result_base': None}
[0.339s] Level 5:colcon.colcon_core.verb:set package 'nav2_map_server' build argument 'cmake_args' from command line to 'None'
[0.339s] Level 5:colcon.colcon_core.verb:set package 'nav2_map_server' build argument 'cmake_target' from command line to 'None'
[0.340s] Level 5:colcon.colcon_core.verb:set package 'nav2_map_server' build argument 'cmake_target_skip_unavailable' from command line to 'False'
[0.340s] Level 5:colcon.colcon_core.verb:set package 'nav2_map_server' build argument 'cmake_clean_cache' from command line to 'False'
[0.340s] Level 5:colcon.colcon_core.verb:set package 'nav2_map_server' build argument 'cmake_clean_first' from command line to 'False'
[0.340s] Level 5:colcon.colcon_core.verb:set package 'nav2_map_server' build argument 'cmake_force_configure' from command line to 'False'
[0.340s] Level 5:colcon.colcon_core.verb:set package 'nav2_map_server' build argument 'ament_cmake_args' from command line to 'None'
[0.340s] Level 5:colcon.colcon_core.verb:set package 'nav2_map_server' build argument 'catkin_cmake_args' from command line to 'None'
[0.340s] Level 5:colcon.colcon_core.verb:set package 'nav2_map_server' build argument 'catkin_skip_building_tests' from command line to 'False'
[0.340s] DEBUG:colcon.colcon_core.verb:Building package 'nav2_map_server' with the following arguments: {'ament_cmake_args': None, 'build_base': '/home/olympusforge/ros2_frost/build/nav2_map_server', 'catkin_cmake_args': None, 'catkin_skip_building_tests': False, 'cmake_args': None, 'cmake_clean_cache': False, 'cmake_clean_first': False, 'cmake_force_configure': False, 'cmake_target': None, 'cmake_target_skip_unavailable': False, 'install_base': '/home/olympusforge/ros2_frost/install/nav2_map_server', 'merge_install': False, 'path': '/home/olympusforge/ros2_frost/src/navigation2/nav2_map_server', 'symlink_install': False, 'test_result_base': None}
[0.340s] Level 5:colcon.colcon_core.verb:set package 'nav2_velocity_smoother' build argument 'cmake_args' from command line to 'None'
[0.340s] Level 5:colcon.colcon_core.verb:set package 'nav2_velocity_smoother' build argument 'cmake_target' from command line to 'None'
[0.340s] Level 5:colcon.colcon_core.verb:set package 'nav2_velocity_smoother' build argument 'cmake_target_skip_unavailable' from command line to 'False'
[0.340s] Level 5:colcon.colcon_core.verb:set package 'nav2_velocity_smoother' build argument 'cmake_clean_cache' from command line to 'False'
[0.340s] Level 5:colcon.colcon_core.verb:set package 'nav2_velocity_smoother' build argument 'cmake_clean_first' from command line to 'False'
[0.340s] Level 5:colcon.colcon_core.verb:set package 'nav2_velocity_smoother' build argument 'cmake_force_configure' from command line to 'False'
[0.340s] Level 5:colcon.colcon_core.verb:set package 'nav2_velocity_smoother' build argument 'ament_cmake_args' from command line to 'None'
[0.340s] Level 5:colcon.colcon_core.verb:set package 'nav2_velocity_smoother' build argument 'catkin_cmake_args' from command line to 'None'
[0.340s] Level 5:colcon.colcon_core.verb:set package 'nav2_velocity_smoother' build argument 'catkin_skip_building_tests' from command line to 'False'
[0.340s] DEBUG:colcon.colcon_core.verb:Building package 'nav2_velocity_smoother' with the following arguments: {'ament_cmake_args': None, 'build_base': '/home/olympusforge/ros2_frost/build/nav2_velocity_smoother', 'catkin_cmake_args': None, 'catkin_skip_building_tests': False, 'cmake_args': None, 'cmake_clean_cache': False, 'cmake_clean_first': False, 'cmake_force_configure': False, 'cmake_target': None, 'cmake_target_skip_unavailable': False, 'install_base': '/home/olympusforge/ros2_frost/install/nav2_velocity_smoother', 'merge_install': False, 'path': '/home/olympusforge/ros2_frost/src/navigation2/nav2_velocity_smoother', 'symlink_install': False, 'test_result_base': None}
[0.340s] Level 5:colcon.colcon_core.verb:set package 'nav_2d_utils' build argument 'cmake_args' from command line to 'None'
[0.340s] Level 5:colcon.colcon_core.verb:set package 'nav_2d_utils' build argument 'cmake_target' from command line to 'None'
[0.340s] Level 5:colcon.colcon_core.verb:set package 'nav_2d_utils' build argument 'cmake_target_skip_unavailable' from command line to 'False'
[0.340s] Level 5:colcon.colcon_core.verb:set package 'nav_2d_utils' build argument 'cmake_clean_cache' from command line to 'False'
[0.340s] Level 5:colcon.colcon_core.verb:set package 'nav_2d_utils' build argument 'cmake_clean_first' from command line to 'False'
[0.340s] Level 5:colcon.colcon_core.verb:set package 'nav_2d_utils' build argument 'cmake_force_configure' from command line to 'False'
[0.340s] Level 5:colcon.colcon_core.verb:set package 'nav_2d_utils' build argument 'ament_cmake_args' from command line to 'None'
[0.340s] Level 5:colcon.colcon_core.verb:set package 'nav_2d_utils' build argument 'catkin_cmake_args' from command line to 'None'
[0.340s] Level 5:colcon.colcon_core.verb:set package 'nav_2d_utils' build argument 'catkin_skip_building_tests' from command line to 'False'
[0.340s] DEBUG:colcon.colcon_core.verb:Building package 'nav_2d_utils' with the following arguments: {'ament_cmake_args': None, 'build_base': '/home/olympusforge/ros2_frost/build/nav_2d_utils', 'catkin_cmake_args': None, 'catkin_skip_building_tests': False, 'cmake_args': None, 'cmake_clean_cache': False, 'cmake_clean_first': False, 'cmake_force_configure': False, 'cmake_target': None, 'cmake_target_skip_unavailable': False, 'install_base': '/home/olympusforge/ros2_frost/install/nav_2d_utils', 'merge_install': False, 'path': '/home/olympusforge/ros2_frost/src/navigation2/nav2_dwb_controller/nav_2d_utils', 'symlink_install': False, 'test_result_base': None}
[0.341s] Level 5:colcon.colcon_core.verb:set package 'nav2_costmap_2d' build argument 'cmake_args' from command line to 'None'
[0.341s] Level 5:colcon.colcon_core.verb:set package 'nav2_costmap_2d' build argument 'cmake_target' from command line to 'None'
[0.341s] Level 5:colcon.colcon_core.verb:set package 'nav2_costmap_2d' build argument 'cmake_target_skip_unavailable' from command line to 'False'
[0.341s] Level 5:colcon.colcon_core.verb:set package 'nav2_costmap_2d' build argument 'cmake_clean_cache' from command line to 'False'
[0.341s] Level 5:colcon.colcon_core.verb:set package 'nav2_costmap_2d' build argument 'cmake_clean_first' from command line to 'False'
[0.341s] Level 5:colcon.colcon_core.verb:set package 'nav2_costmap_2d' build argument 'cmake_force_configure' from command line to 'False'
[0.341s] Level 5:colcon.colcon_core.verb:set package 'nav2_costmap_2d' build argument 'ament_cmake_args' from command line to 'None'
[0.341s] Level 5:colcon.colcon_core.verb:set package 'nav2_costmap_2d' build argument 'catkin_cmake_args' from command line to 'None'
[0.341s] Level 5:colcon.colcon_core.verb:set package 'nav2_costmap_2d' build argument 'catkin_skip_building_tests' from command line to 'False'
[0.341s] DEBUG:colcon.colcon_core.verb:Building package 'nav2_costmap_2d' with the following arguments: {'ament_cmake_args': None, 'build_base': '/home/olympusforge/ros2_frost/build/nav2_costmap_2d', 'catkin_cmake_args': None, 'catkin_skip_building_tests': False, 'cmake_args': None, 'cmake_clean_cache': False, 'cmake_clean_first': False, 'cmake_force_configure': False, 'cmake_target': None, 'cmake_target_skip_unavailable': False, 'install_base': '/home/olympusforge/ros2_frost/install/nav2_costmap_2d', 'merge_install': False, 'path': '/home/olympusforge/ros2_frost/src/navigation2/nav2_costmap_2d', 'symlink_install': False, 'test_result_base': None}
[0.341s] Level 5:colcon.colcon_core.verb:set package 'nav2_rviz_plugins' build argument 'cmake_args' from command line to 'None'
[0.341s] Level 5:colcon.colcon_core.verb:set package 'nav2_rviz_plugins' build argument 'cmake_target' from command line to 'None'
[0.341s] Level 5:colcon.colcon_core.verb:set package 'nav2_rviz_plugins' build argument 'cmake_target_skip_unavailable' from command line to 'False'
[0.341s] Level 5:colcon.colcon_core.verb:set package 'nav2_rviz_plugins' build argument 'cmake_clean_cache' from command line to 'False'
[0.341s] Level 5:colcon.colcon_core.verb:set package 'nav2_rviz_plugins' build argument 'cmake_clean_first' from command line to 'False'
[0.341s] Level 5:colcon.colcon_core.verb:set package 'nav2_rviz_plugins' build argument 'cmake_force_configure' from command line to 'False'
[0.341s] Level 5:colcon.colcon_core.verb:set package 'nav2_rviz_plugins' build argument 'ament_cmake_args' from command line to 'None'
[0.341s] Level 5:colcon.colcon_core.verb:set package 'nav2_rviz_plugins' build argument 'catkin_cmake_args' from command line to 'None'
[0.341s] Level 5:colcon.colcon_core.verb:set package 'nav2_rviz_plugins' build argument 'catkin_skip_building_tests' from command line to 'False'
[0.341s] DEBUG:colcon.colcon_core.verb:Building package 'nav2_rviz_plugins' with the following arguments: {'ament_cmake_args': None, 'build_base': '/home/olympusforge/ros2_frost/build/nav2_rviz_plugins', 'catkin_cmake_args': None, 'catkin_skip_building_tests': False, 'cmake_args': None, 'cmake_clean_cache': False, 'cmake_clean_first': False, 'cmake_force_configure': False, 'cmake_target': None, 'cmake_target_skip_unavailable': False, 'install_base': '/home/olympusforge/ros2_frost/install/nav2_rviz_plugins', 'merge_install': False, 'path': '/home/olympusforge/ros2_frost/src/navigation2/nav2_rviz_plugins', 'symlink_install': False, 'test_result_base': None}
[0.341s] Level 5:colcon.colcon_core.verb:set package 'costmap_queue' build argument 'cmake_args' from command line to 'None'
[0.341s] Level 5:colcon.colcon_core.verb:set package 'costmap_queue' build argument 'cmake_target' from command line to 'None'
[0.341s] Level 5:colcon.colcon_core.verb:set package 'costmap_queue' build argument 'cmake_target_skip_unavailable' from command line to 'False'
[0.342s] Level 5:colcon.colcon_core.verb:set package 'costmap_queue' build argument 'cmake_clean_cache' from command line to 'False'
[0.342s] Level 5:colcon.colcon_core.verb:set package 'costmap_queue' build argument 'cmake_clean_first' from command line to 'False'
[0.342s] Level 5:colcon.colcon_core.verb:set package 'costmap_queue' build argument 'cmake_force_configure' from command line to 'False'
[0.342s] Level 5:colcon.colcon_core.verb:set package 'costmap_queue' build argument 'ament_cmake_args' from command line to 'None'
[0.342s] Level 5:colcon.colcon_core.verb:set package 'costmap_queue' build argument 'catkin_cmake_args' from command line to 'None'
[0.342s] Level 5:colcon.colcon_core.verb:set package 'costmap_queue' build argument 'catkin_skip_building_tests' from command line to 'False'
[0.342s] DEBUG:colcon.colcon_core.verb:Building package 'costmap_queue' with the following arguments: {'ament_cmake_args': None, 'build_base': '/home/olympusforge/ros2_frost/build/costmap_queue', 'catkin_cmake_args': None, 'catkin_skip_building_tests': False, 'cmake_args': None, 'cmake_clean_cache': False, 'cmake_clean_first': False, 'cmake_force_configure': False, 'cmake_target': None, 'cmake_target_skip_unavailable': False, 'install_base': '/home/olympusforge/ros2_frost/install/costmap_queue', 'merge_install': False, 'path': '/home/olympusforge/ros2_frost/src/navigation2/nav2_dwb_controller/costmap_queue', 'symlink_install': False, 'test_result_base': None}
[0.342s] Level 5:colcon.colcon_core.verb:set package 'nav2_collision_monitor' build argument 'cmake_args' from command line to 'None'
[0.342s] Level 5:colcon.colcon_core.verb:set package 'nav2_collision_monitor' build argument 'cmake_target' from command line to 'None'
[0.342s] Level 5:colcon.colcon_core.verb:set package 'nav2_collision_monitor' build argument 'cmake_target_skip_unavailable' from command line to 'False'
[0.342s] Level 5:colcon.colcon_core.verb:set package 'nav2_collision_monitor' build argument 'cmake_clean_cache' from command line to 'False'
[0.342s] Level 5:colcon.colcon_core.verb:set package 'nav2_collision_monitor' build argument 'cmake_clean_first' from command line to 'False'
[0.342s] Level 5:colcon.colcon_core.verb:set package 'nav2_collision_monitor' build argument 'cmake_force_configure' from command line to 'False'
[0.342s] Level 5:colcon.colcon_core.verb:set package 'nav2_collision_monitor' build argument 'ament_cmake_args' from command line to 'None'
[0.342s] Level 5:colcon.colcon_core.verb:set package 'nav2_collision_monitor' build argument 'catkin_cmake_args' from command line to 'None'
[0.342s] Level 5:colcon.colcon_core.verb:set package 'nav2_collision_monitor' build argument 'catkin_skip_building_tests' from command line to 'False'
[0.342s] DEBUG:colcon.colcon_core.verb:Building package 'nav2_collision_monitor' with the following arguments: {'ament_cmake_args': None, 'build_base': '/home/olympusforge/ros2_frost/build/nav2_collision_monitor', 'catkin_cmake_args': None, 'catkin_skip_building_tests': False, 'cmake_args': None, 'cmake_clean_cache': False, 'cmake_clean_first': False, 'cmake_force_configure': False, 'cmake_target': None, 'cmake_target_skip_unavailable': False, 'install_base': '/home/olympusforge/ros2_frost/install/nav2_collision_monitor', 'merge_install': False, 'path': '/home/olympusforge/ros2_frost/src/navigation2/nav2_collision_monitor', 'symlink_install': False, 'test_result_base': None}
[0.342s] Level 5:colcon.colcon_core.verb:set package 'nav2_core' build argument 'cmake_args' from command line to 'None'
[0.342s] Level 5:colcon.colcon_core.verb:set package 'nav2_core' build argument 'cmake_target' from command line to 'None'
[0.342s] Level 5:colcon.colcon_core.verb:set package 'nav2_core' build argument 'cmake_target_skip_unavailable' from command line to 'False'
[0.342s] Level 5:colcon.colcon_core.verb:set package 'nav2_core' build argument 'cmake_clean_cache' from command line to 'False'
[0.342s] Level 5:colcon.colcon_core.verb:set package 'nav2_core' build argument 'cmake_clean_first' from command line to 'False'
[0.342s] Level 5:colcon.colcon_core.verb:set package 'nav2_core' build argument 'cmake_force_configure' from command line to 'False'
[0.342s] Level 5:colcon.colcon_core.verb:set package 'nav2_core' build argument 'ament_cmake_args' from command line to 'None'
[0.342s] Level 5:colcon.colcon_core.verb:set package 'nav2_core' build argument 'catkin_cmake_args' from command line to 'None'
[0.342s] Level 5:colcon.colcon_core.verb:set package 'nav2_core' build argument 'catkin_skip_building_tests' from command line to 'False'
[0.342s] DEBUG:colcon.colcon_core.verb:Building package 'nav2_core' with the following arguments: {'ament_cmake_args': None, 'build_base': '/home/olympusforge/ros2_frost/build/nav2_core', 'catkin_cmake_args': None, 'catkin_skip_building_tests': False, 'cmake_args': None, 'cmake_clean_cache': False, 'cmake_clean_first': False, 'cmake_force_configure': False, 'cmake_target': None, 'cmake_target_skip_unavailable': False, 'install_base': '/home/olympusforge/ros2_frost/install/nav2_core', 'merge_install': False, 'path': '/home/olympusforge/ros2_frost/src/navigation2/nav2_core', 'symlink_install': False, 'test_result_base': None}
[0.342s] Level 5:colcon.colcon_core.verb:set package 'dwb_core' build argument 'cmake_args' from command line to 'None'
[0.343s] Level 5:colcon.colcon_core.verb:set package 'dwb_core' build argument 'cmake_target' from command line to 'None'
[0.343s] Level 5:colcon.colcon_core.verb:set package 'dwb_core' build argument 'cmake_target_skip_unavailable' from command line to 'False'
[0.343s] Level 5:colcon.colcon_core.verb:set package 'dwb_core' build argument 'cmake_clean_cache' from command line to 'False'
[0.343s] Level 5:colcon.colcon_core.verb:set package 'dwb_core' build argument 'cmake_clean_first' from command line to 'False'
[0.343s] Level 5:colcon.colcon_core.verb:set package 'dwb_core' build argument 'cmake_force_configure' from command line to 'False'
[0.343s] Level 5:colcon.colcon_core.verb:set package 'dwb_core' build argument 'ament_cmake_args' from command line to 'None'
[0.343s] Level 5:colcon.colcon_core.verb:set package 'dwb_core' build argument 'catkin_cmake_args' from command line to 'None'
[0.343s] Level 5:colcon.colcon_core.verb:set package 'dwb_core' build argument 'catkin_skip_building_tests' from command line to 'False'
[0.343s] DEBUG:colcon.colcon_core.verb:Building package 'dwb_core' with the following arguments: {'ament_cmake_args': None, 'build_base': '/home/olympusforge/ros2_frost/build/dwb_core', 'catkin_cmake_args': None, 'catkin_skip_building_tests': False, 'cmake_args': None, 'cmake_clean_cache': False, 'cmake_clean_first': False, 'cmake_force_configure': False, 'cmake_target': None, 'cmake_target_skip_unavailable': False, 'install_base': '/home/olympusforge/ros2_frost/install/dwb_core', 'merge_install': False, 'path': '/home/olympusforge/ros2_frost/src/navigation2/nav2_dwb_controller/dwb_core', 'symlink_install': False, 'test_result_base': None}
[0.343s] Level 5:colcon.colcon_core.verb:set package 'nav2_behaviors' build argument 'cmake_args' from command line to 'None'
[0.343s] Level 5:colcon.colcon_core.verb:set package 'nav2_behaviors' build argument 'cmake_target' from command line to 'None'
[0.343s] Level 5:colcon.colcon_core.verb:set package 'nav2_behaviors' build argument 'cmake_target_skip_unavailable' from command line to 'False'
[0.343s] Level 5:colcon.colcon_core.verb:set package 'nav2_behaviors' build argument 'cmake_clean_cache' from command line to 'False'
[0.343s] Level 5:colcon.colcon_core.verb:set package 'nav2_behaviors' build argument 'cmake_clean_first' from command line to 'False'
[0.343s] Level 5:colcon.colcon_core.verb:set package 'nav2_behaviors' build argument 'cmake_force_configure' from command line to 'False'
[0.343s] Level 5:colcon.colcon_core.verb:set package 'nav2_behaviors' build argument 'ament_cmake_args' from command line to 'None'
[0.343s] Level 5:colcon.colcon_core.verb:set package 'nav2_behaviors' build argument 'catkin_cmake_args' from command line to 'None'
[0.343s] Level 5:colcon.colcon_core.verb:set package 'nav2_behaviors' build argument 'catkin_skip_building_tests' from command line to 'False'
[0.343s] DEBUG:colcon.colcon_core.verb:Building package 'nav2_behaviors' with the following arguments: {'ament_cmake_args': None, 'build_base': '/home/olympusforge/ros2_frost/build/nav2_behaviors', 'catkin_cmake_args': None, 'catkin_skip_building_tests': False, 'cmake_args': None, 'cmake_clean_cache': False, 'cmake_clean_first': False, 'cmake_force_configure': False, 'cmake_target': None, 'cmake_target_skip_unavailable': False, 'install_base': '/home/olympusforge/ros2_frost/install/nav2_behaviors', 'merge_install': False, 'path': '/home/olympusforge/ros2_frost/src/navigation2/nav2_behaviors', 'symlink_install': False, 'test_result_base': None}
[0.344s] Level 5:colcon.colcon_core.verb:set package 'nav2_bt_navigator' build argument 'cmake_args' from command line to 'None'
[0.344s] Level 5:colcon.colcon_core.verb:set package 'nav2_bt_navigator' build argument 'cmake_target' from command line to 'None'
[0.344s] Level 5:colcon.colcon_core.verb:set package 'nav2_bt_navigator' build argument 'cmake_target_skip_unavailable' from command line to 'False'
[0.344s] Level 5:colcon.colcon_core.verb:set package 'nav2_bt_navigator' build argument 'cmake_clean_cache' from command line to 'False'
[0.344s] Level 5:colcon.colcon_core.verb:set package 'nav2_bt_navigator' build argument 'cmake_clean_first' from command line to 'False'
[0.344s] Level 5:colcon.colcon_core.verb:set package 'nav2_bt_navigator' build argument 'cmake_force_configure' from command line to 'False'
[0.344s] Level 5:colcon.colcon_core.verb:set package 'nav2_bt_navigator' build argument 'ament_cmake_args' from command line to 'None'
[0.344s] Level 5:colcon.colcon_core.verb:set package 'nav2_bt_navigator' build argument 'catkin_cmake_args' from command line to 'None'
[0.344s] Level 5:colcon.colcon_core.verb:set package 'nav2_bt_navigator' build argument 'catkin_skip_building_tests' from command line to 'False'
[0.344s] DEBUG:colcon.colcon_core.verb:Building package 'nav2_bt_navigator' with the following arguments: {'ament_cmake_args': None, 'build_base': '/home/olympusforge/ros2_frost/build/nav2_bt_navigator', 'catkin_cmake_args': None, 'catkin_skip_building_tests': False, 'cmake_args': None, 'cmake_clean_cache': False, 'cmake_clean_first': False, 'cmake_force_configure': False, 'cmake_target': None, 'cmake_target_skip_unavailable': False, 'install_base': '/home/olympusforge/ros2_frost/install/nav2_bt_navigator', 'merge_install': False, 'path': '/home/olympusforge/ros2_frost/src/navigation2/nav2_bt_navigator', 'symlink_install': False, 'test_result_base': None}
[0.344s] Level 5:colcon.colcon_core.verb:set package 'nav2_constrained_smoother' build argument 'cmake_args' from command line to 'None'
[0.344s] Level 5:colcon.colcon_core.verb:set package 'nav2_constrained_smoother' build argument 'cmake_target' from command line to 'None'
[0.344s] Level 5:colcon.colcon_core.verb:set package 'nav2_constrained_smoother' build argument 'cmake_target_skip_unavailable' from command line to 'False'
[0.344s] Level 5:colcon.colcon_core.verb:set package 'nav2_constrained_smoother' build argument 'cmake_clean_cache' from command line to 'False'
[0.344s] Level 5:colcon.colcon_core.verb:set package 'nav2_constrained_smoother' build argument 'cmake_clean_first' from command line to 'False'
[0.344s] Level 5:colcon.colcon_core.verb:set package 'nav2_constrained_smoother' build argument 'cmake_force_configure' from command line to 'False'
[0.344s] Level 5:colcon.colcon_core.verb:set package 'nav2_constrained_smoother' build argument 'ament_cmake_args' from command line to 'None'
[0.344s] Level 5:colcon.colcon_core.verb:set package 'nav2_constrained_smoother' build argument 'catkin_cmake_args' from command line to 'None'
[0.344s] Level 5:colcon.colcon_core.verb:set package 'nav2_constrained_smoother' build argument 'catkin_skip_building_tests' from command line to 'False'
[0.344s] DEBUG:colcon.colcon_core.verb:Building package 'nav2_constrained_smoother' with the following arguments: {'ament_cmake_args': None, 'build_base': '/home/olympusforge/ros2_frost/build/nav2_constrained_smoother', 'catkin_cmake_args': None, 'catkin_skip_building_tests': False, 'cmake_args': None, 'cmake_clean_cache': False, 'cmake_clean_first': False, 'cmake_force_configure': False, 'cmake_target': None, 'cmake_target_skip_unavailable': False, 'install_base': '/home/olympusforge/ros2_frost/install/nav2_constrained_smoother', 'merge_install': False, 'path': '/home/olympusforge/ros2_frost/src/navigation2/nav2_constrained_smoother', 'symlink_install': False, 'test_result_base': None}
[0.344s] Level 5:colcon.colcon_core.verb:set package 'nav2_controller' build argument 'cmake_args' from command line to 'None'
[0.344s] Level 5:colcon.colcon_core.verb:set package 'nav2_controller' build argument 'cmake_target' from command line to 'None'
[0.344s] Level 5:colcon.colcon_core.verb:set package 'nav2_controller' build argument 'cmake_target_skip_unavailable' from command line to 'False'
[0.344s] Level 5:colcon.colcon_core.verb:set package 'nav2_controller' build argument 'cmake_clean_cache' from command line to 'False'
[0.344s] Level 5:colcon.colcon_core.verb:set package 'nav2_controller' build argument 'cmake_clean_first' from command line to 'False'
[0.344s] Level 5:colcon.colcon_core.verb:set package 'nav2_controller' build argument 'cmake_force_configure' from command line to 'False'
[0.344s] Level 5:colcon.colcon_core.verb:set package 'nav2_controller' build argument 'ament_cmake_args' from command line to 'None'
[0.344s] Level 5:colcon.colcon_core.verb:set package 'nav2_controller' build argument 'catkin_cmake_args' from command line to 'None'
[0.344s] Level 5:colcon.colcon_core.verb:set package 'nav2_controller' build argument 'catkin_skip_building_tests' from command line to 'False'
[0.344s] DEBUG:colcon.colcon_core.verb:Building package 'nav2_controller' with the following arguments: {'ament_cmake_args': None, 'build_base': '/home/olympusforge/ros2_frost/build/nav2_controller', 'catkin_cmake_args': None, 'catkin_skip_building_tests': False, 'cmake_args': None, 'cmake_clean_cache': False, 'cmake_clean_first': False, 'cmake_force_configure': False, 'cmake_target': None, 'cmake_target_skip_unavailable': False, 'install_base': '/home/olympusforge/ros2_frost/install/nav2_controller', 'merge_install': False, 'path': '/home/olympusforge/ros2_frost/src/navigation2/nav2_controller', 'symlink_install': False, 'test_result_base': None}
[0.345s] Level 5:colcon.colcon_core.verb:set package 'nav2_mppi_controller' build argument 'cmake_args' from command line to 'None'
[0.345s] Level 5:colcon.colcon_core.verb:set package 'nav2_mppi_controller' build argument 'cmake_target' from command line to 'None'
[0.345s] Level 5:colcon.colcon_core.verb:set package 'nav2_mppi_controller' build argument 'cmake_target_skip_unavailable' from command line to 'False'
[0.345s] Level 5:colcon.colcon_core.verb:set package 'nav2_mppi_controller' build argument 'cmake_clean_cache' from command line to 'False'
[0.345s] Level 5:colcon.colcon_core.verb:set package 'nav2_mppi_controller' build argument 'cmake_clean_first' from command line to 'False'
[0.345s] Level 5:colcon.colcon_core.verb:set package 'nav2_mppi_controller' build argument 'cmake_force_configure' from command line to 'False'
[0.345s] Level 5:colcon.colcon_core.verb:set package 'nav2_mppi_controller' build argument 'ament_cmake_args' from command line to 'None'
[0.345s] Level 5:colcon.colcon_core.verb:set package 'nav2_mppi_controller' build argument 'catkin_cmake_args' from command line to 'None'
[0.345s] Level 5:colcon.colcon_core.verb:set package 'nav2_mppi_controller' build argument 'catkin_skip_building_tests' from command line to 'False'
[0.345s] DEBUG:colcon.colcon_core.verb:Building package 'nav2_mppi_controller' with the following arguments: {'ament_cmake_args': None, 'build_base': '/home/olympusforge/ros2_frost/build/nav2_mppi_controller', 'catkin_cmake_args': None, 'catkin_skip_building_tests': False, 'cmake_args': None, 'cmake_clean_cache': False, 'cmake_clean_first': False, 'cmake_force_configure': False, 'cmake_target': None, 'cmake_target_skip_unavailable': False, 'install_base': '/home/olympusforge/ros2_frost/install/nav2_mppi_controller', 'merge_install': False, 'path': '/home/olympusforge/ros2_frost/src/navigation2/nav2_mppi_controller', 'symlink_install': False, 'test_result_base': None}
[0.345s] Level 5:colcon.colcon_core.verb:set package 'nav2_navfn_planner' build argument 'cmake_args' from command line to 'None'
[0.345s] Level 5:colcon.colcon_core.verb:set package 'nav2_navfn_planner' build argument 'cmake_target' from command line to 'None'
[0.345s] Level 5:colcon.colcon_core.verb:set package 'nav2_navfn_planner' build argument 'cmake_target_skip_unavailable' from command line to 'False'
[0.345s] Level 5:colcon.colcon_core.verb:set package 'nav2_navfn_planner' build argument 'cmake_clean_cache' from command line to 'False'
[0.345s] Level 5:colcon.colcon_core.verb:set package 'nav2_navfn_planner' build argument 'cmake_clean_first' from command line to 'False'
[0.345s] Level 5:colcon.colcon_core.verb:set package 'nav2_navfn_planner' build argument 'cmake_force_configure' from command line to 'False'
[0.345s] Level 5:colcon.colcon_core.verb:set package 'nav2_navfn_planner' build argument 'ament_cmake_args' from command line to 'None'
[0.345s] Level 5:colcon.colcon_core.verb:set package 'nav2_navfn_planner' build argument 'catkin_cmake_args' from command line to 'None'
[0.345s] Level 5:colcon.colcon_core.verb:set package 'nav2_navfn_planner' build argument 'catkin_skip_building_tests' from command line to 'False'
[0.345s] DEBUG:colcon.colcon_core.verb:Building package 'nav2_navfn_planner' with the following arguments: {'ament_cmake_args': None, 'build_base': '/home/olympusforge/ros2_frost/build/nav2_navfn_planner', 'catkin_cmake_args': None, 'catkin_skip_building_tests': False, 'cmake_args': None, 'cmake_clean_cache': False, 'cmake_clean_first': False, 'cmake_force_configure': False, 'cmake_target': None, 'cmake_target_skip_unavailable': False, 'install_base': '/home/olympusforge/ros2_frost/install/nav2_navfn_planner', 'merge_install': False, 'path': '/home/olympusforge/ros2_frost/src/navigation2/nav2_navfn_planner', 'symlink_install': False, 'test_result_base': None}
[0.345s] Level 5:colcon.colcon_core.verb:set package 'nav2_planner' build argument 'cmake_args' from command line to 'None'
[0.345s] Level 5:colcon.colcon_core.verb:set package 'nav2_planner' build argument 'cmake_target' from command line to 'None'
[0.345s] Level 5:colcon.colcon_core.verb:set package 'nav2_planner' build argument 'cmake_target_skip_unavailable' from command line to 'False'
[0.345s] Level 5:colcon.colcon_core.verb:set package 'nav2_planner' build argument 'cmake_clean_cache' from command line to 'False'
[0.345s] Level 5:colcon.colcon_core.verb:set package 'nav2_planner' build argument 'cmake_clean_first' from command line to 'False'
[0.345s] Level 5:colcon.colcon_core.verb:set package 'nav2_planner' build argument 'cmake_force_configure' from command line to 'False'
[0.345s] Level 5:colcon.colcon_core.verb:set package 'nav2_planner' build argument 'ament_cmake_args' from command line to 'None'
[0.345s] Level 5:colcon.colcon_core.verb:set package 'nav2_planner' build argument 'catkin_cmake_args' from command line to 'None'
[0.345s] Level 5:colcon.colcon_core.verb:set package 'nav2_planner' build argument 'catkin_skip_building_tests' from command line to 'False'
[0.345s] DEBUG:colcon.colcon_core.verb:Building package 'nav2_planner' with the following arguments: {'ament_cmake_args': None, 'build_base': '/home/olympusforge/ros2_frost/build/nav2_planner', 'catkin_cmake_args': None, 'catkin_skip_building_tests': False, 'cmake_args': None, 'cmake_clean_cache': False, 'cmake_clean_first': False, 'cmake_force_configure': False, 'cmake_target': None, 'cmake_target_skip_unavailable': False, 'install_base': '/home/olympusforge/ros2_frost/install/nav2_planner', 'merge_install': False, 'path': '/home/olympusforge/ros2_frost/src/navigation2/nav2_planner', 'symlink_install': False, 'test_result_base': None}
[0.346s] Level 5:colcon.colcon_core.verb:set package 'nav2_regulated_pure_pursuit_controller' build argument 'cmake_args' from command line to 'None'
[0.346s] Level 5:colcon.colcon_core.verb:set package 'nav2_regulated_pure_pursuit_controller' build argument 'cmake_target' from command line to 'None'
[0.346s] Level 5:colcon.colcon_core.verb:set package 'nav2_regulated_pure_pursuit_controller' build argument 'cmake_target_skip_unavailable' from command line to 'False'
[0.346s] Level 5:colcon.colcon_core.verb:set package 'nav2_regulated_pure_pursuit_controller' build argument 'cmake_clean_cache' from command line to 'False'
[0.346s] Level 5:colcon.colcon_core.verb:set package 'nav2_regulated_pure_pursuit_controller' build argument 'cmake_clean_first' from command line to 'False'
[0.346s] Level 5:colcon.colcon_core.verb:set package 'nav2_regulated_pure_pursuit_controller' build argument 'cmake_force_configure' from command line to 'False'
[0.346s] Level 5:colcon.colcon_core.verb:set package 'nav2_regulated_pure_pursuit_controller' build argument 'ament_cmake_args' from command line to 'None'
[0.346s] Level 5:colcon.colcon_core.verb:set package 'nav2_regulated_pure_pursuit_controller' build argument 'catkin_cmake_args' from command line to 'None'
[0.346s] Level 5:colcon.colcon_core.verb:set package 'nav2_regulated_pure_pursuit_controller' build argument 'catkin_skip_building_tests' from command line to 'False'
[0.346s] DEBUG:colcon.colcon_core.verb:Building package 'nav2_regulated_pure_pursuit_controller' with the following arguments: {'ament_cmake_args': None, 'build_base': '/home/olympusforge/ros2_frost/build/nav2_regulated_pure_pursuit_controller', 'catkin_cmake_args': None, 'catkin_skip_building_tests': False, 'cmake_args': None, 'cmake_clean_cache': False, 'cmake_clean_first': False, 'cmake_force_configure': False, 'cmake_target': None, 'cmake_target_skip_unavailable': False, 'install_base': '/home/olympusforge/ros2_frost/install/nav2_regulated_pure_pursuit_controller', 'merge_install': False, 'path': '/home/olympusforge/ros2_frost/src/navigation2/nav2_regulated_pure_pursuit_controller', 'symlink_install': False, 'test_result_base': None}
[0.346s] Level 5:colcon.colcon_core.verb:set package 'nav2_smac_planner' build argument 'cmake_args' from command line to 'None'
[0.346s] Level 5:colcon.colcon_core.verb:set package 'nav2_smac_planner' build argument 'cmake_target' from command line to 'None'
[0.346s] Level 5:colcon.colcon_core.verb:set package 'nav2_smac_planner' build argument 'cmake_target_skip_unavailable' from command line to 'False'
[0.346s] Level 5:colcon.colcon_core.verb:set package 'nav2_smac_planner' build argument 'cmake_clean_cache' from command line to 'False'
[0.346s] Level 5:colcon.colcon_core.verb:set package 'nav2_smac_planner' build argument 'cmake_clean_first' from command line to 'False'
[0.346s] Level 5:colcon.colcon_core.verb:set package 'nav2_smac_planner' build argument 'cmake_force_configure' from command line to 'False'
[0.346s] Level 5:colcon.colcon_core.verb:set package 'nav2_smac_planner' build argument 'ament_cmake_args' from command line to 'None'
[0.346s] Level 5:colcon.colcon_core.verb:set package 'nav2_smac_planner' build argument 'catkin_cmake_args' from command line to 'None'
[0.346s] Level 5:colcon.colcon_core.verb:set package 'nav2_smac_planner' build argument 'catkin_skip_building_tests' from command line to 'False'
[0.346s] DEBUG:colcon.colcon_core.verb:Building package 'nav2_smac_planner' with the following arguments: {'ament_cmake_args': None, 'build_base': '/home/olympusforge/ros2_frost/build/nav2_smac_planner', 'catkin_cmake_args': None, 'catkin_skip_building_tests': False, 'cmake_args': None, 'cmake_clean_cache': False, 'cmake_clean_first': False, 'cmake_force_configure': False, 'cmake_target': None, 'cmake_target_skip_unavailable': False, 'install_base': '/home/olympusforge/ros2_frost/install/nav2_smac_planner', 'merge_install': False, 'path': '/home/olympusforge/ros2_frost/src/navigation2/nav2_smac_planner', 'symlink_install': False, 'test_result_base': None}
[0.347s] Level 5:colcon.colcon_core.verb:set package 'nav2_smoother' build argument 'cmake_args' from command line to 'None'
[0.347s] Level 5:colcon.colcon_core.verb:set package 'nav2_smoother' build argument 'cmake_target' from command line to 'None'
[0.347s] Level 5:colcon.colcon_core.verb:set package 'nav2_smoother' build argument 'cmake_target_skip_unavailable' from command line to 'False'
[0.347s] Level 5:colcon.colcon_core.verb:set package 'nav2_smoother' build argument 'cmake_clean_cache' from command line to 'False'
[0.347s] Level 5:colcon.colcon_core.verb:set package 'nav2_smoother' build argument 'cmake_clean_first' from command line to 'False'
[0.347s] Level 5:colcon.colcon_core.verb:set package 'nav2_smoother' build argument 'cmake_force_configure' from command line to 'False'
[0.347s] Level 5:colcon.colcon_core.verb:set package 'nav2_smoother' build argument 'ament_cmake_args' from command line to 'None'
[0.347s] Level 5:colcon.colcon_core.verb:set package 'nav2_smoother' build argument 'catkin_cmake_args' from command line to 'None'
[0.347s] Level 5:colcon.colcon_core.verb:set package 'nav2_smoother' build argument 'catkin_skip_building_tests' from command line to 'False'
[0.347s] DEBUG:colcon.colcon_core.verb:Building package 'nav2_smoother' with the following arguments: {'ament_cmake_args': None, 'build_base': '/home/olympusforge/ros2_frost/build/nav2_smoother', 'catkin_cmake_args': None, 'catkin_skip_building_tests': False, 'cmake_args': None, 'cmake_clean_cache': False, 'cmake_clean_first': False, 'cmake_force_configure': False, 'cmake_target': None, 'cmake_target_skip_unavailable': False, 'install_base': '/home/olympusforge/ros2_frost/install/nav2_smoother', 'merge_install': False, 'path': '/home/olympusforge/ros2_frost/src/navigation2/nav2_smoother', 'symlink_install': False, 'test_result_base': None}
[0.347s] Level 5:colcon.colcon_core.verb:set package 'nav2_theta_star_planner' build argument 'cmake_args' from command line to 'None'
[0.347s] Level 5:colcon.colcon_core.verb:set package 'nav2_theta_star_planner' build argument 'cmake_target' from command line to 'None'
[0.347s] Level 5:colcon.colcon_core.verb:set package 'nav2_theta_star_planner' build argument 'cmake_target_skip_unavailable' from command line to 'False'
[0.347s] Level 5:colcon.colcon_core.verb:set package 'nav2_theta_star_planner' build argument 'cmake_clean_cache' from command line to 'False'
[0.347s] Level 5:colcon.colcon_core.verb:set package 'nav2_theta_star_planner' build argument 'cmake_clean_first' from command line to 'False'
[0.347s] Level 5:colcon.colcon_core.verb:set package 'nav2_theta_star_planner' build argument 'cmake_force_configure' from command line to 'False'
[0.347s] Level 5:colcon.colcon_core.verb:set package 'nav2_theta_star_planner' build argument 'ament_cmake_args' from command line to 'None'
[0.347s] Level 5:colcon.colcon_core.verb:set package 'nav2_theta_star_planner' build argument 'catkin_cmake_args' from command line to 'None'
[0.347s] Level 5:colcon.colcon_core.verb:set package 'nav2_theta_star_planner' build argument 'catkin_skip_building_tests' from command line to 'False'
[0.347s] DEBUG:colcon.colcon_core.verb:Building package 'nav2_theta_star_planner' with the following arguments: {'ament_cmake_args': None, 'build_base': '/home/olympusforge/ros2_frost/build/nav2_theta_star_planner', 'catkin_cmake_args': None, 'catkin_skip_building_tests': False, 'cmake_args': None, 'cmake_clean_cache': False, 'cmake_clean_first': False, 'cmake_force_configure': False, 'cmake_target': None, 'cmake_target_skip_unavailable': False, 'install_base': '/home/olympusforge/ros2_frost/install/nav2_theta_star_planner', 'merge_install': False, 'path': '/home/olympusforge/ros2_frost/src/navigation2/nav2_theta_star_planner', 'symlink_install': False, 'test_result_base': None}
[0.347s] Level 5:colcon.colcon_core.verb:set package 'nav2_waypoint_follower' build argument 'cmake_args' from command line to 'None'
[0.347s] Level 5:colcon.colcon_core.verb:set package 'nav2_waypoint_follower' build argument 'cmake_target' from command line to 'None'
[0.347s] Level 5:colcon.colcon_core.verb:set package 'nav2_waypoint_follower' build argument 'cmake_target_skip_unavailable' from command line to 'False'
[0.347s] Level 5:colcon.colcon_core.verb:set package 'nav2_waypoint_follower' build argument 'cmake_clean_cache' from command line to 'False'
[0.347s] Level 5:colcon.colcon_core.verb:set package 'nav2_waypoint_follower' build argument 'cmake_clean_first' from command line to 'False'
[0.347s] Level 5:colcon.colcon_core.verb:set package 'nav2_waypoint_follower' build argument 'cmake_force_configure' from command line to 'False'
[0.347s] Level 5:colcon.colcon_core.verb:set package 'nav2_waypoint_follower' build argument 'ament_cmake_args' from command line to 'None'
[0.347s] Level 5:colcon.colcon_core.verb:set package 'nav2_waypoint_follower' build argument 'catkin_cmake_args' from command line to 'None'
[0.347s] Level 5:colcon.colcon_core.verb:set package 'nav2_waypoint_follower' build argument 'catkin_skip_building_tests' from command line to 'False'
[0.347s] DEBUG:colcon.colcon_core.verb:Building package 'nav2_waypoint_follower' with the following arguments: {'ament_cmake_args': None, 'build_base': '/home/olympusforge/ros2_frost/build/nav2_waypoint_follower', 'catkin_cmake_args': None, 'catkin_skip_building_tests': False, 'cmake_args': None, 'cmake_clean_cache': False, 'cmake_clean_first': False, 'cmake_force_configure': False, 'cmake_target': None, 'cmake_target_skip_unavailable': False, 'install_base': '/home/olympusforge/ros2_frost/install/nav2_waypoint_follower', 'merge_install': False, 'path': '/home/olympusforge/ros2_frost/src/navigation2/nav2_waypoint_follower', 'symlink_install': False, 'test_result_base': None}
[0.348s] Level 5:colcon.colcon_core.verb:set package 'opennav_docking_bt' build argument 'cmake_args' from command line to 'None'
[0.348s] Level 5:colcon.colcon_core.verb:set package 'opennav_docking_bt' build argument 'cmake_target' from command line to 'None'
[0.348s] Level 5:colcon.colcon_core.verb:set package 'opennav_docking_bt' build argument 'cmake_target_skip_unavailable' from command line to 'False'
[0.348s] Level 5:colcon.colcon_core.verb:set package 'opennav_docking_bt' build argument 'cmake_clean_cache' from command line to 'False'
[0.348s] Level 5:colcon.colcon_core.verb:set package 'opennav_docking_bt' build argument 'cmake_clean_first' from command line to 'False'
[0.348s] Level 5:colcon.colcon_core.verb:set package 'opennav_docking_bt' build argument 'cmake_force_configure' from command line to 'False'
[0.348s] Level 5:colcon.colcon_core.verb:set package 'opennav_docking_bt' build argument 'ament_cmake_args' from command line to 'None'
[0.348s] Level 5:colcon.colcon_core.verb:set package 'opennav_docking_bt' build argument 'catkin_cmake_args' from command line to 'None'
[0.348s] Level 5:colcon.colcon_core.verb:set package 'opennav_docking_bt' build argument 'catkin_skip_building_tests' from command line to 'False'
[0.348s] DEBUG:colcon.colcon_core.verb:Building package 'opennav_docking_bt' with the following arguments: {'ament_cmake_args': None, 'build_base': '/home/olympusforge/ros2_frost/build/opennav_docking_bt', 'catkin_cmake_args': None, 'catkin_skip_building_tests': False, 'cmake_args': None, 'cmake_clean_cache': False, 'cmake_clean_first': False, 'cmake_force_configure': False, 'cmake_target': None, 'cmake_target_skip_unavailable': False, 'install_base': '/home/olympusforge/ros2_frost/install/opennav_docking_bt', 'merge_install': False, 'path': '/home/olympusforge/ros2_frost/src/navigation2/nav2_docking/opennav_docking_bt', 'symlink_install': False, 'test_result_base': None}
[0.348s] Level 5:colcon.colcon_core.verb:set package 'dwb_critics' build argument 'cmake_args' from command line to 'None'
[0.348s] Level 5:colcon.colcon_core.verb:set package 'dwb_critics' build argument 'cmake_target' from command line to 'None'
[0.348s] Level 5:colcon.colcon_core.verb:set package 'dwb_critics' build argument 'cmake_target_skip_unavailable' from command line to 'False'
[0.348s] Level 5:colcon.colcon_core.verb:set package 'dwb_critics' build argument 'cmake_clean_cache' from command line to 'False'
[0.348s] Level 5:colcon.colcon_core.verb:set package 'dwb_critics' build argument 'cmake_clean_first' from command line to 'False'
[0.348s] Level 5:colcon.colcon_core.verb:set package 'dwb_critics' build argument 'cmake_force_configure' from command line to 'False'
[0.348s] Level 5:colcon.colcon_core.verb:set package 'dwb_critics' build argument 'ament_cmake_args' from command line to 'None'
[0.348s] Level 5:colcon.colcon_core.verb:set package 'dwb_critics' build argument 'catkin_cmake_args' from command line to 'None'
[0.348s] Level 5:colcon.colcon_core.verb:set package 'dwb_critics' build argument 'catkin_skip_building_tests' from command line to 'False'
[0.348s] DEBUG:colcon.colcon_core.verb:Building package 'dwb_critics' with the following arguments: {'ament_cmake_args': None, 'build_base': '/home/olympusforge/ros2_frost/build/dwb_critics', 'catkin_cmake_args': None, 'catkin_skip_building_tests': False, 'cmake_args': None, 'cmake_clean_cache': False, 'cmake_clean_first': False, 'cmake_force_configure': False, 'cmake_target': None, 'cmake_target_skip_unavailable': False, 'install_base': '/home/olympusforge/ros2_frost/install/dwb_critics', 'merge_install': False, 'path': '/home/olympusforge/ros2_frost/src/navigation2/nav2_dwb_controller/dwb_critics', 'symlink_install': False, 'test_result_base': None}
[0.348s] Level 5:colcon.colcon_core.verb:set package 'dwb_plugins' build argument 'cmake_args' from command line to 'None'
[0.348s] Level 5:colcon.colcon_core.verb:set package 'dwb_plugins' build argument 'cmake_target' from command line to 'None'
[0.348s] Level 5:colcon.colcon_core.verb:set package 'dwb_plugins' build argument 'cmake_target_skip_unavailable' from command line to 'False'
[0.348s] Level 5:colcon.colcon_core.verb:set package 'dwb_plugins' build argument 'cmake_clean_cache' from command line to 'False'
[0.349s] Level 5:colcon.colcon_core.verb:set package 'dwb_plugins' build argument 'cmake_clean_first' from command line to 'False'
[0.349s] Level 5:colcon.colcon_core.verb:set package 'dwb_plugins' build argument 'cmake_force_configure' from command line to 'False'
[0.349s] Level 5:colcon.colcon_core.verb:set package 'dwb_plugins' build argument 'ament_cmake_args' from command line to 'None'
[0.349s] Level 5:colcon.colcon_core.verb:set package 'dwb_plugins' build argument 'catkin_cmake_args' from command line to 'None'
[0.349s] Level 5:colcon.colcon_core.verb:set package 'dwb_plugins' build argument 'catkin_skip_building_tests' from command line to 'False'
[0.349s] DEBUG:colcon.colcon_core.verb:Building package 'dwb_plugins' with the following arguments: {'ament_cmake_args': None, 'build_base': '/home/olympusforge/ros2_frost/build/dwb_plugins', 'catkin_cmake_args': None, 'catkin_skip_building_tests': False, 'cmake_args': None, 'cmake_clean_cache': False, 'cmake_clean_first': False, 'cmake_force_configure': False, 'cmake_target': None, 'cmake_target_skip_unavailable': False, 'install_base': '/home/olympusforge/ros2_frost/install/dwb_plugins', 'merge_install': False, 'path': '/home/olympusforge/ros2_frost/src/navigation2/nav2_dwb_controller/dwb_plugins', 'symlink_install': False, 'test_result_base': None}
[0.349s] Level 5:colcon.colcon_core.verb:set package 'nav2_graceful_controller' build argument 'cmake_args' from command line to 'None'
[0.349s] Level 5:colcon.colcon_core.verb:set package 'nav2_graceful_controller' build argument 'cmake_target' from command line to 'None'
[0.349s] Level 5:colcon.colcon_core.verb:set package 'nav2_graceful_controller' build argument 'cmake_target_skip_unavailable' from command line to 'False'
[0.349s] Level 5:colcon.colcon_core.verb:set package 'nav2_graceful_controller' build argument 'cmake_clean_cache' from command line to 'False'
[0.349s] Level 5:colcon.colcon_core.verb:set package 'nav2_graceful_controller' build argument 'cmake_clean_first' from command line to 'False'
[0.349s] Level 5:colcon.colcon_core.verb:set package 'nav2_graceful_controller' build argument 'cmake_force_configure' from command line to 'False'
[0.349s] Level 5:colcon.colcon_core.verb:set package 'nav2_graceful_controller' build argument 'ament_cmake_args' from command line to 'None'
[0.349s] Level 5:colcon.colcon_core.verb:set package 'nav2_graceful_controller' build argument 'catkin_cmake_args' from command line to 'None'
[0.349s] Level 5:colcon.colcon_core.verb:set package 'nav2_graceful_controller' build argument 'catkin_skip_building_tests' from command line to 'False'
[0.349s] DEBUG:colcon.colcon_core.verb:Building package 'nav2_graceful_controller' with the following arguments: {'ament_cmake_args': None, 'build_base': '/home/olympusforge/ros2_frost/build/nav2_graceful_controller', 'catkin_cmake_args': None, 'catkin_skip_building_tests': False, 'cmake_args': None, 'cmake_clean_cache': False, 'cmake_clean_first': False, 'cmake_force_configure': False, 'cmake_target': None, 'cmake_target_skip_unavailable': False, 'install_base': '/home/olympusforge/ros2_frost/install/nav2_graceful_controller', 'merge_install': False, 'path': '/home/olympusforge/ros2_frost/src/navigation2/nav2_graceful_controller', 'symlink_install': False, 'test_result_base': None}
[0.349s] Level 5:colcon.colcon_core.verb:set package 'nav2_rotation_shim_controller' build argument 'cmake_args' from command line to 'None'
[0.349s] Level 5:colcon.colcon_core.verb:set package 'nav2_rotation_shim_controller' build argument 'cmake_target' from command line to 'None'
[0.349s] Level 5:colcon.colcon_core.verb:set package 'nav2_rotation_shim_controller' build argument 'cmake_target_skip_unavailable' from command line to 'False'
[0.349s] Level 5:colcon.colcon_core.verb:set package 'nav2_rotation_shim_controller' build argument 'cmake_clean_cache' from command line to 'False'
[0.349s] Level 5:colcon.colcon_core.verb:set package 'nav2_rotation_shim_controller' build argument 'cmake_clean_first' from command line to 'False'
[0.349s] Level 5:colcon.colcon_core.verb:set package 'nav2_rotation_shim_controller' build argument 'cmake_force_configure' from command line to 'False'
[0.349s] Level 5:colcon.colcon_core.verb:set package 'nav2_rotation_shim_controller' build argument 'ament_cmake_args' from command line to 'None'
[0.349s] Level 5:colcon.colcon_core.verb:set package 'nav2_rotation_shim_controller' build argument 'catkin_cmake_args' from command line to 'None'
[0.349s] Level 5:colcon.colcon_core.verb:set package 'nav2_rotation_shim_controller' build argument 'catkin_skip_building_tests' from command line to 'False'
[0.349s] DEBUG:colcon.colcon_core.verb:Building package 'nav2_rotation_shim_controller' with the following arguments: {'ament_cmake_args': None, 'build_base': '/home/olympusforge/ros2_frost/build/nav2_rotation_shim_controller', 'catkin_cmake_args': None, 'catkin_skip_building_tests': False, 'cmake_args': None, 'cmake_clean_cache': False, 'cmake_clean_first': False, 'cmake_force_configure': False, 'cmake_target': None, 'cmake_target_skip_unavailable': False, 'install_base': '/home/olympusforge/ros2_frost/install/nav2_rotation_shim_controller', 'merge_install': False, 'path': '/home/olympusforge/ros2_frost/src/navigation2/nav2_rotation_shim_controller', 'symlink_install': False, 'test_result_base': None}
[0.350s] Level 5:colcon.colcon_core.verb:set package 'nav2_dwb_controller' build argument 'cmake_args' from command line to 'None'
[0.350s] Level 5:colcon.colcon_core.verb:set package 'nav2_dwb_controller' build argument 'cmake_target' from command line to 'None'
[0.350s] Level 5:colcon.colcon_core.verb:set package 'nav2_dwb_controller' build argument 'cmake_target_skip_unavailable' from command line to 'False'
[0.350s] Level 5:colcon.colcon_core.verb:set package 'nav2_dwb_controller' build argument 'cmake_clean_cache' from command line to 'False'
[0.350s] Level 5:colcon.colcon_core.verb:set package 'nav2_dwb_controller' build argument 'cmake_clean_first' from command line to 'False'
[0.350s] Level 5:colcon.colcon_core.verb:set package 'nav2_dwb_controller' build argument 'cmake_force_configure' from command line to 'False'
[0.350s] Level 5:colcon.colcon_core.verb:set package 'nav2_dwb_controller' build argument 'ament_cmake_args' from command line to 'None'
[0.350s] Level 5:colcon.colcon_core.verb:set package 'nav2_dwb_controller' build argument 'catkin_cmake_args' from command line to 'None'
[0.350s] Level 5:colcon.colcon_core.verb:set package 'nav2_dwb_controller' build argument 'catkin_skip_building_tests' from command line to 'False'
[0.350s] DEBUG:colcon.colcon_core.verb:Building package 'nav2_dwb_controller' with the following arguments: {'ament_cmake_args': None, 'build_base': '/home/olympusforge/ros2_frost/build/nav2_dwb_controller', 'catkin_cmake_args': None, 'catkin_skip_building_tests': False, 'cmake_args': None, 'cmake_clean_cache': False, 'cmake_clean_first': False, 'cmake_force_configure': False, 'cmake_target': None, 'cmake_target_skip_unavailable': False, 'install_base': '/home/olympusforge/ros2_frost/install/nav2_dwb_controller', 'merge_install': False, 'path': '/home/olympusforge/ros2_frost/src/navigation2/nav2_dwb_controller/nav2_dwb_controller', 'symlink_install': False, 'test_result_base': None}
[0.350s] Level 5:colcon.colcon_core.verb:set package 'opennav_docking' build argument 'cmake_args' from command line to 'None'
[0.350s] Level 5:colcon.colcon_core.verb:set package 'opennav_docking' build argument 'cmake_target' from command line to 'None'
[0.350s] Level 5:colcon.colcon_core.verb:set package 'opennav_docking' build argument 'cmake_target_skip_unavailable' from command line to 'False'
[0.350s] Level 5:colcon.colcon_core.verb:set package 'opennav_docking' build argument 'cmake_clean_cache' from command line to 'False'
[0.350s] Level 5:colcon.colcon_core.verb:set package 'opennav_docking' build argument 'cmake_clean_first' from command line to 'False'
[0.350s] Level 5:colcon.colcon_core.verb:set package 'opennav_docking' build argument 'cmake_force_configure' from command line to 'False'
[0.350s] Level 5:colcon.colcon_core.verb:set package 'opennav_docking' build argument 'ament_cmake_args' from command line to 'None'
[0.350s] Level 5:colcon.colcon_core.verb:set package 'opennav_docking' build argument 'catkin_cmake_args' from command line to 'None'
[0.350s] Level 5:colcon.colcon_core.verb:set package 'opennav_docking' build argument 'catkin_skip_building_tests' from command line to 'False'
[0.350s] DEBUG:colcon.colcon_core.verb:Building package 'opennav_docking' with the following arguments: {'ament_cmake_args': None, 'build_base': '/home/olympusforge/ros2_frost/build/opennav_docking', 'catkin_cmake_args': None, 'catkin_skip_building_tests': False, 'cmake_args': None, 'cmake_clean_cache': False, 'cmake_clean_first': False, 'cmake_force_configure': False, 'cmake_target': None, 'cmake_target_skip_unavailable': False, 'install_base': '/home/olympusforge/ros2_frost/install/opennav_docking', 'merge_install': False, 'path': '/home/olympusforge/ros2_frost/src/navigation2/nav2_docking/opennav_docking', 'symlink_install': False, 'test_result_base': None}
[0.351s] Level 5:colcon.colcon_core.verb:set package 'navigation2' build argument 'cmake_args' from command line to 'None'
[0.351s] Level 5:colcon.colcon_core.verb:set package 'navigation2' build argument 'cmake_target' from command line to 'None'
[0.351s] Level 5:colcon.colcon_core.verb:set package 'navigation2' build argument 'cmake_target_skip_unavailable' from command line to 'False'
[0.351s] Level 5:colcon.colcon_core.verb:set package 'navigation2' build argument 'cmake_clean_cache' from command line to 'False'
[0.351s] Level 5:colcon.colcon_core.verb:set package 'navigation2' build argument 'cmake_clean_first' from command line to 'False'
[0.351s] Level 5:colcon.colcon_core.verb:set package 'navigation2' build argument 'cmake_force_configure' from command line to 'False'
[0.351s] Level 5:colcon.colcon_core.verb:set package 'navigation2' build argument 'ament_cmake_args' from command line to 'None'
[0.351s] Level 5:colcon.colcon_core.verb:set package 'navigation2' build argument 'catkin_cmake_args' from command line to 'None'
[0.351s] Level 5:colcon.colcon_core.verb:set package 'navigation2' build argument 'catkin_skip_building_tests' from command line to 'False'
[0.351s] DEBUG:colcon.colcon_core.verb:Building package 'navigation2' with the following arguments: {'ament_cmake_args': None, 'build_base': '/home/olympusforge/ros2_frost/build/navigation2', 'catkin_cmake_args': None, 'catkin_skip_building_tests': False, 'cmake_args': None, 'cmake_clean_cache': False, 'cmake_clean_first': False, 'cmake_force_configure': False, 'cmake_target': None, 'cmake_target_skip_unavailable': False, 'install_base': '/home/olympusforge/ros2_frost/install/navigation2', 'merge_install': False, 'path': '/home/olympusforge/ros2_frost/src/navigation2/navigation2', 'symlink_install': False, 'test_result_base': None}
[0.351s] Level 5:colcon.colcon_core.verb:set package 'nav2_bringup' build argument 'cmake_args' from command line to 'None'
[0.351s] Level 5:colcon.colcon_core.verb:set package 'nav2_bringup' build argument 'cmake_target' from command line to 'None'
[0.351s] Level 5:colcon.colcon_core.verb:set package 'nav2_bringup' build argument 'cmake_target_skip_unavailable' from command line to 'False'
[0.351s] Level 5:colcon.colcon_core.verb:set package 'nav2_bringup' build argument 'cmake_clean_cache' from command line to 'False'
[0.351s] Level 5:colcon.colcon_core.verb:set package 'nav2_bringup' build argument 'cmake_clean_first' from command line to 'False'
[0.351s] Level 5:colcon.colcon_core.verb:set package 'nav2_bringup' build argument 'cmake_force_configure' from command line to 'False'
[0.351s] Level 5:colcon.colcon_core.verb:set package 'nav2_bringup' build argument 'ament_cmake_args' from command line to 'None'
[0.351s] Level 5:colcon.colcon_core.verb:set package 'nav2_bringup' build argument 'catkin_cmake_args' from command line to 'None'
[0.351s] Level 5:colcon.colcon_core.verb:set package 'nav2_bringup' build argument 'catkin_skip_building_tests' from command line to 'False'
[0.351s] DEBUG:colcon.colcon_core.verb:Building package 'nav2_bringup' with the following arguments: {'ament_cmake_args': None, 'build_base': '/home/olympusforge/ros2_frost/build/nav2_bringup', 'catkin_cmake_args': None, 'catkin_skip_building_tests': False, 'cmake_args': None, 'cmake_clean_cache': False, 'cmake_clean_first': False, 'cmake_force_configure': False, 'cmake_target': None, 'cmake_target_skip_unavailable': False, 'install_base': '/home/olympusforge/ros2_frost/install/nav2_bringup', 'merge_install': False, 'path': '/home/olympusforge/ros2_frost/src/navigation2/nav2_bringup', 'symlink_install': False, 'test_result_base': None}
[0.351s] Level 5:colcon.colcon_core.verb:set package 'nav2_system_tests' build argument 'cmake_args' from command line to 'None'
[0.351s] Level 5:colcon.colcon_core.verb:set package 'nav2_system_tests' build argument 'cmake_target' from command line to 'None'
[0.351s] Level 5:colcon.colcon_core.verb:set package 'nav2_system_tests' build argument 'cmake_target_skip_unavailable' from command line to 'False'
[0.351s] Level 5:colcon.colcon_core.verb:set package 'nav2_system_tests' build argument 'cmake_clean_cache' from command line to 'False'
[0.351s] Level 5:colcon.colcon_core.verb:set package 'nav2_system_tests' build argument 'cmake_clean_first' from command line to 'False'
[0.351s] Level 5:colcon.colcon_core.verb:set package 'nav2_system_tests' build argument 'cmake_force_configure' from command line to 'False'
[0.351s] Level 5:colcon.colcon_core.verb:set package 'nav2_system_tests' build argument 'ament_cmake_args' from command line to 'None'
[0.351s] Level 5:colcon.colcon_core.verb:set package 'nav2_system_tests' build argument 'catkin_cmake_args' from command line to 'None'
[0.351s] Level 5:colcon.colcon_core.verb:set package 'nav2_system_tests' build argument 'catkin_skip_building_tests' from command line to 'False'
[0.351s] DEBUG:colcon.colcon_core.verb:Building package 'nav2_system_tests' with the following arguments: {'ament_cmake_args': None, 'build_base': '/home/olympusforge/ros2_frost/build/nav2_system_tests', 'catkin_cmake_args': None, 'catkin_skip_building_tests': False, 'cmake_args': None, 'cmake_clean_cache': False, 'cmake_clean_first': False, 'cmake_force_configure': False, 'cmake_target': None, 'cmake_target_skip_unavailable': False, 'install_base': '/home/olympusforge/ros2_frost/install/nav2_system_tests', 'merge_install': False, 'path': '/home/olympusforge/ros2_frost/src/navigation2/nav2_system_tests', 'symlink_install': False, 'test_result_base': None}
[0.352s] INFO:colcon.colcon_core.executor:Executing jobs using 'parallel' executor
[0.353s] DEBUG:colcon.colcon_parallel_executor.executor.parallel:run_until_complete
[0.354s] INFO:colcon.colcon_ros.task.ament_cmake.build:Building ROS package in '/home/olympusforge/ros2_frost/src/navigation2/nav2_common' with build type 'ament_cmake'
[0.354s] INFO:colcon.colcon_cmake.task.cmake.build:Building CMake package in '/home/olympusforge/ros2_frost/src/navigation2/nav2_common'
[0.357s] INFO:colcon.colcon_core.plugin_system:Skipping extension 'colcon_core.shell.bat': Not used on non-Windows systems
[0.357s] INFO:colcon.colcon_core.shell:Skip shell extension 'powershell' for command environment: Not usable outside of PowerShell
[0.357s] DEBUG:colcon.colcon_core.shell:Skip shell extension 'dsv' for command environment
[0.373s] INFO:colcon.colcon_ros.task.ament_cmake.build:Building ROS package in '/home/olympusforge/ros2_frost/src/navigation2/nav2_dwb_controller/nav_2d_msgs' with build type 'ament_cmake'
[0.373s] INFO:colcon.colcon_cmake.task.cmake.build:Building CMake package in '/home/olympusforge/ros2_frost/src/navigation2/nav2_dwb_controller/nav_2d_msgs'
[0.376s] INFO:colcon.colcon_core.shell:Skip shell extension 'powershell' for command environment: Not usable outside of PowerShell
[0.376s] DEBUG:colcon.colcon_core.shell:Skip shell extension 'dsv' for command environment
[0.411s] INFO:colcon.colcon_ros.task.ament_python.build:Building ROS package in '/home/olympusforge/ros2_frost/src/navigation2/nav2_loopback_sim' with build type 'ament_python'
[0.411s] Level 1:colcon.colcon_core.shell:create_environment_hook('nav2_loopback_sim', 'ament_prefix_path')
[0.412s] INFO:colcon.colcon_core.shell:Creating environment hook '/home/olympusforge/ros2_frost/install/nav2_loopback_sim/share/nav2_loopback_sim/hook/ament_prefix_path.ps1'
[0.413s] INFO:colcon.colcon_core.shell:Creating environment descriptor '/home/olympusforge/ros2_frost/install/nav2_loopback_sim/share/nav2_loopback_sim/hook/ament_prefix_path.dsv'
[0.414s] INFO:colcon.colcon_core.shell:Creating environment hook '/home/olympusforge/ros2_frost/install/nav2_loopback_sim/share/nav2_loopback_sim/hook/ament_prefix_path.sh'
[0.418s] INFO:colcon.colcon_core.shell:Skip shell extension 'powershell' for command environment: Not usable outside of PowerShell
[0.418s] DEBUG:colcon.colcon_core.shell:Skip shell extension 'dsv' for command environment
[0.421s] INFO:colcon.colcon_ros.task.ament_cmake.build:Building ROS package in '/home/olympusforge/ros2_frost/src/tortoisebot/tortoisebot_bringup' with build type 'ament_cmake'
[0.421s] INFO:colcon.colcon_cmake.task.cmake.build:Building CMake package in '/home/olympusforge/ros2_frost/src/tortoisebot/tortoisebot_bringup'
[0.422s] INFO:colcon.colcon_core.shell:Skip shell extension 'powershell' for command environment: Not usable outside of PowerShell
[0.422s] DEBUG:colcon.colcon_core.shell:Skip shell extension 'dsv' for command environment
[0.425s] INFO:colcon.colcon_ros.task.ament_python.build:Building ROS package in '/home/olympusforge/ros2_frost/src/tortoisebot/tortoisebot_control' with build type 'ament_python'
[0.425s] Level 1:colcon.colcon_core.shell:create_environment_hook('tortoisebot_control', 'ament_prefix_path')
[0.425s] INFO:colcon.colcon_core.shell:Creating environment hook '/home/olympusforge/ros2_frost/install/tortoisebot_control/share/tortoisebot_control/hook/ament_prefix_path.ps1'
[0.426s] INFO:colcon.colcon_core.shell:Creating environment descriptor '/home/olympusforge/ros2_frost/install/tortoisebot_control/share/tortoisebot_control/hook/ament_prefix_path.dsv'
[0.426s] INFO:colcon.colcon_core.shell:Creating environment hook '/home/olympusforge/ros2_frost/install/tortoisebot_control/share/tortoisebot_control/hook/ament_prefix_path.sh'
[0.427s] INFO:colcon.colcon_core.shell:Skip shell extension 'powershell' for command environment: Not usable outside of PowerShell
[0.428s] DEBUG:colcon.colcon_core.shell:Skip shell extension 'dsv' for command environment
[0.431s] INFO:colcon.colcon_ros.task.ament_cmake.build:Building ROS package in '/home/olympusforge/ros2_frost/src/tortoisebot/tortoisebot_description' with build type 'ament_cmake'
[0.432s] INFO:colcon.colcon_cmake.task.cmake.build:Building CMake package in '/home/olympusforge/ros2_frost/src/tortoisebot/tortoisebot_description'
[0.434s] INFO:colcon.colcon_core.shell:Skip shell extension 'powershell' for command environment: Not usable outside of PowerShell
[0.434s] DEBUG:colcon.colcon_core.shell:Skip shell extension 'dsv' for command environment
[0.458s] INFO:colcon.colcon_ros.task.ament_cmake.build:Building ROS package in '/home/olympusforge/ros2_frost/src/tortoisebot/tortoisebot_firmware' with build type 'ament_cmake'
[0.458s] INFO:colcon.colcon_cmake.task.cmake.build:Building CMake package in '/home/olympusforge/ros2_frost/src/tortoisebot/tortoisebot_firmware'
[0.459s] INFO:colcon.colcon_core.shell:Skip shell extension 'powershell' for command environment: Not usable outside of PowerShell
[0.459s] DEBUG:colcon.colcon_core.shell:Skip shell extension 'dsv' for command environment
[0.463s] INFO:colcon.colcon_ros.task.ament_cmake.build:Building ROS package in '/home/olympusforge/ros2_frost/src/tortoisebot/tortoisebot_gazebo' with build type 'ament_cmake'
[0.464s] INFO:colcon.colcon_cmake.task.cmake.build:Building CMake package in '/home/olympusforge/ros2_frost/src/tortoisebot/tortoisebot_gazebo'
[0.464s] INFO:colcon.colcon_core.shell:Skip shell extension 'powershell' for command environment: Not usable outside of PowerShell
[0.464s] DEBUG:colcon.colcon_core.shell:Skip shell extension 'dsv' for command environment
[0.474s] DEBUG:colcon.colcon_core.event_handler.log_command:Invoking command in '/home/olympusforge/ros2_frost/build/nav2_common': CMAKE_PREFIX_PATH=${CMAKE_PREFIX_PATH}:/home/olympusforge/ros2_frost/install/tortoisebot_control:/opt/ros/humble /usr/bin/cmake /home/olympusforge/ros2_frost/src/navigation2/nav2_common -DCMAKE_INSTALL_PREFIX=/home/olympusforge/ros2_frost/install/nav2_common
[0.475s] DEBUG:colcon.colcon_core.event_handler.log_command:Invoking command in '/home/olympusforge/ros2_frost/build/nav_2d_msgs': CMAKE_PREFIX_PATH=${CMAKE_PREFIX_PATH}:/home/olympusforge/ros2_frost/install/tortoisebot_control:/opt/ros/humble /usr/bin/cmake /home/olympusforge/ros2_frost/src/navigation2/nav2_dwb_controller/nav_2d_msgs -DCMAKE_INSTALL_PREFIX=/home/olympusforge/ros2_frost/install/nav_2d_msgs
[0.746s] INFO:colcon.colcon_core.task.python.build:Building Python package in '/home/olympusforge/ros2_frost/src/navigation2/nav2_loopback_sim'
[0.747s] INFO:colcon.colcon_core.shell:Skip shell extension 'powershell' for command environment: Not usable outside of PowerShell
[0.747s] DEBUG:colcon.colcon_core.shell:Skip shell extension 'dsv' for command environment
[0.760s] DEBUG:colcon.colcon_core.event_handler.log_command:Invoking command in '/home/olympusforge/ros2_frost/build/tortoisebot_bringup': CMAKE_PREFIX_PATH=${CMAKE_PREFIX_PATH}:/home/olympusforge/ros2_frost/install/tortoisebot_control:/opt/ros/humble /usr/bin/cmake /home/olympusforge/ros2_frost/src/tortoisebot/tortoisebot_bringup -DCMAKE_INSTALL_PREFIX=/home/olympusforge/ros2_frost/install/tortoisebot_bringup
[0.964s] INFO:colcon.colcon_core.task.python.build:Building Python package in '/home/olympusforge/ros2_frost/src/tortoisebot/tortoisebot_control'
[0.964s] INFO:colcon.colcon_core.shell:Skip shell extension 'powershell' for command environment: Not usable outside of PowerShell
[0.964s] DEBUG:colcon.colcon_core.shell:Skip shell extension 'dsv' for command environment
[1.010s] DEBUG:colcon.colcon_core.event_handler.log_command:Invoking command in '/home/olympusforge/ros2_frost/build/tortoisebot_description': CMAKE_PREFIX_PATH=${CMAKE_PREFIX_PATH}:/home/olympusforge/ros2_frost/install/tortoisebot_control:/opt/ros/humble /usr/bin/cmake /home/olympusforge/ros2_frost/src/tortoisebot/tortoisebot_description -DCMAKE_INSTALL_PREFIX=/home/olympusforge/ros2_frost/install/tortoisebot_description
[1.018s] DEBUG:colcon.colcon_core.event_handler.log_command:Invoking command in '/home/olympusforge/ros2_frost/build/tortoisebot_firmware': CMAKE_PREFIX_PATH=${CMAKE_PREFIX_PATH}:/home/olympusforge/ros2_frost/install/tortoisebot_control:/opt/ros/humble /usr/bin/cmake /home/olympusforge/ros2_frost/src/tortoisebot/tortoisebot_firmware -DCMAKE_INSTALL_PREFIX=/home/olympusforge/ros2_frost/install/tortoisebot_firmware
[1.037s] DEBUG:colcon.colcon_core.event_handler.log_command:Invoking command in '/home/olympusforge/ros2_frost/build/tortoisebot_gazebo': CMAKE_PREFIX_PATH=${CMAKE_PREFIX_PATH}:/home/olympusforge/ros2_frost/install/tortoisebot_control:/opt/ros/humble /usr/bin/cmake /home/olympusforge/ros2_frost/src/tortoisebot/tortoisebot_gazebo -DCMAKE_INSTALL_PREFIX=/home/olympusforge/ros2_frost/install/tortoisebot_gazebo
[1.074s] DEBUG:colcon.colcon_core.event_handler.log_command:Invoked command in '/home/olympusforge/ros2_frost/build/nav2_common' returned '0': CMAKE_PREFIX_PATH=${CMAKE_PREFIX_PATH}:/home/olympusforge/ros2_frost/install/tortoisebot_control:/opt/ros/humble /usr/bin/cmake /home/olympusforge/ros2_frost/src/navigation2/nav2_common -DCMAKE_INSTALL_PREFIX=/home/olympusforge/ros2_frost/install/nav2_common
[1.074s] DEBUG:colcon.colcon_core.event_handler.log_command:Invoking command in '/home/olympusforge/ros2_frost/build/nav2_common': CMAKE_PREFIX_PATH=${CMAKE_PREFIX_PATH}:/home/olympusforge/ros2_frost/install/tortoisebot_control:/opt/ros/humble /usr/bin/cmake --build /home/olympusforge/ros2_frost/build/nav2_common -- -j8 -l8
[1.091s] DEBUG:colcon.colcon_core.event_handler.log_command:Invoked command in '/home/olympusforge/ros2_frost/build/tortoisebot_bringup' returned '0': CMAKE_PREFIX_PATH=${CMAKE_PREFIX_PATH}:/home/olympusforge/ros2_frost/install/tortoisebot_control:/opt/ros/humble /usr/bin/cmake /home/olympusforge/ros2_frost/src/tortoisebot/tortoisebot_bringup -DCMAKE_INSTALL_PREFIX=/home/olympusforge/ros2_frost/install/tortoisebot_bringup
[1.094s] DEBUG:colcon.colcon_core.event_handler.log_command:Invoking command in '/home/olympusforge/ros2_frost/build/tortoisebot_bringup': CMAKE_PREFIX_PATH=${CMAKE_PREFIX_PATH}:/home/olympusforge/ros2_frost/install/tortoisebot_control:/opt/ros/humble /usr/bin/cmake --build /home/olympusforge/ros2_frost/build/tortoisebot_bringup -- -j8 -l8
[1.181s] DEBUG:colcon.colcon_core.event_handler.log_command:Invoked command in '/home/olympusforge/ros2_frost/build/tortoisebot_bringup' returned '0': CMAKE_PREFIX_PATH=${CMAKE_PREFIX_PATH}:/home/olympusforge/ros2_frost/install/tortoisebot_control:/opt/ros/humble /usr/bin/cmake --build /home/olympusforge/ros2_frost/build/tortoisebot_bringup -- -j8 -l8
[1.220s] DEBUG:colcon.colcon_core.event_handler.log_command:Invoking command in '/home/olympusforge/ros2_frost/build/tortoisebot_bringup': CMAKE_PREFIX_PATH=${CMAKE_PREFIX_PATH}:/home/olympusforge/ros2_frost/install/tortoisebot_control:/opt/ros/humble /usr/bin/cmake --install /home/olympusforge/ros2_frost/build/tortoisebot_bringup
[1.286s] Level 1:colcon.colcon_core.environment:create_environment_scripts_only(tortoisebot_bringup)
[1.287s] DEBUG:colcon.colcon_core.event_handler.log_command:Invoked command in '/home/olympusforge/ros2_frost/build/tortoisebot_bringup' returned '0': CMAKE_PREFIX_PATH=${CMAKE_PREFIX_PATH}:/home/olympusforge/ros2_frost/install/tortoisebot_control:/opt/ros/humble /usr/bin/cmake --install /home/olympusforge/ros2_frost/build/tortoisebot_bringup
[1.289s] Level 1:colcon.colcon_core.environment:checking '/home/olympusforge/ros2_frost/install/tortoisebot_bringup' for CMake module files
[1.290s] Level 1:colcon.colcon_core.environment:checking '/home/olympusforge/ros2_frost/install/tortoisebot_bringup' for CMake config files
[1.290s] Level 1:colcon.colcon_core.shell:create_environment_hook('tortoisebot_bringup', 'cmake_prefix_path')
[1.290s] INFO:colcon.colcon_core.shell:Creating environment hook '/home/olympusforge/ros2_frost/install/tortoisebot_bringup/share/tortoisebot_bringup/hook/cmake_prefix_path.ps1'
[1.297s] INFO:colcon.colcon_core.shell:Creating environment descriptor '/home/olympusforge/ros2_frost/install/tortoisebot_bringup/share/tortoisebot_bringup/hook/cmake_prefix_path.dsv'
[1.297s] INFO:colcon.colcon_core.shell:Creating environment hook '/home/olympusforge/ros2_frost/install/tortoisebot_bringup/share/tortoisebot_bringup/hook/cmake_prefix_path.sh'
[1.298s] Level 1:colcon.colcon_core.environment:checking '/home/olympusforge/ros2_frost/install/tortoisebot_bringup/bin'
[1.298s] Level 1:colcon.colcon_core.environment:checking '/home/olympusforge/ros2_frost/install/tortoisebot_bringup/lib/pkgconfig/tortoisebot_bringup.pc'
[1.298s] Level 1:colcon.colcon_core.environment:checking '/home/olympusforge/ros2_frost/install/tortoisebot_bringup/lib/python3.10/site-packages'
[1.299s] Level 1:colcon.colcon_core.environment:checking '/home/olympusforge/ros2_frost/install/tortoisebot_bringup/bin'
[1.299s] INFO:colcon.colcon_core.shell:Creating package script '/home/olympusforge/ros2_frost/install/tortoisebot_bringup/share/tortoisebot_bringup/package.ps1'
[1.300s] INFO:colcon.colcon_core.shell:Creating package descriptor '/home/olympusforge/ros2_frost/install/tortoisebot_bringup/share/tortoisebot_bringup/package.dsv'
[1.301s] INFO:colcon.colcon_core.shell:Creating package script '/home/olympusforge/ros2_frost/install/tortoisebot_bringup/share/tortoisebot_bringup/package.sh'
[1.302s] INFO:colcon.colcon_core.shell:Creating package script '/home/olympusforge/ros2_frost/install/tortoisebot_bringup/share/tortoisebot_bringup/package.bash'
[1.304s] INFO:colcon.colcon_core.shell:Creating package script '/home/olympusforge/ros2_frost/install/tortoisebot_bringup/share/tortoisebot_bringup/package.zsh'
[1.305s] Level 1:colcon.colcon_core.environment:create_file_with_runtime_dependencies(/home/olympusforge/ros2_frost/install/tortoisebot_bringup/share/colcon-core/packages/tortoisebot_bringup)
[1.309s] Level 1:colcon.colcon_core.environment:create_environment_scripts_only(tortoisebot_bringup)
[1.309s] Level 1:colcon.colcon_core.environment:checking '/home/olympusforge/ros2_frost/install/tortoisebot_bringup' for CMake module files
[1.311s] Level 1:colcon.colcon_core.environment:checking '/home/olympusforge/ros2_frost/install/tortoisebot_bringup' for CMake config files
[1.311s] Level 1:colcon.colcon_core.shell:create_environment_hook('tortoisebot_bringup', 'cmake_prefix_path')
[1.311s] INFO:colcon.colcon_core.shell:Creating environment hook '/home/olympusforge/ros2_frost/install/tortoisebot_bringup/share/tortoisebot_bringup/hook/cmake_prefix_path.ps1'
[1.313s] INFO:colcon.colcon_core.shell:Creating environment descriptor '/home/olympusforge/ros2_frost/install/tortoisebot_bringup/share/tortoisebot_bringup/hook/cmake_prefix_path.dsv'
[1.314s] INFO:colcon.colcon_core.shell:Creating environment hook '/home/olympusforge/ros2_frost/install/tortoisebot_bringup/share/tortoisebot_bringup/hook/cmake_prefix_path.sh'
[1.316s] Level 1:colcon.colcon_core.environment:checking '/home/olympusforge/ros2_frost/install/tortoisebot_bringup/bin'
[1.316s] Level 1:colcon.colcon_core.environment:checking '/home/olympusforge/ros2_frost/install/tortoisebot_bringup/lib/pkgconfig/tortoisebot_bringup.pc'
[1.316s] Level 1:colcon.colcon_core.environment:checking '/home/olympusforge/ros2_frost/install/tortoisebot_bringup/lib/python3.10/site-packages'
[1.340s] Level 1:colcon.colcon_core.environment:checking '/home/olympusforge/ros2_frost/install/tortoisebot_bringup/bin'
[1.341s] INFO:colcon.colcon_core.shell:Creating package script '/home/olympusforge/ros2_frost/install/tortoisebot_bringup/share/tortoisebot_bringup/package.ps1'
[1.346s] INFO:colcon.colcon_core.shell:Creating package descriptor '/home/olympusforge/ros2_frost/install/tortoisebot_bringup/share/tortoisebot_bringup/package.dsv'
[1.347s] INFO:colcon.colcon_core.shell:Creating package script '/home/olympusforge/ros2_frost/install/tortoisebot_bringup/share/tortoisebot_bringup/package.sh'
[1.349s] INFO:colcon.colcon_core.shell:Creating package script '/home/olympusforge/ros2_frost/install/tortoisebot_bringup/share/tortoisebot_bringup/package.bash'
[1.351s] INFO:colcon.colcon_core.shell:Creating package script '/home/olympusforge/ros2_frost/install/tortoisebot_bringup/share/tortoisebot_bringup/package.zsh'
[1.351s] Level 1:colcon.colcon_core.environment:create_file_with_runtime_dependencies(/home/olympusforge/ros2_frost/install/tortoisebot_bringup/share/colcon-core/packages/tortoisebot_bringup)
[1.353s] INFO:colcon.colcon_ros.task.ament_cmake.build:Building ROS package in '/home/olympusforge/ros2_frost/src/tortoisebot/tortoisebot_navigation' with build type 'ament_cmake'
[1.353s] INFO:colcon.colcon_cmake.task.cmake.build:Building CMake package in '/home/olympusforge/ros2_frost/src/tortoisebot/tortoisebot_navigation'
[1.353s] INFO:colcon.colcon_core.shell:Skip shell extension 'powershell' for command environment: Not usable outside of PowerShell
[1.353s] DEBUG:colcon.colcon_core.shell:Skip shell extension 'dsv' for command environment
[1.361s] DEBUG:colcon.colcon_core.event_handler.log_command:Invoked command in '/home/olympusforge/ros2_frost/build/tortoisebot_gazebo' returned '0': CMAKE_PREFIX_PATH=${CMAKE_PREFIX_PATH}:/home/olympusforge/ros2_frost/install/tortoisebot_control:/opt/ros/humble /usr/bin/cmake /home/olympusforge/ros2_frost/src/tortoisebot/tortoisebot_gazebo -DCMAKE_INSTALL_PREFIX=/home/olympusforge/ros2_frost/install/tortoisebot_gazebo
[1.361s] DEBUG:colcon.colcon_core.event_handler.log_command:Invoking command in '/home/olympusforge/ros2_frost/build/tortoisebot_gazebo': CMAKE_PREFIX_PATH=${CMAKE_PREFIX_PATH}:/home/olympusforge/ros2_frost/install/tortoisebot_control:/opt/ros/humble /usr/bin/cmake --build /home/olympusforge/ros2_frost/build/tortoisebot_gazebo -- -j8 -l8
[1.386s] DEBUG:colcon.colcon_core.event_handler.log_command:Invoked command in '/home/olympusforge/ros2_frost/build/tortoisebot_description' returned '0': CMAKE_PREFIX_PATH=${CMAKE_PREFIX_PATH}:/home/olympusforge/ros2_frost/install/tortoisebot_control:/opt/ros/humble /usr/bin/cmake /home/olympusforge/ros2_frost/src/tortoisebot/tortoisebot_description -DCMAKE_INSTALL_PREFIX=/home/olympusforge/ros2_frost/install/tortoisebot_description
[1.387s] DEBUG:colcon.colcon_core.event_handler.log_command:Invoking command in '/home/olympusforge/ros2_frost/build/tortoisebot_description': CMAKE_PREFIX_PATH=${CMAKE_PREFIX_PATH}:/home/olympusforge/ros2_frost/install/tortoisebot_control:/opt/ros/humble /usr/bin/cmake --build /home/olympusforge/ros2_frost/build/tortoisebot_description -- -j8 -l8
[1.416s] DEBUG:colcon.colcon_core.event_handler.log_command:Invoking command in '/home/olympusforge/ros2_frost/build/tortoisebot_navigation': CMAKE_PREFIX_PATH=${CMAKE_PREFIX_PATH}:/home/olympusforge/ros2_frost/install/tortoisebot_control:/opt/ros/humble /usr/bin/cmake /home/olympusforge/ros2_frost/src/tortoisebot/tortoisebot_navigation -DCMAKE_INSTALL_PREFIX=/home/olympusforge/ros2_frost/install/tortoisebot_navigation
[1.492s] DEBUG:colcon.colcon_core.event_handler.log_command:Invoking command in '/home/olympusforge/ros2_frost/build/tortoisebot_control': PYTHONPATH=/home/olympusforge/ros2_frost/build/tortoisebot_control/prefix_override:/usr/lib/python3/dist-packages/colcon_core/task/python/colcon_distutils_commands:/home/olympusforge/ros2_frost/install/tortoisebot_control/lib/python3.10/site-packages:${PYTHONPATH} /usr/bin/python3 -W ignore:setup.py install is deprecated -W ignore:easy_install command is deprecated setup.py develop --uninstall --editable --build-directory /home/olympusforge/ros2_frost/build/tortoisebot_control/build
[1.493s] DEBUG:colcon.colcon_core.event_handler.log_command:Invoked command in '/home/olympusforge/ros2_frost/build/tortoisebot_gazebo' returned '0': CMAKE_PREFIX_PATH=${CMAKE_PREFIX_PATH}:/home/olympusforge/ros2_frost/install/tortoisebot_control:/opt/ros/humble /usr/bin/cmake --build /home/olympusforge/ros2_frost/build/tortoisebot_gazebo -- -j8 -l8
[1.493s] DEBUG:colcon.colcon_core.event_handler.log_command:Invoking command in '/home/olympusforge/ros2_frost/build/tortoisebot_gazebo': CMAKE_PREFIX_PATH=${CMAKE_PREFIX_PATH}:/home/olympusforge/ros2_frost/install/tortoisebot_control:/opt/ros/humble /usr/bin/cmake --install /home/olympusforge/ros2_frost/build/tortoisebot_gazebo
[1.498s] DEBUG:colcon.colcon_core.event_handler.log_command:Invoking command in '/home/olympusforge/ros2_frost/src/navigation2/nav2_loopback_sim': PYTHONPATH=/home/olympusforge/ros2_frost/build/nav2_loopback_sim/prefix_override:/usr/lib/python3/dist-packages/colcon_core/task/python/colcon_distutils_commands:/home/olympusforge/ros2_frost/install/nav2_loopback_sim/lib/python3.10/site-packages:${PYTHONPATH} /usr/bin/python3 -W ignore:setup.py install is deprecated -W ignore:easy_install command is deprecated setup.py egg_info --egg-base ../../../build/nav2_loopback_sim build --build-base /home/olympusforge/ros2_frost/build/nav2_loopback_sim/build install --record /home/olympusforge/ros2_frost/build/nav2_loopback_sim/install.log --single-version-externally-managed install_data
[1.505s] DEBUG:colcon.colcon_core.event_handler.log_command:Invoked command in '/home/olympusforge/ros2_frost/build/tortoisebot_description' returned '0': CMAKE_PREFIX_PATH=${CMAKE_PREFIX_PATH}:/home/olympusforge/ros2_frost/install/tortoisebot_control:/opt/ros/humble /usr/bin/cmake --build /home/olympusforge/ros2_frost/build/tortoisebot_description -- -j8 -l8
[1.506s] DEBUG:colcon.colcon_core.event_handler.log_command:Invoking command in '/home/olympusforge/ros2_frost/build/tortoisebot_description': CMAKE_PREFIX_PATH=${CMAKE_PREFIX_PATH}:/home/olympusforge/ros2_frost/install/tortoisebot_control:/opt/ros/humble /usr/bin/cmake --install /home/olympusforge/ros2_frost/build/tortoisebot_description
[1.535s] DEBUG:colcon.colcon_core.event_handler.log_command:Invoked command in '/home/olympusforge/ros2_frost/build/nav2_common' returned '0': CMAKE_PREFIX_PATH=${CMAKE_PREFIX_PATH}:/home/olympusforge/ros2_frost/install/tortoisebot_control:/opt/ros/humble /usr/bin/cmake --build /home/olympusforge/ros2_frost/build/nav2_common -- -j8 -l8
[1.540s] Level 1:colcon.colcon_core.environment:create_environment_scripts_only(tortoisebot_gazebo)
[1.544s] DEBUG:colcon.colcon_core.event_handler.log_command:Invoking command in '/home/olympusforge/ros2_frost/build/nav2_common': CMAKE_PREFIX_PATH=${CMAKE_PREFIX_PATH}:/home/olympusforge/ros2_frost/install/tortoisebot_control:/opt/ros/humble /usr/bin/cmake --install /home/olympusforge/ros2_frost/build/nav2_common
[1.544s] Level 1:colcon.colcon_core.environment:checking '/home/olympusforge/ros2_frost/install/tortoisebot_gazebo' for CMake module files
[1.547s] Level 1:colcon.colcon_core.environment:checking '/home/olympusforge/ros2_frost/install/tortoisebot_gazebo' for CMake config files
[1.548s] Level 1:colcon.colcon_core.shell:create_environment_hook('tortoisebot_gazebo', 'cmake_prefix_path')
[1.547s] DEBUG:colcon.colcon_core.event_handler.log_command:Invoked command in '/home/olympusforge/ros2_frost/build/tortoisebot_gazebo' returned '0': CMAKE_PREFIX_PATH=${CMAKE_PREFIX_PATH}:/home/olympusforge/ros2_frost/install/tortoisebot_control:/opt/ros/humble /usr/bin/cmake --install /home/olympusforge/ros2_frost/build/tortoisebot_gazebo
[1.548s] INFO:colcon.colcon_core.shell:Creating environment hook '/home/olympusforge/ros2_frost/install/tortoisebot_gazebo/share/tortoisebot_gazebo/hook/cmake_prefix_path.ps1'
[1.553s] INFO:colcon.colcon_core.shell:Creating environment descriptor '/home/olympusforge/ros2_frost/install/tortoisebot_gazebo/share/tortoisebot_gazebo/hook/cmake_prefix_path.dsv'
[1.554s] INFO:colcon.colcon_core.shell:Creating environment hook '/home/olympusforge/ros2_frost/install/tortoisebot_gazebo/share/tortoisebot_gazebo/hook/cmake_prefix_path.sh'
[1.557s] Level 1:colcon.colcon_core.environment:checking '/home/olympusforge/ros2_frost/install/tortoisebot_gazebo/bin'
[1.557s] Level 1:colcon.colcon_core.environment:checking '/home/olympusforge/ros2_frost/install/tortoisebot_gazebo/lib/pkgconfig/tortoisebot_gazebo.pc'
[1.557s] Level 1:colcon.colcon_core.environment:checking '/home/olympusforge/ros2_frost/install/tortoisebot_gazebo/lib/python3.10/site-packages'
[1.558s] Level 1:colcon.colcon_core.environment:checking '/home/olympusforge/ros2_frost/install/tortoisebot_gazebo/bin'
[1.560s] INFO:colcon.colcon_core.shell:Creating package script '/home/olympusforge/ros2_frost/install/tortoisebot_gazebo/share/tortoisebot_gazebo/package.ps1'
[1.561s] INFO:colcon.colcon_core.shell:Creating package descriptor '/home/olympusforge/ros2_frost/install/tortoisebot_gazebo/share/tortoisebot_gazebo/package.dsv'
[1.561s] INFO:colcon.colcon_core.shell:Creating package script '/home/olympusforge/ros2_frost/install/tortoisebot_gazebo/share/tortoisebot_gazebo/package.sh'
[1.562s] INFO:colcon.colcon_core.shell:Creating package script '/home/olympusforge/ros2_frost/install/tortoisebot_gazebo/share/tortoisebot_gazebo/package.bash'
[1.562s] INFO:colcon.colcon_core.shell:Creating package script '/home/olympusforge/ros2_frost/install/tortoisebot_gazebo/share/tortoisebot_gazebo/package.zsh'
[1.563s] Level 1:colcon.colcon_core.environment:create_file_with_runtime_dependencies(/home/olympusforge/ros2_frost/install/tortoisebot_gazebo/share/colcon-core/packages/tortoisebot_gazebo)
[1.563s] Level 1:colcon.colcon_core.environment:create_environment_scripts_only(tortoisebot_gazebo)
[1.564s] Level 1:colcon.colcon_core.environment:checking '/home/olympusforge/ros2_frost/install/tortoisebot_gazebo' for CMake module files
[1.564s] Level 1:colcon.colcon_core.environment:checking '/home/olympusforge/ros2_frost/install/tortoisebot_gazebo' for CMake config files
[1.564s] Level 1:colcon.colcon_core.shell:create_environment_hook('tortoisebot_gazebo', 'cmake_prefix_path')
[1.565s] INFO:colcon.colcon_core.shell:Creating environment hook '/home/olympusforge/ros2_frost/install/tortoisebot_gazebo/share/tortoisebot_gazebo/hook/cmake_prefix_path.ps1'
[1.565s] INFO:colcon.colcon_core.shell:Creating environment descriptor '/home/olympusforge/ros2_frost/install/tortoisebot_gazebo/share/tortoisebot_gazebo/hook/cmake_prefix_path.dsv'
[1.577s] INFO:colcon.colcon_core.shell:Creating environment hook '/home/olympusforge/ros2_frost/install/tortoisebot_gazebo/share/tortoisebot_gazebo/hook/cmake_prefix_path.sh'
[1.579s] Level 1:colcon.colcon_core.environment:checking '/home/olympusforge/ros2_frost/install/tortoisebot_gazebo/bin'
[1.579s] Level 1:colcon.colcon_core.environment:checking '/home/olympusforge/ros2_frost/install/tortoisebot_gazebo/lib/pkgconfig/tortoisebot_gazebo.pc'
[1.579s] Level 1:colcon.colcon_core.environment:checking '/home/olympusforge/ros2_frost/install/tortoisebot_gazebo/lib/python3.10/site-packages'
[1.579s] Level 1:colcon.colcon_core.environment:checking '/home/olympusforge/ros2_frost/install/tortoisebot_gazebo/bin'
[1.579s] INFO:colcon.colcon_core.shell:Creating package script '/home/olympusforge/ros2_frost/install/tortoisebot_gazebo/share/tortoisebot_gazebo/package.ps1'
[1.580s] INFO:colcon.colcon_core.shell:Creating package descriptor '/home/olympusforge/ros2_frost/install/tortoisebot_gazebo/share/tortoisebot_gazebo/package.dsv'
[1.581s] INFO:colcon.colcon_core.shell:Creating package script '/home/olympusforge/ros2_frost/install/tortoisebot_gazebo/share/tortoisebot_gazebo/package.sh'
[1.582s] INFO:colcon.colcon_core.shell:Creating package script '/home/olympusforge/ros2_frost/install/tortoisebot_gazebo/share/tortoisebot_gazebo/package.bash'
[1.582s] INFO:colcon.colcon_core.shell:Creating package script '/home/olympusforge/ros2_frost/install/tortoisebot_gazebo/share/tortoisebot_gazebo/package.zsh'
[1.583s] Level 1:colcon.colcon_core.environment:create_file_with_runtime_dependencies(/home/olympusforge/ros2_frost/install/tortoisebot_gazebo/share/colcon-core/packages/tortoisebot_gazebo)
[1.584s] INFO:colcon.colcon_ros.task.ament_cmake.build:Building ROS package in '/home/olympusforge/ros2_frost/src/tortoisebot/tortoisebot_slam' with build type 'ament_cmake'
[1.584s] INFO:colcon.colcon_cmake.task.cmake.build:Building CMake package in '/home/olympusforge/ros2_frost/src/tortoisebot/tortoisebot_slam'
[1.584s] INFO:colcon.colcon_core.shell:Skip shell extension 'powershell' for command environment: Not usable outside of PowerShell
[1.584s] DEBUG:colcon.colcon_core.shell:Skip shell extension 'dsv' for command environment
[1.609s] Level 1:colcon.colcon_core.environment:create_environment_scripts_only(tortoisebot_description)
[1.609s] Level 1:colcon.colcon_core.environment:checking '/home/olympusforge/ros2_frost/install/tortoisebot_description' for CMake module files
[1.614s] Level 1:colcon.colcon_core.environment:checking '/home/olympusforge/ros2_frost/install/tortoisebot_description' for CMake config files
[1.614s] Level 1:colcon.colcon_core.shell:create_environment_hook('tortoisebot_description', 'cmake_prefix_path')
[1.629s] INFO:colcon.colcon_core.shell:Creating environment hook '/home/olympusforge/ros2_frost/install/tortoisebot_description/share/tortoisebot_description/hook/cmake_prefix_path.ps1'
[1.644s] INFO:colcon.colcon_core.shell:Creating environment descriptor '/home/olympusforge/ros2_frost/install/tortoisebot_description/share/tortoisebot_description/hook/cmake_prefix_path.dsv'
[1.646s] INFO:colcon.colcon_core.shell:Creating environment hook '/home/olympusforge/ros2_frost/install/tortoisebot_description/share/tortoisebot_description/hook/cmake_prefix_path.sh'
[1.648s] DEBUG:colcon.colcon_core.event_handler.log_command:Invoked command in '/home/olympusforge/ros2_frost/build/tortoisebot_description' returned '0': CMAKE_PREFIX_PATH=${CMAKE_PREFIX_PATH}:/home/olympusforge/ros2_frost/install/tortoisebot_control:/opt/ros/humble /usr/bin/cmake --install /home/olympusforge/ros2_frost/build/tortoisebot_description
[1.654s] Level 1:colcon.colcon_core.environment:checking '/home/olympusforge/ros2_frost/install/tortoisebot_description/bin'
[1.655s] Level 1:colcon.colcon_core.environment:checking '/home/olympusforge/ros2_frost/install/tortoisebot_description/lib/pkgconfig/tortoisebot_description.pc'
[1.655s] Level 1:colcon.colcon_core.environment:checking '/home/olympusforge/ros2_frost/install/tortoisebot_description/lib/python3.10/site-packages'
[1.655s] Level 1:colcon.colcon_core.environment:checking '/home/olympusforge/ros2_frost/install/tortoisebot_description/bin'
[1.655s] INFO:colcon.colcon_core.shell:Creating package script '/home/olympusforge/ros2_frost/install/tortoisebot_description/share/tortoisebot_description/package.ps1'
[1.661s] INFO:colcon.colcon_core.shell:Creating package descriptor '/home/olympusforge/ros2_frost/install/tortoisebot_description/share/tortoisebot_description/package.dsv'
[1.669s] INFO:colcon.colcon_core.shell:Creating package script '/home/olympusforge/ros2_frost/install/tortoisebot_description/share/tortoisebot_description/package.sh'
[1.671s] INFO:colcon.colcon_core.shell:Creating package script '/home/olympusforge/ros2_frost/install/tortoisebot_description/share/tortoisebot_description/package.bash'
[1.676s] INFO:colcon.colcon_core.shell:Creating package script '/home/olympusforge/ros2_frost/install/tortoisebot_description/share/tortoisebot_description/package.zsh'
[1.678s] Level 1:colcon.colcon_core.environment:create_file_with_runtime_dependencies(/home/olympusforge/ros2_frost/install/tortoisebot_description/share/colcon-core/packages/tortoisebot_description)
[1.683s] Level 1:colcon.colcon_core.environment:create_environment_scripts_only(tortoisebot_description)
[1.688s] Level 1:colcon.colcon_core.environment:checking '/home/olympusforge/ros2_frost/install/tortoisebot_description' for CMake module files
[1.689s] Level 1:colcon.colcon_core.environment:checking '/home/olympusforge/ros2_frost/install/tortoisebot_description' for CMake config files
[1.693s] Level 1:colcon.colcon_core.shell:create_environment_hook('tortoisebot_description', 'cmake_prefix_path')
[1.696s] INFO:colcon.colcon_core.shell:Creating environment hook '/home/olympusforge/ros2_frost/install/tortoisebot_description/share/tortoisebot_description/hook/cmake_prefix_path.ps1'
[1.713s] INFO:colcon.colcon_core.shell:Creating environment descriptor '/home/olympusforge/ros2_frost/install/tortoisebot_description/share/tortoisebot_description/hook/cmake_prefix_path.dsv'
[1.717s] INFO:colcon.colcon_core.shell:Creating environment hook '/home/olympusforge/ros2_frost/install/tortoisebot_description/share/tortoisebot_description/hook/cmake_prefix_path.sh'
[1.719s] Level 1:colcon.colcon_core.environment:checking '/home/olympusforge/ros2_frost/install/tortoisebot_description/bin'
[1.719s] Level 1:colcon.colcon_core.environment:checking '/home/olympusforge/ros2_frost/install/tortoisebot_description/lib/pkgconfig/tortoisebot_description.pc'
[1.720s] Level 1:colcon.colcon_core.environment:checking '/home/olympusforge/ros2_frost/install/tortoisebot_description/lib/python3.10/site-packages'
[1.720s] Level 1:colcon.colcon_core.environment:checking '/home/olympusforge/ros2_frost/install/tortoisebot_description/bin'
[1.720s] INFO:colcon.colcon_core.shell:Creating package script '/home/olympusforge/ros2_frost/install/tortoisebot_description/share/tortoisebot_description/package.ps1'
[1.727s] INFO:colcon.colcon_core.shell:Creating package descriptor '/home/olympusforge/ros2_frost/install/tortoisebot_description/share/tortoisebot_description/package.dsv'
[1.733s] INFO:colcon.colcon_core.shell:Creating package script '/home/olympusforge/ros2_frost/install/tortoisebot_description/share/tortoisebot_description/package.sh'
[1.739s] INFO:colcon.colcon_core.shell:Creating package script '/home/olympusforge/ros2_frost/install/tortoisebot_description/share/tortoisebot_description/package.bash'
[1.750s] INFO:colcon.colcon_core.shell:Creating package script '/home/olympusforge/ros2_frost/install/tortoisebot_description/share/tortoisebot_description/package.zsh'
[1.765s] Level 1:colcon.colcon_core.environment:create_file_with_runtime_dependencies(/home/olympusforge/ros2_frost/install/tortoisebot_description/share/colcon-core/packages/tortoisebot_description)
[1.769s] INFO:colcon.colcon_ros.task.ament_cmake.build:Building ROS package in '/home/olympusforge/ros2_frost/src/tortoisebot/v4l2_camera' with build type 'ament_cmake'
[1.771s] INFO:colcon.colcon_cmake.task.cmake.build:Building CMake package in '/home/olympusforge/ros2_frost/src/tortoisebot/v4l2_camera'
[1.771s] INFO:colcon.colcon_core.shell:Skip shell extension 'powershell' for command environment: Not usable outside of PowerShell
[1.771s] DEBUG:colcon.colcon_core.shell:Skip shell extension 'dsv' for command environment
[1.791s] Level 1:colcon.colcon_core.environment:create_environment_scripts_only(nav2_common)
[1.792s] Level 1:colcon.colcon_core.environment:checking '/home/olympusforge/ros2_frost/install/nav2_common' for CMake module files
[1.792s] Level 1:colcon.colcon_core.environment:checking '/home/olympusforge/ros2_frost/install/nav2_common' for CMake config files
[1.792s] Level 1:colcon.colcon_core.shell:create_environment_hook('nav2_common', 'cmake_prefix_path')
[1.796s] DEBUG:colcon.colcon_core.event_handler.log_command:Invoking command in '/home/olympusforge/ros2_frost/build/tortoisebot_slam': CMAKE_PREFIX_PATH=${CMAKE_PREFIX_PATH}:/home/olympusforge/ros2_frost/install/tortoisebot_control:/opt/ros/humble /usr/bin/cmake /home/olympusforge/ros2_frost/src/tortoisebot/tortoisebot_slam -DCMAKE_INSTALL_PREFIX=/home/olympusforge/ros2_frost/install/tortoisebot_slam
[1.797s] DEBUG:colcon.colcon_core.event_handler.log_command:Invoked command in '/home/olympusforge/ros2_frost/build/nav2_common' returned '0': CMAKE_PREFIX_PATH=${CMAKE_PREFIX_PATH}:/home/olympusforge/ros2_frost/install/tortoisebot_control:/opt/ros/humble /usr/bin/cmake --install /home/olympusforge/ros2_frost/build/nav2_common
[1.797s] INFO:colcon.colcon_core.shell:Creating environment hook '/home/olympusforge/ros2_frost/install/nav2_common/share/nav2_common/hook/cmake_prefix_path.ps1'
[1.798s] INFO:colcon.colcon_core.shell:Creating environment descriptor '/home/olympusforge/ros2_frost/install/nav2_common/share/nav2_common/hook/cmake_prefix_path.dsv'
[1.811s] INFO:colcon.colcon_core.shell:Creating environment hook '/home/olympusforge/ros2_frost/install/nav2_common/share/nav2_common/hook/cmake_prefix_path.sh'
[1.839s] Level 1:colcon.colcon_core.environment:checking '/home/olympusforge/ros2_frost/install/nav2_common/bin'
[1.844s] Level 1:colcon.colcon_core.environment:checking '/home/olympusforge/ros2_frost/install/nav2_common/lib/pkgconfig/nav2_common.pc'
[1.844s] Level 1:colcon.colcon_core.environment:checking '/home/olympusforge/ros2_frost/install/nav2_common/lib/python3.10/site-packages'
[1.844s] Level 1:colcon.colcon_core.environment:checking '/home/olympusforge/ros2_frost/install/nav2_common/bin'
[1.844s] INFO:colcon.colcon_core.shell:Creating package script '/home/olympusforge/ros2_frost/install/nav2_common/share/nav2_common/package.ps1'
[1.845s] INFO:colcon.colcon_core.shell:Creating package descriptor '/home/olympusforge/ros2_frost/install/nav2_common/share/nav2_common/package.dsv'
[1.850s] INFO:colcon.colcon_core.shell:Creating package script '/home/olympusforge/ros2_frost/install/nav2_common/share/nav2_common/package.sh'
[1.850s] INFO:colcon.colcon_core.shell:Creating package script '/home/olympusforge/ros2_frost/install/nav2_common/share/nav2_common/package.bash'
[1.850s] INFO:colcon.colcon_core.shell:Creating package script '/home/olympusforge/ros2_frost/install/nav2_common/share/nav2_common/package.zsh'
[1.850s] Level 1:colcon.colcon_core.environment:create_file_with_runtime_dependencies(/home/olympusforge/ros2_frost/install/nav2_common/share/colcon-core/packages/nav2_common)
[1.853s] Level 1:colcon.colcon_core.environment:create_environment_scripts_only(nav2_common)
[1.854s] Level 1:colcon.colcon_core.environment:checking '/home/olympusforge/ros2_frost/install/nav2_common' for CMake module files
[1.856s] Level 1:colcon.colcon_core.environment:checking '/home/olympusforge/ros2_frost/install/nav2_common' for CMake config files
[1.856s] Level 1:colcon.colcon_core.shell:create_environment_hook('nav2_common', 'cmake_prefix_path')
[1.856s] INFO:colcon.colcon_core.shell:Creating environment hook '/home/olympusforge/ros2_frost/install/nav2_common/share/nav2_common/hook/cmake_prefix_path.ps1'
[1.869s] INFO:colcon.colcon_core.shell:Creating environment descriptor '/home/olympusforge/ros2_frost/install/nav2_common/share/nav2_common/hook/cmake_prefix_path.dsv'
[1.882s] INFO:colcon.colcon_core.shell:Creating environment hook '/home/olympusforge/ros2_frost/install/nav2_common/share/nav2_common/hook/cmake_prefix_path.sh'
[1.886s] Level 1:colcon.colcon_core.environment:checking '/home/olympusforge/ros2_frost/install/nav2_common/bin'
[1.886s] Level 1:colcon.colcon_core.environment:checking '/home/olympusforge/ros2_frost/install/nav2_common/lib/pkgconfig/nav2_common.pc'
[1.887s] Level 1:colcon.colcon_core.environment:checking '/home/olympusforge/ros2_frost/install/nav2_common/lib/python3.10/site-packages'
[1.887s] Level 1:colcon.colcon_core.environment:checking '/home/olympusforge/ros2_frost/install/nav2_common/bin'
[1.888s] INFO:colcon.colcon_core.shell:Creating package script '/home/olympusforge/ros2_frost/install/nav2_common/share/nav2_common/package.ps1'
[1.889s] INFO:colcon.colcon_core.shell:Creating package descriptor '/home/olympusforge/ros2_frost/install/nav2_common/share/nav2_common/package.dsv'
[1.890s] INFO:colcon.colcon_core.shell:Creating package script '/home/olympusforge/ros2_frost/install/nav2_common/share/nav2_common/package.sh'
[1.891s] INFO:colcon.colcon_core.shell:Creating package script '/home/olympusforge/ros2_frost/install/nav2_common/share/nav2_common/package.bash'
[1.894s] INFO:colcon.colcon_core.shell:Creating package script '/home/olympusforge/ros2_frost/install/nav2_common/share/nav2_common/package.zsh'
[1.895s] Level 1:colcon.colcon_core.environment:create_file_with_runtime_dependencies(/home/olympusforge/ros2_frost/install/nav2_common/share/colcon-core/packages/nav2_common)
[1.896s] INFO:colcon.colcon_ros.task.ament_cmake.build:Building ROS package in '/home/olympusforge/ros2_frost/src/navigation2/nav2_msgs' with build type 'ament_cmake'
[1.896s] INFO:colcon.colcon_cmake.task.cmake.build:Building CMake package in '/home/olympusforge/ros2_frost/src/navigation2/nav2_msgs'
[1.896s] INFO:colcon.colcon_core.shell:Skip shell extension 'powershell' for command environment: Not usable outside of PowerShell
[1.896s] DEBUG:colcon.colcon_core.shell:Skip shell extension 'dsv' for command environment
[1.947s] DEBUG:colcon.colcon_core.event_handler.log_command:Invoking command in '/home/olympusforge/ros2_frost/build/v4l2_camera': CMAKE_PREFIX_PATH=${CMAKE_PREFIX_PATH}:/home/olympusforge/ros2_frost/install/tortoisebot_control:/opt/ros/humble /usr/bin/cmake /home/olympusforge/ros2_frost/src/tortoisebot/v4l2_camera -DCMAKE_INSTALL_PREFIX=/home/olympusforge/ros2_frost/install/v4l2_camera
[1.962s] DEBUG:colcon.colcon_core.event_handler.log_command:Invoking command in '/home/olympusforge/ros2_frost/build/nav2_msgs': AMENT_PREFIX_PATH=/home/olympusforge/ros2_frost/install/nav2_common:${AMENT_PREFIX_PATH} CMAKE_PREFIX_PATH=/home/olympusforge/ros2_frost/install/nav2_common:/home/olympusforge/ros2_frost/install/ydlidar_sdk:/home/olympusforge/ros2_frost/install/ydlidar_ros2_driver:/home/olympusforge/ros2_frost/install/v4l2_camera:/home/olympusforge/ros2_frost/install/tortoisebot_slam:/home/olympusforge/ros2_frost/install/tortoisebot_navigation:/home/olympusforge/ros2_frost/install/tortoisebot_gazebo:/home/olympusforge/ros2_frost/install/tortoisebot_firmware:/home/olympusforge/ros2_frost/install/tortoisebot_description:/home/olympusforge/ros2_frost/install/tortoisebot_bringup:/home/olympusforge/ros2_frost/install/tortoisebot_control:/opt/ros/humble PYTHONPATH=/home/olympusforge/ros2_frost/install/nav2_common/local/lib/python3.10/dist-packages:${PYTHONPATH} /usr/bin/cmake /home/olympusforge/ros2_frost/src/navigation2/nav2_msgs -DCMAKE_INSTALL_PREFIX=/home/olympusforge/ros2_frost/install/nav2_msgs
[1.990s] Level 1:colcon.colcon_core.environment:checking '/home/olympusforge/ros2_frost/install/nav2_loopback_sim' for CMake module files
[1.997s] Level 1:colcon.colcon_core.environment:checking '/home/olympusforge/ros2_frost/install/nav2_loopback_sim' for CMake config files
[2.001s] Level 1:colcon.colcon_core.environment:checking '/home/olympusforge/ros2_frost/install/nav2_loopback_sim/lib'
[2.001s] Level 1:colcon.colcon_core.environment:checking '/home/olympusforge/ros2_frost/install/nav2_loopback_sim/bin'
[2.001s] Level 1:colcon.colcon_core.environment:checking '/home/olympusforge/ros2_frost/install/nav2_loopback_sim/lib/pkgconfig/nav2_loopback_sim.pc'
[2.001s] Level 1:colcon.colcon_core.environment:checking '/home/olympusforge/ros2_frost/install/nav2_loopback_sim/lib/python3.10/site-packages'
[2.002s] Level 1:colcon.colcon_core.shell:create_environment_hook('nav2_loopback_sim', 'pythonpath')
[2.002s] INFO:colcon.colcon_core.shell:Creating environment hook '/home/olympusforge/ros2_frost/install/nav2_loopback_sim/share/nav2_loopback_sim/hook/pythonpath.ps1'
[2.002s] INFO:colcon.colcon_core.shell:Creating environment descriptor '/home/olympusforge/ros2_frost/install/nav2_loopback_sim/share/nav2_loopback_sim/hook/pythonpath.dsv'
[2.003s] INFO:colcon.colcon_core.shell:Creating environment hook '/home/olympusforge/ros2_frost/install/nav2_loopback_sim/share/nav2_loopback_sim/hook/pythonpath.sh'
[2.003s] Level 1:colcon.colcon_core.environment:checking '/home/olympusforge/ros2_frost/install/nav2_loopback_sim/bin'
[2.003s] Level 1:colcon.colcon_core.environment:create_environment_scripts_only(nav2_loopback_sim)
[2.004s] INFO:colcon.colcon_core.shell:Creating package script '/home/olympusforge/ros2_frost/install/nav2_loopback_sim/share/nav2_loopback_sim/package.ps1'
[2.004s] INFO:colcon.colcon_core.shell:Creating package descriptor '/home/olympusforge/ros2_frost/install/nav2_loopback_sim/share/nav2_loopback_sim/package.dsv'
[2.004s] INFO:colcon.colcon_core.shell:Creating package script '/home/olympusforge/ros2_frost/install/nav2_loopback_sim/share/nav2_loopback_sim/package.sh'
[2.005s] INFO:colcon.colcon_core.shell:Creating package script '/home/olympusforge/ros2_frost/install/nav2_loopback_sim/share/nav2_loopback_sim/package.bash'
[2.005s] INFO:colcon.colcon_core.shell:Creating package script '/home/olympusforge/ros2_frost/install/nav2_loopback_sim/share/nav2_loopback_sim/package.zsh'
[2.005s] Level 1:colcon.colcon_core.environment:create_file_with_runtime_dependencies(/home/olympusforge/ros2_frost/install/nav2_loopback_sim/share/colcon-core/packages/nav2_loopback_sim)
[2.007s] INFO:colcon.colcon_ros.task.ament_cmake.build:Building ROS package in '/home/olympusforge/ros2_frost/src/navigation2/nav2_voxel_grid' with build type 'ament_cmake'
[2.008s] INFO:colcon.colcon_cmake.task.cmake.build:Building CMake package in '/home/olympusforge/ros2_frost/src/navigation2/nav2_voxel_grid'
[2.008s] INFO:colcon.colcon_core.shell:Skip shell extension 'powershell' for command environment: Not usable outside of PowerShell
[2.008s] DEBUG:colcon.colcon_core.shell:Skip shell extension 'dsv' for command environment
[2.011s] DEBUG:colcon.colcon_core.event_handler.log_command:Invoked command in '/home/olympusforge/ros2_frost/src/navigation2/nav2_loopback_sim' returned '0': PYTHONPATH=/home/olympusforge/ros2_frost/build/nav2_loopback_sim/prefix_override:/usr/lib/python3/dist-packages/colcon_core/task/python/colcon_distutils_commands:/home/olympusforge/ros2_frost/install/nav2_loopback_sim/lib/python3.10/site-packages:${PYTHONPATH} /usr/bin/python3 -W ignore:setup.py install is deprecated -W ignore:easy_install command is deprecated setup.py egg_info --egg-base ../../../build/nav2_loopback_sim build --build-base /home/olympusforge/ros2_frost/build/nav2_loopback_sim/build install --record /home/olympusforge/ros2_frost/build/nav2_loopback_sim/install.log --single-version-externally-managed install_data
[2.116s] DEBUG:colcon.colcon_core.event_handler.log_command:Invoking command in '/home/olympusforge/ros2_frost/build/nav2_voxel_grid': AMENT_PREFIX_PATH=/home/olympusforge/ros2_frost/install/nav2_common:${AMENT_PREFIX_PATH} CMAKE_PREFIX_PATH=/home/olympusforge/ros2_frost/install/nav2_common:/home/olympusforge/ros2_frost/install/ydlidar_sdk:/home/olympusforge/ros2_frost/install/ydlidar_ros2_driver:/home/olympusforge/ros2_frost/install/v4l2_camera:/home/olympusforge/ros2_frost/install/tortoisebot_slam:/home/olympusforge/ros2_frost/install/tortoisebot_navigation:/home/olympusforge/ros2_frost/install/tortoisebot_gazebo:/home/olympusforge/ros2_frost/install/tortoisebot_firmware:/home/olympusforge/ros2_frost/install/tortoisebot_description:/home/olympusforge/ros2_frost/install/tortoisebot_bringup:/home/olympusforge/ros2_frost/install/tortoisebot_control:/opt/ros/humble PYTHONPATH=/home/olympusforge/ros2_frost/install/nav2_common/local/lib/python3.10/dist-packages:${PYTHONPATH} /usr/bin/cmake /home/olympusforge/ros2_frost/src/navigation2/nav2_voxel_grid -DCMAKE_INSTALL_PREFIX=/home/olympusforge/ros2_frost/install/nav2_voxel_grid
[2.116s] DEBUG:colcon.colcon_core.event_handler.log_command:Invoked command in '/home/olympusforge/ros2_frost/build/tortoisebot_navigation' returned '0': CMAKE_PREFIX_PATH=${CMAKE_PREFIX_PATH}:/home/olympusforge/ros2_frost/install/tortoisebot_control:/opt/ros/humble /usr/bin/cmake /home/olympusforge/ros2_frost/src/tortoisebot/tortoisebot_navigation -DCMAKE_INSTALL_PREFIX=/home/olympusforge/ros2_frost/install/tortoisebot_navigation
[2.144s] DEBUG:colcon.colcon_core.event_handler.log_command:Invoking command in '/home/olympusforge/ros2_frost/build/tortoisebot_navigation': CMAKE_PREFIX_PATH=${CMAKE_PREFIX_PATH}:/home/olympusforge/ros2_frost/install/tortoisebot_control:/opt/ros/humble /usr/bin/cmake --build /home/olympusforge/ros2_frost/build/tortoisebot_navigation -- -j8 -l8
[2.171s] DEBUG:colcon.colcon_core.event_handler.log_command:Invoked command in '/home/olympusforge/ros2_frost/build/tortoisebot_firmware' returned '0': CMAKE_PREFIX_PATH=${CMAKE_PREFIX_PATH}:/home/olympusforge/ros2_frost/install/tortoisebot_control:/opt/ros/humble /usr/bin/cmake /home/olympusforge/ros2_frost/src/tortoisebot/tortoisebot_firmware -DCMAKE_INSTALL_PREFIX=/home/olympusforge/ros2_frost/install/tortoisebot_firmware
[2.171s] DEBUG:colcon.colcon_core.event_handler.log_command:Invoking command in '/home/olympusforge/ros2_frost/build/tortoisebot_firmware': CMAKE_PREFIX_PATH=${CMAKE_PREFIX_PATH}:/home/olympusforge/ros2_frost/install/tortoisebot_control:/opt/ros/humble /usr/bin/cmake --build /home/olympusforge/ros2_frost/build/tortoisebot_firmware -- -j8 -l8
[2.327s] DEBUG:colcon.colcon_core.event_handler.log_command:Invoked command in '/home/olympusforge/ros2_frost/build/tortoisebot_navigation' returned '0': CMAKE_PREFIX_PATH=${CMAKE_PREFIX_PATH}:/home/olympusforge/ros2_frost/install/tortoisebot_control:/opt/ros/humble /usr/bin/cmake --build /home/olympusforge/ros2_frost/build/tortoisebot_navigation -- -j8 -l8
[2.354s] DEBUG:colcon.colcon_core.event_handler.log_command:Invoking command in '/home/olympusforge/ros2_frost/build/tortoisebot_navigation': CMAKE_PREFIX_PATH=${CMAKE_PREFIX_PATH}:/home/olympusforge/ros2_frost/install/tortoisebot_control:/opt/ros/humble /usr/bin/cmake --install /home/olympusforge/ros2_frost/build/tortoisebot_navigation
[2.354s] DEBUG:colcon.colcon_core.event_handler.log_command:Invoked command in '/home/olympusforge/ros2_frost/build/tortoisebot_control' returned '0': PYTHONPATH=/home/olympusforge/ros2_frost/build/tortoisebot_control/prefix_override:/usr/lib/python3/dist-packages/colcon_core/task/python/colcon_distutils_commands:/home/olympusforge/ros2_frost/install/tortoisebot_control/lib/python3.10/site-packages:${PYTHONPATH} /usr/bin/python3 -W ignore:setup.py install is deprecated -W ignore:easy_install command is deprecated setup.py develop --uninstall --editable --build-directory /home/olympusforge/ros2_frost/build/tortoisebot_control/build
[2.365s] DEBUG:colcon.colcon_core.event_handler.log_command:Invoking command in '/home/olympusforge/ros2_frost/src/tortoisebot/tortoisebot_control': PYTHONPATH=/home/olympusforge/ros2_frost/build/tortoisebot_control/prefix_override:/usr/lib/python3/dist-packages/colcon_core/task/python/colcon_distutils_commands:/home/olympusforge/ros2_frost/install/tortoisebot_control/lib/python3.10/site-packages:${PYTHONPATH} /usr/bin/python3 -W ignore:setup.py install is deprecated -W ignore:easy_install command is deprecated setup.py egg_info --egg-base ../../../build/tortoisebot_control build --build-base /home/olympusforge/ros2_frost/build/tortoisebot_control/build install --record /home/olympusforge/ros2_frost/build/tortoisebot_control/install.log --single-version-externally-managed install_data --force
[2.378s] Level 1:colcon.colcon_core.environment:create_environment_scripts_only(tortoisebot_navigation)
[2.378s] Level 1:colcon.colcon_core.environment:checking '/home/olympusforge/ros2_frost/install/tortoisebot_navigation' for CMake module files
[2.379s] DEBUG:colcon.colcon_core.event_handler.log_command:Invoked command in '/home/olympusforge/ros2_frost/build/tortoisebot_navigation' returned '0': CMAKE_PREFIX_PATH=${CMAKE_PREFIX_PATH}:/home/olympusforge/ros2_frost/install/tortoisebot_control:/opt/ros/humble /usr/bin/cmake --install /home/olympusforge/ros2_frost/build/tortoisebot_navigation
[2.379s] Level 1:colcon.colcon_core.environment:checking '/home/olympusforge/ros2_frost/install/tortoisebot_navigation' for CMake config files
[2.380s] Level 1:colcon.colcon_core.shell:create_environment_hook('tortoisebot_navigation', 'cmake_prefix_path')
[2.380s] INFO:colcon.colcon_core.shell:Creating environment hook '/home/olympusforge/ros2_frost/install/tortoisebot_navigation/share/tortoisebot_navigation/hook/cmake_prefix_path.ps1'
[2.381s] INFO:colcon.colcon_core.shell:Creating environment descriptor '/home/olympusforge/ros2_frost/install/tortoisebot_navigation/share/tortoisebot_navigation/hook/cmake_prefix_path.dsv'
[2.382s] INFO:colcon.colcon_core.shell:Creating environment hook '/home/olympusforge/ros2_frost/install/tortoisebot_navigation/share/tortoisebot_navigation/hook/cmake_prefix_path.sh'
[2.383s] Level 1:colcon.colcon_core.environment:checking '/home/olympusforge/ros2_frost/install/tortoisebot_navigation/bin'
[2.383s] Level 1:colcon.colcon_core.environment:checking '/home/olympusforge/ros2_frost/install/tortoisebot_navigation/lib/pkgconfig/tortoisebot_navigation.pc'
[2.384s] Level 1:colcon.colcon_core.environment:checking '/home/olympusforge/ros2_frost/install/tortoisebot_navigation/lib/python3.10/site-packages'
[2.384s] Level 1:colcon.colcon_core.environment:checking '/home/olympusforge/ros2_frost/install/tortoisebot_navigation/bin'
[2.384s] INFO:colcon.colcon_core.shell:Creating package script '/home/olympusforge/ros2_frost/install/tortoisebot_navigation/share/tortoisebot_navigation/package.ps1'
[2.385s] INFO:colcon.colcon_core.shell:Creating package descriptor '/home/olympusforge/ros2_frost/install/tortoisebot_navigation/share/tortoisebot_navigation/package.dsv'
[2.385s] INFO:colcon.colcon_core.shell:Creating package script '/home/olympusforge/ros2_frost/install/tortoisebot_navigation/share/tortoisebot_navigation/package.sh'
[2.386s] INFO:colcon.colcon_core.shell:Creating package script '/home/olympusforge/ros2_frost/install/tortoisebot_navigation/share/tortoisebot_navigation/package.bash'
[2.387s] INFO:colcon.colcon_core.shell:Creating package script '/home/olympusforge/ros2_frost/install/tortoisebot_navigation/share/tortoisebot_navigation/package.zsh'
[2.388s] Level 1:colcon.colcon_core.environment:create_file_with_runtime_dependencies(/home/olympusforge/ros2_frost/install/tortoisebot_navigation/share/colcon-core/packages/tortoisebot_navigation)
[2.389s] Level 1:colcon.colcon_core.environment:create_environment_scripts_only(tortoisebot_navigation)
[2.389s] Level 1:colcon.colcon_core.environment:checking '/home/olympusforge/ros2_frost/install/tortoisebot_navigation' for CMake module files
[2.389s] Level 1:colcon.colcon_core.environment:checking '/home/olympusforge/ros2_frost/install/tortoisebot_navigation' for CMake config files
[2.389s] Level 1:colcon.colcon_core.shell:create_environment_hook('tortoisebot_navigation', 'cmake_prefix_path')
[2.389s] INFO:colcon.colcon_core.shell:Creating environment hook '/home/olympusforge/ros2_frost/install/tortoisebot_navigation/share/tortoisebot_navigation/hook/cmake_prefix_path.ps1'
[2.390s] INFO:colcon.colcon_core.shell:Creating environment descriptor '/home/olympusforge/ros2_frost/install/tortoisebot_navigation/share/tortoisebot_navigation/hook/cmake_prefix_path.dsv'
[2.390s] INFO:colcon.colcon_core.shell:Creating environment hook '/home/olympusforge/ros2_frost/install/tortoisebot_navigation/share/tortoisebot_navigation/hook/cmake_prefix_path.sh'
[2.393s] Level 1:colcon.colcon_core.environment:checking '/home/olympusforge/ros2_frost/install/tortoisebot_navigation/bin'
[2.394s] Level 1:colcon.colcon_core.environment:checking '/home/olympusforge/ros2_frost/install/tortoisebot_navigation/lib/pkgconfig/tortoisebot_navigation.pc'
[2.394s] Level 1:colcon.colcon_core.environment:checking '/home/olympusforge/ros2_frost/install/tortoisebot_navigation/lib/python3.10/site-packages'
[2.394s] Level 1:colcon.colcon_core.environment:checking '/home/olympusforge/ros2_frost/install/tortoisebot_navigation/bin'
[2.394s] INFO:colcon.colcon_core.shell:Creating package script '/home/olympusforge/ros2_frost/install/tortoisebot_navigation/share/tortoisebot_navigation/package.ps1'
[2.395s] INFO:colcon.colcon_core.shell:Creating package descriptor '/home/olympusforge/ros2_frost/install/tortoisebot_navigation/share/tortoisebot_navigation/package.dsv'
[2.396s] INFO:colcon.colcon_core.shell:Creating package script '/home/olympusforge/ros2_frost/install/tortoisebot_navigation/share/tortoisebot_navigation/package.sh'
[2.397s] INFO:colcon.colcon_core.shell:Creating package script '/home/olympusforge/ros2_frost/install/tortoisebot_navigation/share/tortoisebot_navigation/package.bash'
[2.397s] INFO:colcon.colcon_core.shell:Creating package script '/home/olympusforge/ros2_frost/install/tortoisebot_navigation/share/tortoisebot_navigation/package.zsh'
[2.398s] Level 1:colcon.colcon_core.environment:create_file_with_runtime_dependencies(/home/olympusforge/ros2_frost/install/tortoisebot_navigation/share/colcon-core/packages/tortoisebot_navigation)
[2.401s] INFO:colcon.colcon_ros.task.ament_cmake.build:Building ROS package in '/home/olympusforge/ros2_frost/src/navigation2/nav2_docking/opennav_docking_core' with build type 'ament_cmake'
[2.402s] INFO:colcon.colcon_cmake.task.cmake.build:Building CMake package in '/home/olympusforge/ros2_frost/src/navigation2/nav2_docking/opennav_docking_core'
[2.402s] INFO:colcon.colcon_core.shell:Skip shell extension 'powershell' for command environment: Not usable outside of PowerShell
[2.402s] DEBUG:colcon.colcon_core.shell:Skip shell extension 'dsv' for command environment
[2.403s] DEBUG:colcon.colcon_core.event_handler.log_command:Invoked command in '/home/olympusforge/ros2_frost/build/tortoisebot_slam' returned '0': CMAKE_PREFIX_PATH=${CMAKE_PREFIX_PATH}:/home/olympusforge/ros2_frost/install/tortoisebot_control:/opt/ros/humble /usr/bin/cmake /home/olympusforge/ros2_frost/src/tortoisebot/tortoisebot_slam -DCMAKE_INSTALL_PREFIX=/home/olympusforge/ros2_frost/install/tortoisebot_slam
[2.404s] DEBUG:colcon.colcon_core.event_handler.log_command:Invoking command in '/home/olympusforge/ros2_frost/build/tortoisebot_slam': CMAKE_PREFIX_PATH=${CMAKE_PREFIX_PATH}:/home/olympusforge/ros2_frost/install/tortoisebot_control:/opt/ros/humble /usr/bin/cmake --build /home/olympusforge/ros2_frost/build/tortoisebot_slam -- -j8 -l8
[2.461s] DEBUG:colcon.colcon_core.event_handler.log_command:Invoking command in '/home/olympusforge/ros2_frost/build/opennav_docking_core': AMENT_PREFIX_PATH=/home/olympusforge/ros2_frost/install/nav2_common:${AMENT_PREFIX_PATH} CMAKE_PREFIX_PATH=/home/olympusforge/ros2_frost/install/nav2_common:/home/olympusforge/ros2_frost/install/ydlidar_sdk:/home/olympusforge/ros2_frost/install/ydlidar_ros2_driver:/home/olympusforge/ros2_frost/install/v4l2_camera:/home/olympusforge/ros2_frost/install/tortoisebot_slam:/home/olympusforge/ros2_frost/install/tortoisebot_navigation:/home/olympusforge/ros2_frost/install/tortoisebot_gazebo:/home/olympusforge/ros2_frost/install/tortoisebot_firmware:/home/olympusforge/ros2_frost/install/tortoisebot_description:/home/olympusforge/ros2_frost/install/tortoisebot_bringup:/home/olympusforge/ros2_frost/install/tortoisebot_control:/opt/ros/humble PYTHONPATH=/home/olympusforge/ros2_frost/install/nav2_common/local/lib/python3.10/dist-packages:${PYTHONPATH} /usr/bin/cmake /home/olympusforge/ros2_frost/src/navigation2/nav2_docking/opennav_docking_core -DCMAKE_INSTALL_PREFIX=/home/olympusforge/ros2_frost/install/opennav_docking_core
[2.668s] DEBUG:colcon.colcon_core.event_handler.log_command:Invoked command in '/home/olympusforge/ros2_frost/build/tortoisebot_slam' returned '0': CMAKE_PREFIX_PATH=${CMAKE_PREFIX_PATH}:/home/olympusforge/ros2_frost/install/tortoisebot_control:/opt/ros/humble /usr/bin/cmake --build /home/olympusforge/ros2_frost/build/tortoisebot_slam -- -j8 -l8
[2.672s] DEBUG:colcon.colcon_core.event_handler.log_command:Invoking command in '/home/olympusforge/ros2_frost/build/tortoisebot_slam': CMAKE_PREFIX_PATH=${CMAKE_PREFIX_PATH}:/home/olympusforge/ros2_frost/install/tortoisebot_control:/opt/ros/humble /usr/bin/cmake --install /home/olympusforge/ros2_frost/build/tortoisebot_slam
[2.686s] DEBUG:colcon.colcon_core.event_handler.log_command:Invoked command in '/home/olympusforge/ros2_frost/build/tortoisebot_firmware' returned '0': CMAKE_PREFIX_PATH=${CMAKE_PREFIX_PATH}:/home/olympusforge/ros2_frost/install/tortoisebot_control:/opt/ros/humble /usr/bin/cmake --build /home/olympusforge/ros2_frost/build/tortoisebot_firmware -- -j8 -l8
[2.686s] DEBUG:colcon.colcon_core.event_handler.log_command:Invoking command in '/home/olympusforge/ros2_frost/build/tortoisebot_firmware': CMAKE_PREFIX_PATH=${CMAKE_PREFIX_PATH}:/home/olympusforge/ros2_frost/install/tortoisebot_control:/opt/ros/humble /usr/bin/cmake --install /home/olympusforge/ros2_frost/build/tortoisebot_firmware
[2.722s] Level 1:colcon.colcon_core.environment:checking '/home/olympusforge/ros2_frost/install/tortoisebot_control' for CMake module files
[2.723s] Level 1:colcon.colcon_core.environment:checking '/home/olympusforge/ros2_frost/install/tortoisebot_control' for CMake config files
[2.723s] Level 1:colcon.colcon_core.environment:checking '/home/olympusforge/ros2_frost/install/tortoisebot_control/lib'
[2.724s] Level 1:colcon.colcon_core.environment:checking '/home/olympusforge/ros2_frost/install/tortoisebot_control/bin'
[2.724s] Level 1:colcon.colcon_core.environment:checking '/home/olympusforge/ros2_frost/install/tortoisebot_control/lib/pkgconfig/tortoisebot_control.pc'
[2.725s] Level 1:colcon.colcon_core.environment:checking '/home/olympusforge/ros2_frost/install/tortoisebot_control/lib/python3.10/site-packages'
[2.725s] Level 1:colcon.colcon_core.shell:create_environment_hook('tortoisebot_control', 'pythonpath')
[2.725s] INFO:colcon.colcon_core.shell:Creating environment hook '/home/olympusforge/ros2_frost/install/tortoisebot_control/share/tortoisebot_control/hook/pythonpath.ps1'
[2.726s] INFO:colcon.colcon_core.shell:Creating environment descriptor '/home/olympusforge/ros2_frost/install/tortoisebot_control/share/tortoisebot_control/hook/pythonpath.dsv'
[2.727s] INFO:colcon.colcon_core.shell:Creating environment hook '/home/olympusforge/ros2_frost/install/tortoisebot_control/share/tortoisebot_control/hook/pythonpath.sh'
[2.729s] Level 1:colcon.colcon_core.environment:checking '/home/olympusforge/ros2_frost/install/tortoisebot_control/bin'
[2.729s] Level 1:colcon.colcon_core.environment:create_environment_scripts_only(tortoisebot_control)
[2.730s] INFO:colcon.colcon_core.shell:Creating package script '/home/olympusforge/ros2_frost/install/tortoisebot_control/share/tortoisebot_control/package.ps1'
[2.732s] INFO:colcon.colcon_core.shell:Creating package descriptor '/home/olympusforge/ros2_frost/install/tortoisebot_control/share/tortoisebot_control/package.dsv'
[2.735s] DEBUG:colcon.colcon_core.event_handler.log_command:Invoked command in '/home/olympusforge/ros2_frost/src/tortoisebot/tortoisebot_control' returned '0': PYTHONPATH=/home/olympusforge/ros2_frost/build/tortoisebot_control/prefix_override:/usr/lib/python3/dist-packages/colcon_core/task/python/colcon_distutils_commands:/home/olympusforge/ros2_frost/install/tortoisebot_control/lib/python3.10/site-packages:${PYTHONPATH} /usr/bin/python3 -W ignore:setup.py install is deprecated -W ignore:easy_install command is deprecated setup.py egg_info --egg-base ../../../build/tortoisebot_control build --build-base /home/olympusforge/ros2_frost/build/tortoisebot_control/build install --record /home/olympusforge/ros2_frost/build/tortoisebot_control/install.log --single-version-externally-managed install_data --force
[2.736s] INFO:colcon.colcon_core.shell:Creating package script '/home/olympusforge/ros2_frost/install/tortoisebot_control/share/tortoisebot_control/package.sh'
[2.738s] INFO:colcon.colcon_core.shell:Creating package script '/home/olympusforge/ros2_frost/install/tortoisebot_control/share/tortoisebot_control/package.bash'
[2.741s] INFO:colcon.colcon_core.shell:Creating package script '/home/olympusforge/ros2_frost/install/tortoisebot_control/share/tortoisebot_control/package.zsh'
[2.743s] Level 1:colcon.colcon_core.environment:create_file_with_runtime_dependencies(/home/olympusforge/ros2_frost/install/tortoisebot_control/share/colcon-core/packages/tortoisebot_control)
[2.745s] INFO:colcon.colcon_ros.task.ament_cmake.build:Building ROS package in '/home/olympusforge/ros2_frost/src/tortoisebot/ydlidar_ros2_driver' with build type 'ament_cmake'
[2.747s] INFO:colcon.colcon_cmake.task.cmake.build:Building CMake package in '/home/olympusforge/ros2_frost/src/tortoisebot/ydlidar_ros2_driver'
[2.748s] INFO:colcon.colcon_core.shell:Skip shell extension 'powershell' for command environment: Not usable outside of PowerShell
[2.748s] DEBUG:colcon.colcon_core.shell:Skip shell extension 'dsv' for command environment
[2.758s] Level 1:colcon.colcon_core.environment:create_environment_scripts_only(tortoisebot_slam)
[2.759s] Level 1:colcon.colcon_core.environment:checking '/home/olympusforge/ros2_frost/install/tortoisebot_slam' for CMake module files
[2.760s] DEBUG:colcon.colcon_core.event_handler.log_command:Invoked command in '/home/olympusforge/ros2_frost/build/tortoisebot_slam' returned '0': CMAKE_PREFIX_PATH=${CMAKE_PREFIX_PATH}:/home/olympusforge/ros2_frost/install/tortoisebot_control:/opt/ros/humble /usr/bin/cmake --install /home/olympusforge/ros2_frost/build/tortoisebot_slam
[2.761s] Level 1:colcon.colcon_core.environment:checking '/home/olympusforge/ros2_frost/install/tortoisebot_slam' for CMake config files
[2.761s] Level 1:colcon.colcon_core.shell:create_environment_hook('tortoisebot_slam', 'cmake_prefix_path')
[2.761s] INFO:colcon.colcon_core.shell:Creating environment hook '/home/olympusforge/ros2_frost/install/tortoisebot_slam/share/tortoisebot_slam/hook/cmake_prefix_path.ps1'
[2.764s] INFO:colcon.colcon_core.shell:Creating environment descriptor '/home/olympusforge/ros2_frost/install/tortoisebot_slam/share/tortoisebot_slam/hook/cmake_prefix_path.dsv'
[2.774s] INFO:colcon.colcon_core.shell:Creating environment hook '/home/olympusforge/ros2_frost/install/tortoisebot_slam/share/tortoisebot_slam/hook/cmake_prefix_path.sh'
[2.777s] Level 1:colcon.colcon_core.environment:checking '/home/olympusforge/ros2_frost/install/tortoisebot_slam/bin'
[2.777s] Level 1:colcon.colcon_core.environment:checking '/home/olympusforge/ros2_frost/install/tortoisebot_slam/lib/pkgconfig/tortoisebot_slam.pc'
[2.777s] Level 1:colcon.colcon_core.environment:checking '/home/olympusforge/ros2_frost/install/tortoisebot_slam/lib/python3.10/site-packages'
[2.777s] Level 1:colcon.colcon_core.environment:checking '/home/olympusforge/ros2_frost/install/tortoisebot_slam/bin'
[2.778s] INFO:colcon.colcon_core.shell:Creating package script '/home/olympusforge/ros2_frost/install/tortoisebot_slam/share/tortoisebot_slam/package.ps1'
[2.781s] INFO:colcon.colcon_core.shell:Creating package descriptor '/home/olympusforge/ros2_frost/install/tortoisebot_slam/share/tortoisebot_slam/package.dsv'
[2.782s] INFO:colcon.colcon_core.shell:Creating package script '/home/olympusforge/ros2_frost/install/tortoisebot_slam/share/tortoisebot_slam/package.sh'
[2.783s] INFO:colcon.colcon_core.shell:Creating package script '/home/olympusforge/ros2_frost/install/tortoisebot_slam/share/tortoisebot_slam/package.bash'
[2.783s] INFO:colcon.colcon_core.shell:Creating package script '/home/olympusforge/ros2_frost/install/tortoisebot_slam/share/tortoisebot_slam/package.zsh'
[2.784s] Level 1:colcon.colcon_core.environment:create_file_with_runtime_dependencies(/home/olympusforge/ros2_frost/install/tortoisebot_slam/share/colcon-core/packages/tortoisebot_slam)
[2.784s] Level 1:colcon.colcon_core.environment:create_environment_scripts_only(tortoisebot_slam)
[2.785s] Level 1:colcon.colcon_core.environment:checking '/home/olympusforge/ros2_frost/install/tortoisebot_slam' for CMake module files
[2.785s] Level 1:colcon.colcon_core.environment:checking '/home/olympusforge/ros2_frost/install/tortoisebot_slam' for CMake config files
[2.785s] Level 1:colcon.colcon_core.shell:create_environment_hook('tortoisebot_slam', 'cmake_prefix_path')
[2.786s] INFO:colcon.colcon_core.shell:Creating environment hook '/home/olympusforge/ros2_frost/install/tortoisebot_slam/share/tortoisebot_slam/hook/cmake_prefix_path.ps1'
[2.786s] INFO:colcon.colcon_core.shell:Creating environment descriptor '/home/olympusforge/ros2_frost/install/tortoisebot_slam/share/tortoisebot_slam/hook/cmake_prefix_path.dsv'
[2.786s] INFO:colcon.colcon_core.shell:Creating environment hook '/home/olympusforge/ros2_frost/install/tortoisebot_slam/share/tortoisebot_slam/hook/cmake_prefix_path.sh'
[2.787s] Level 1:colcon.colcon_core.environment:checking '/home/olympusforge/ros2_frost/install/tortoisebot_slam/bin'
[2.787s] Level 1:colcon.colcon_core.environment:checking '/home/olympusforge/ros2_frost/install/tortoisebot_slam/lib/pkgconfig/tortoisebot_slam.pc'
[2.787s] Level 1:colcon.colcon_core.environment:checking '/home/olympusforge/ros2_frost/install/tortoisebot_slam/lib/python3.10/site-packages'
[2.789s] Level 1:colcon.colcon_core.environment:checking '/home/olympusforge/ros2_frost/install/tortoisebot_slam/bin'
[2.790s] INFO:colcon.colcon_core.shell:Creating package script '/home/olympusforge/ros2_frost/install/tortoisebot_slam/share/tortoisebot_slam/package.ps1'
[2.791s] INFO:colcon.colcon_core.shell:Creating package descriptor '/home/olympusforge/ros2_frost/install/tortoisebot_slam/share/tortoisebot_slam/package.dsv'
[2.792s] INFO:colcon.colcon_core.shell:Creating package script '/home/olympusforge/ros2_frost/install/tortoisebot_slam/share/tortoisebot_slam/package.sh'
[2.802s] INFO:colcon.colcon_core.shell:Creating package script '/home/olympusforge/ros2_frost/install/tortoisebot_slam/share/tortoisebot_slam/package.bash'
[2.808s] INFO:colcon.colcon_core.shell:Creating package script '/home/olympusforge/ros2_frost/install/tortoisebot_slam/share/tortoisebot_slam/package.zsh'
[2.810s] Level 1:colcon.colcon_core.environment:create_file_with_runtime_dependencies(/home/olympusforge/ros2_frost/install/tortoisebot_slam/share/colcon-core/packages/tortoisebot_slam)
[2.814s] INFO:colcon.colcon_cmake.task.cmake.build:Building CMake package in '/home/olympusforge/ros2_frost/src/tortoisebot/YDLidar-SDK'
[2.816s] INFO:colcon.colcon_core.shell:Skip shell extension 'powershell' for command environment: Not usable outside of PowerShell
[2.816s] DEBUG:colcon.colcon_core.shell:Skip shell extension 'dsv' for command environment
[2.952s] DEBUG:colcon.colcon_core.event_handler.log_command:Invoking command in '/home/olympusforge/ros2_frost/build/ydlidar_ros2_driver': CMAKE_PREFIX_PATH=${CMAKE_PREFIX_PATH}:/home/olympusforge/ros2_frost/install/tortoisebot_control:/opt/ros/humble /usr/bin/cmake /home/olympusforge/ros2_frost/src/tortoisebot/ydlidar_ros2_driver -DCMAKE_INSTALL_PREFIX=/home/olympusforge/ros2_frost/install/ydlidar_ros2_driver
[2.968s] Level 1:colcon.colcon_core.environment:create_environment_scripts_only(tortoisebot_firmware)
[2.968s] Level 1:colcon.colcon_core.environment:checking '/home/olympusforge/ros2_frost/install/tortoisebot_firmware' for CMake module files
[2.987s] Level 1:colcon.colcon_core.environment:checking '/home/olympusforge/ros2_frost/install/tortoisebot_firmware' for CMake config files
[2.988s] Level 1:colcon.colcon_core.shell:create_environment_hook('tortoisebot_firmware', 'cmake_prefix_path')
[2.988s] INFO:colcon.colcon_core.shell:Creating environment hook '/home/olympusforge/ros2_frost/install/tortoisebot_firmware/share/tortoisebot_firmware/hook/cmake_prefix_path.ps1'
[2.994s] DEBUG:colcon.colcon_core.event_handler.log_command:Invoking command in '/home/olympusforge/ros2_frost/build/ydlidar_sdk': /usr/bin/cmake --build /home/olympusforge/ros2_frost/build/ydlidar_sdk -- -j8 -l8
[2.994s] DEBUG:colcon.colcon_core.event_handler.log_command:Invoked command in '/home/olympusforge/ros2_frost/build/tortoisebot_firmware' returned '0': CMAKE_PREFIX_PATH=${CMAKE_PREFIX_PATH}:/home/olympusforge/ros2_frost/install/tortoisebot_control:/opt/ros/humble /usr/bin/cmake --install /home/olympusforge/ros2_frost/build/tortoisebot_firmware
[2.998s] INFO:colcon.colcon_core.shell:Creating environment descriptor '/home/olympusforge/ros2_frost/install/tortoisebot_firmware/share/tortoisebot_firmware/hook/cmake_prefix_path.dsv'
[3.008s] INFO:colcon.colcon_core.shell:Creating environment hook '/home/olympusforge/ros2_frost/install/tortoisebot_firmware/share/tortoisebot_firmware/hook/cmake_prefix_path.sh'
[3.015s] Level 1:colcon.colcon_core.environment:checking '/home/olympusforge/ros2_frost/install/tortoisebot_firmware/lib'
[3.015s] Level 1:colcon.colcon_core.environment:checking '/home/olympusforge/ros2_frost/install/tortoisebot_firmware/bin'
[3.021s] Level 1:colcon.colcon_core.environment:checking '/home/olympusforge/ros2_frost/install/tortoisebot_firmware/lib/pkgconfig/tortoisebot_firmware.pc'
[3.021s] Level 1:colcon.colcon_core.environment:checking '/home/olympusforge/ros2_frost/install/tortoisebot_firmware/lib/python3.10/site-packages'
[3.021s] Level 1:colcon.colcon_core.environment:checking '/home/olympusforge/ros2_frost/install/tortoisebot_firmware/bin'
[3.021s] INFO:colcon.colcon_core.shell:Creating package script '/home/olympusforge/ros2_frost/install/tortoisebot_firmware/share/tortoisebot_firmware/package.ps1'
[3.024s] INFO:colcon.colcon_core.shell:Creating package descriptor '/home/olympusforge/ros2_frost/install/tortoisebot_firmware/share/tortoisebot_firmware/package.dsv'
[3.025s] INFO:colcon.colcon_core.shell:Creating package script '/home/olympusforge/ros2_frost/install/tortoisebot_firmware/share/tortoisebot_firmware/package.sh'
[3.027s] INFO:colcon.colcon_core.shell:Creating package script '/home/olympusforge/ros2_frost/install/tortoisebot_firmware/share/tortoisebot_firmware/package.bash'
[3.028s] INFO:colcon.colcon_core.shell:Creating package script '/home/olympusforge/ros2_frost/install/tortoisebot_firmware/share/tortoisebot_firmware/package.zsh'
[3.029s] Level 1:colcon.colcon_core.environment:create_file_with_runtime_dependencies(/home/olympusforge/ros2_frost/install/tortoisebot_firmware/share/colcon-core/packages/tortoisebot_firmware)
[3.030s] Level 1:colcon.colcon_core.environment:create_environment_scripts_only(tortoisebot_firmware)
[3.030s] Level 1:colcon.colcon_core.environment:checking '/home/olympusforge/ros2_frost/install/tortoisebot_firmware' for CMake module files
[3.030s] Level 1:colcon.colcon_core.environment:checking '/home/olympusforge/ros2_frost/install/tortoisebot_firmware' for CMake config files
[3.031s] Level 1:colcon.colcon_core.shell:create_environment_hook('tortoisebot_firmware', 'cmake_prefix_path')
[3.031s] INFO:colcon.colcon_core.shell:Creating environment hook '/home/olympusforge/ros2_frost/install/tortoisebot_firmware/share/tortoisebot_firmware/hook/cmake_prefix_path.ps1'
[3.035s] INFO:colcon.colcon_core.shell:Creating environment descriptor '/home/olympusforge/ros2_frost/install/tortoisebot_firmware/share/tortoisebot_firmware/hook/cmake_prefix_path.dsv'
[3.036s] INFO:colcon.colcon_core.shell:Creating environment hook '/home/olympusforge/ros2_frost/install/tortoisebot_firmware/share/tortoisebot_firmware/hook/cmake_prefix_path.sh'
[3.038s] Level 1:colcon.colcon_core.environment:checking '/home/olympusforge/ros2_frost/install/tortoisebot_firmware/lib'
[3.038s] Level 1:colcon.colcon_core.environment:checking '/home/olympusforge/ros2_frost/install/tortoisebot_firmware/bin'
[3.038s] Level 1:colcon.colcon_core.environment:checking '/home/olympusforge/ros2_frost/install/tortoisebot_firmware/lib/pkgconfig/tortoisebot_firmware.pc'
[3.039s] Level 1:colcon.colcon_core.environment:checking '/home/olympusforge/ros2_frost/install/tortoisebot_firmware/lib/python3.10/site-packages'
[3.039s] Level 1:colcon.colcon_core.environment:checking '/home/olympusforge/ros2_frost/install/tortoisebot_firmware/bin'
[3.039s] INFO:colcon.colcon_core.shell:Creating package script '/home/olympusforge/ros2_frost/install/tortoisebot_firmware/share/tortoisebot_firmware/package.ps1'
[3.040s] INFO:colcon.colcon_core.shell:Creating package descriptor '/home/olympusforge/ros2_frost/install/tortoisebot_firmware/share/tortoisebot_firmware/package.dsv'
[3.040s] INFO:colcon.colcon_core.shell:Creating package script '/home/olympusforge/ros2_frost/install/tortoisebot_firmware/share/tortoisebot_firmware/package.sh'
[3.042s] INFO:colcon.colcon_core.shell:Creating package script '/home/olympusforge/ros2_frost/install/tortoisebot_firmware/share/tortoisebot_firmware/package.bash'
[3.042s] INFO:colcon.colcon_core.shell:Creating package script '/home/olympusforge/ros2_frost/install/tortoisebot_firmware/share/tortoisebot_firmware/package.zsh'
[3.043s] Level 1:colcon.colcon_core.environment:create_file_with_runtime_dependencies(/home/olympusforge/ros2_frost/install/tortoisebot_firmware/share/colcon-core/packages/tortoisebot_firmware)
[3.245s] DEBUG:colcon.colcon_core.event_handler.log_command:Invoked command in '/home/olympusforge/ros2_frost/build/v4l2_camera' returned '0': CMAKE_PREFIX_PATH=${CMAKE_PREFIX_PATH}:/home/olympusforge/ros2_frost/install/tortoisebot_control:/opt/ros/humble /usr/bin/cmake /home/olympusforge/ros2_frost/src/tortoisebot/v4l2_camera -DCMAKE_INSTALL_PREFIX=/home/olympusforge/ros2_frost/install/v4l2_camera
[3.246s] DEBUG:colcon.colcon_core.event_handler.log_command:Invoking command in '/home/olympusforge/ros2_frost/build/v4l2_camera': CMAKE_PREFIX_PATH=${CMAKE_PREFIX_PATH}:/home/olympusforge/ros2_frost/install/tortoisebot_control:/opt/ros/humble /usr/bin/cmake --build /home/olympusforge/ros2_frost/build/v4l2_camera -- -j8 -l8
[3.623s] DEBUG:colcon.colcon_core.event_handler.log_command:Invoked command in '/home/olympusforge/ros2_frost/build/ydlidar_sdk' returned '0': /usr/bin/cmake --build /home/olympusforge/ros2_frost/build/ydlidar_sdk -- -j8 -l8
[3.632s] DEBUG:colcon.colcon_core.event_handler.log_command:Invoking command in '/home/olympusforge/ros2_frost/build/ydlidar_sdk': /usr/bin/cmake --install /home/olympusforge/ros2_frost/build/ydlidar_sdk
[3.689s] DEBUG:colcon.colcon_core.event_handler.log_command:Invoked command in '/home/olympusforge/ros2_frost/build/v4l2_camera' returned '0': CMAKE_PREFIX_PATH=${CMAKE_PREFIX_PATH}:/home/olympusforge/ros2_frost/install/tortoisebot_control:/opt/ros/humble /usr/bin/cmake --build /home/olympusforge/ros2_frost/build/v4l2_camera -- -j8 -l8
[3.722s] DEBUG:colcon.colcon_core.event_handler.log_command:Invoking command in '/home/olympusforge/ros2_frost/build/v4l2_camera': CMAKE_PREFIX_PATH=${CMAKE_PREFIX_PATH}:/home/olympusforge/ros2_frost/install/tortoisebot_control:/opt/ros/humble /usr/bin/cmake --install /home/olympusforge/ros2_frost/build/v4l2_camera
[3.731s] Level 1:colcon.colcon_core.environment:create_environment_scripts_only(ydlidar_sdk)
[3.732s] Level 1:colcon.colcon_core.environment:checking '/home/olympusforge/ros2_frost/install/ydlidar_sdk' for CMake module files
[3.743s] DEBUG:colcon.colcon_core.event_handler.log_command:Invoked command in '/home/olympusforge/ros2_frost/build/ydlidar_sdk' returned '0': /usr/bin/cmake --install /home/olympusforge/ros2_frost/build/ydlidar_sdk
[3.745s] Level 1:colcon.colcon_core.environment:checking '/home/olympusforge/ros2_frost/install/ydlidar_sdk' for CMake config files
[3.745s] Level 1:colcon.colcon_core.shell:create_environment_hook('ydlidar_sdk', 'cmake_prefix_path')
[3.745s] INFO:colcon.colcon_core.shell:Creating environment hook '/home/olympusforge/ros2_frost/install/ydlidar_sdk/share/ydlidar_sdk/hook/cmake_prefix_path.ps1'
[3.746s] INFO:colcon.colcon_core.shell:Creating environment descriptor '/home/olympusforge/ros2_frost/install/ydlidar_sdk/share/ydlidar_sdk/hook/cmake_prefix_path.dsv'
[3.815s] INFO:colcon.colcon_core.shell:Creating environment hook '/home/olympusforge/ros2_frost/install/ydlidar_sdk/share/ydlidar_sdk/hook/cmake_prefix_path.sh'
[3.817s] Level 1:colcon.colcon_core.environment:checking '/home/olympusforge/ros2_frost/install/ydlidar_sdk/lib'
[3.817s] Level 1:colcon.colcon_core.environment:checking '/home/olympusforge/ros2_frost/install/ydlidar_sdk/bin'
[3.817s] Level 1:colcon.colcon_core.shell:create_environment_hook('ydlidar_sdk', 'path')
[3.818s] INFO:colcon.colcon_core.shell:Creating environment hook '/home/olympusforge/ros2_frost/install/ydlidar_sdk/share/ydlidar_sdk/hook/path.ps1'
[3.818s] INFO:colcon.colcon_core.shell:Creating environment descriptor '/home/olympusforge/ros2_frost/install/ydlidar_sdk/share/ydlidar_sdk/hook/path.dsv'
[3.836s] INFO:colcon.colcon_core.shell:Creating environment hook '/home/olympusforge/ros2_frost/install/ydlidar_sdk/share/ydlidar_sdk/hook/path.sh'
[3.836s] Level 1:colcon.colcon_core.environment:checking '/home/olympusforge/ros2_frost/install/ydlidar_sdk/lib/pkgconfig/ydlidar_sdk.pc'
[3.837s] Level 1:colcon.colcon_core.environment:checking '/home/olympusforge/ros2_frost/install/ydlidar_sdk/lib/python3.10/site-packages'
[3.837s] Level 1:colcon.colcon_core.environment:checking '/home/olympusforge/ros2_frost/install/ydlidar_sdk/bin'
[3.841s] Level 1:colcon.colcon_core.shell:create_environment_hook('ydlidar_sdk', 'pythonscriptspath')
[3.843s] INFO:colcon.colcon_core.shell:Creating environment hook '/home/olympusforge/ros2_frost/install/ydlidar_sdk/share/ydlidar_sdk/hook/pythonscriptspath.ps1'
[3.843s] INFO:colcon.colcon_core.shell:Creating environment descriptor '/home/olympusforge/ros2_frost/install/ydlidar_sdk/share/ydlidar_sdk/hook/pythonscriptspath.dsv'
[3.844s] INFO:colcon.colcon_core.shell:Creating environment hook '/home/olympusforge/ros2_frost/install/ydlidar_sdk/share/ydlidar_sdk/hook/pythonscriptspath.sh'
[3.845s] INFO:colcon.colcon_core.shell:Creating package script '/home/olympusforge/ros2_frost/install/ydlidar_sdk/share/ydlidar_sdk/package.ps1'
[3.845s] INFO:colcon.colcon_core.shell:Creating package descriptor '/home/olympusforge/ros2_frost/install/ydlidar_sdk/share/ydlidar_sdk/package.dsv'
[3.846s] INFO:colcon.colcon_core.shell:Creating package script '/home/olympusforge/ros2_frost/install/ydlidar_sdk/share/ydlidar_sdk/package.sh'
[3.847s] INFO:colcon.colcon_core.shell:Creating package script '/home/olympusforge/ros2_frost/install/ydlidar_sdk/share/ydlidar_sdk/package.bash'
[3.848s] INFO:colcon.colcon_core.shell:Creating package script '/home/olympusforge/ros2_frost/install/ydlidar_sdk/share/ydlidar_sdk/package.zsh'
[3.849s] Level 1:colcon.colcon_core.environment:create_file_with_runtime_dependencies(/home/olympusforge/ros2_frost/install/ydlidar_sdk/share/colcon-core/packages/ydlidar_sdk)
[3.857s] Level 1:colcon.colcon_core.environment:create_environment_scripts_only(v4l2_camera)
[3.857s] Level 1:colcon.colcon_core.environment:checking '/home/olympusforge/ros2_frost/install/v4l2_camera' for CMake module files
[3.857s] Level 1:colcon.colcon_core.environment:checking '/home/olympusforge/ros2_frost/install/v4l2_camera' for CMake config files
[3.858s] Level 1:colcon.colcon_core.shell:create_environment_hook('v4l2_camera', 'cmake_prefix_path')
[3.858s] INFO:colcon.colcon_core.shell:Creating environment hook '/home/olympusforge/ros2_frost/install/v4l2_camera/share/v4l2_camera/hook/cmake_prefix_path.ps1'
[3.858s] INFO:colcon.colcon_core.shell:Creating environment descriptor '/home/olympusforge/ros2_frost/install/v4l2_camera/share/v4l2_camera/hook/cmake_prefix_path.dsv'
[3.859s] INFO:colcon.colcon_core.shell:Creating environment hook '/home/olympusforge/ros2_frost/install/v4l2_camera/share/v4l2_camera/hook/cmake_prefix_path.sh'
[3.860s] DEBUG:colcon.colcon_core.event_handler.log_command:Invoked command in '/home/olympusforge/ros2_frost/build/v4l2_camera' returned '0': CMAKE_PREFIX_PATH=${CMAKE_PREFIX_PATH}:/home/olympusforge/ros2_frost/install/tortoisebot_control:/opt/ros/humble /usr/bin/cmake --install /home/olympusforge/ros2_frost/build/v4l2_camera
[3.861s] Level 1:colcon.colcon_core.environment:checking '/home/olympusforge/ros2_frost/install/v4l2_camera/lib'
[3.861s] Level 1:colcon.colcon_core.shell:create_environment_hook('v4l2_camera', 'ld_library_path_lib')
[3.861s] INFO:colcon.colcon_core.shell:Creating environment hook '/home/olympusforge/ros2_frost/install/v4l2_camera/share/v4l2_camera/hook/ld_library_path_lib.ps1'
[3.862s] INFO:colcon.colcon_core.shell:Creating environment descriptor '/home/olympusforge/ros2_frost/install/v4l2_camera/share/v4l2_camera/hook/ld_library_path_lib.dsv'
[3.862s] INFO:colcon.colcon_core.shell:Creating environment hook '/home/olympusforge/ros2_frost/install/v4l2_camera/share/v4l2_camera/hook/ld_library_path_lib.sh'
[3.863s] Level 1:colcon.colcon_core.environment:checking '/home/olympusforge/ros2_frost/install/v4l2_camera/bin'
[3.863s] Level 1:colcon.colcon_core.environment:checking '/home/olympusforge/ros2_frost/install/v4l2_camera/lib/pkgconfig/v4l2_camera.pc'
[3.863s] Level 1:colcon.colcon_core.environment:checking '/home/olympusforge/ros2_frost/install/v4l2_camera/lib/python3.10/site-packages'
[3.864s] Level 1:colcon.colcon_core.environment:checking '/home/olympusforge/ros2_frost/install/v4l2_camera/bin'
[3.864s] INFO:colcon.colcon_core.shell:Creating package script '/home/olympusforge/ros2_frost/install/v4l2_camera/share/v4l2_camera/package.ps1'
[3.865s] INFO:colcon.colcon_core.shell:Creating package descriptor '/home/olympusforge/ros2_frost/install/v4l2_camera/share/v4l2_camera/package.dsv'
[3.867s] INFO:colcon.colcon_core.shell:Creating package script '/home/olympusforge/ros2_frost/install/v4l2_camera/share/v4l2_camera/package.sh'
[3.867s] INFO:colcon.colcon_core.shell:Creating package script '/home/olympusforge/ros2_frost/install/v4l2_camera/share/v4l2_camera/package.bash'
[3.868s] INFO:colcon.colcon_core.shell:Creating package script '/home/olympusforge/ros2_frost/install/v4l2_camera/share/v4l2_camera/package.zsh'
[3.868s] Level 1:colcon.colcon_core.environment:create_file_with_runtime_dependencies(/home/olympusforge/ros2_frost/install/v4l2_camera/share/colcon-core/packages/v4l2_camera)
[3.869s] Level 1:colcon.colcon_core.environment:create_environment_scripts_only(v4l2_camera)
[3.869s] Level 1:colcon.colcon_core.environment:checking '/home/olympusforge/ros2_frost/install/v4l2_camera' for CMake module files
[3.870s] Level 1:colcon.colcon_core.environment:checking '/home/olympusforge/ros2_frost/install/v4l2_camera' for CMake config files
[3.870s] Level 1:colcon.colcon_core.shell:create_environment_hook('v4l2_camera', 'cmake_prefix_path')
[3.871s] INFO:colcon.colcon_core.shell:Creating environment hook '/home/olympusforge/ros2_frost/install/v4l2_camera/share/v4l2_camera/hook/cmake_prefix_path.ps1'
[3.871s] INFO:colcon.colcon_core.shell:Creating environment descriptor '/home/olympusforge/ros2_frost/install/v4l2_camera/share/v4l2_camera/hook/cmake_prefix_path.dsv'
[3.872s] INFO:colcon.colcon_core.shell:Creating environment hook '/home/olympusforge/ros2_frost/install/v4l2_camera/share/v4l2_camera/hook/cmake_prefix_path.sh'
[3.875s] Level 1:colcon.colcon_core.environment:checking '/home/olympusforge/ros2_frost/install/v4l2_camera/lib'
[3.880s] Level 1:colcon.colcon_core.shell:create_environment_hook('v4l2_camera', 'ld_library_path_lib')
[3.880s] INFO:colcon.colcon_core.shell:Creating environment hook '/home/olympusforge/ros2_frost/install/v4l2_camera/share/v4l2_camera/hook/ld_library_path_lib.ps1'
[3.882s] INFO:colcon.colcon_core.shell:Creating environment descriptor '/home/olympusforge/ros2_frost/install/v4l2_camera/share/v4l2_camera/hook/ld_library_path_lib.dsv'
[3.887s] INFO:colcon.colcon_core.shell:Creating environment hook '/home/olympusforge/ros2_frost/install/v4l2_camera/share/v4l2_camera/hook/ld_library_path_lib.sh'
[3.888s] Level 1:colcon.colcon_core.environment:checking '/home/olympusforge/ros2_frost/install/v4l2_camera/bin'
[3.888s] Level 1:colcon.colcon_core.environment:checking '/home/olympusforge/ros2_frost/install/v4l2_camera/lib/pkgconfig/v4l2_camera.pc'
[3.889s] Level 1:colcon.colcon_core.environment:checking '/home/olympusforge/ros2_frost/install/v4l2_camera/lib/python3.10/site-packages'
[3.889s] Level 1:colcon.colcon_core.environment:checking '/home/olympusforge/ros2_frost/install/v4l2_camera/bin'
[3.889s] INFO:colcon.colcon_core.shell:Creating package script '/home/olympusforge/ros2_frost/install/v4l2_camera/share/v4l2_camera/package.ps1'
[3.890s] INFO:colcon.colcon_core.shell:Creating package descriptor '/home/olympusforge/ros2_frost/install/v4l2_camera/share/v4l2_camera/package.dsv'
[3.891s] INFO:colcon.colcon_core.shell:Creating package script '/home/olympusforge/ros2_frost/install/v4l2_camera/share/v4l2_camera/package.sh'
[3.891s] INFO:colcon.colcon_core.shell:Creating package script '/home/olympusforge/ros2_frost/install/v4l2_camera/share/v4l2_camera/package.bash'
[3.892s] INFO:colcon.colcon_core.shell:Creating package script '/home/olympusforge/ros2_frost/install/v4l2_camera/share/v4l2_camera/package.zsh'
[3.892s] Level 1:colcon.colcon_core.environment:create_file_with_runtime_dependencies(/home/olympusforge/ros2_frost/install/v4l2_camera/share/colcon-core/packages/v4l2_camera)
[4.015s] DEBUG:colcon.colcon_core.event_handler.log_command:Invoked command in '/home/olympusforge/ros2_frost/build/nav_2d_msgs' returned '0': CMAKE_PREFIX_PATH=${CMAKE_PREFIX_PATH}:/home/olympusforge/ros2_frost/install/tortoisebot_control:/opt/ros/humble /usr/bin/cmake /home/olympusforge/ros2_frost/src/navigation2/nav2_dwb_controller/nav_2d_msgs -DCMAKE_INSTALL_PREFIX=/home/olympusforge/ros2_frost/install/nav_2d_msgs
[4.015s] DEBUG:colcon.colcon_core.event_handler.log_command:Invoking command in '/home/olympusforge/ros2_frost/build/nav_2d_msgs': CMAKE_PREFIX_PATH=${CMAKE_PREFIX_PATH}:/home/olympusforge/ros2_frost/install/tortoisebot_control:/opt/ros/humble /usr/bin/cmake --build /home/olympusforge/ros2_frost/build/nav_2d_msgs -- -j8 -l8
[4.376s] DEBUG:colcon.colcon_core.event_handler.log_command:Invoked command in '/home/olympusforge/ros2_frost/build/ydlidar_ros2_driver' returned '0': CMAKE_PREFIX_PATH=${CMAKE_PREFIX_PATH}:/home/olympusforge/ros2_frost/install/tortoisebot_control:/opt/ros/humble /usr/bin/cmake /home/olympusforge/ros2_frost/src/tortoisebot/ydlidar_ros2_driver -DCMAKE_INSTALL_PREFIX=/home/olympusforge/ros2_frost/install/ydlidar_ros2_driver
[4.377s] DEBUG:colcon.colcon_core.event_handler.log_command:Invoking command in '/home/olympusforge/ros2_frost/build/ydlidar_ros2_driver': CMAKE_PREFIX_PATH=${CMAKE_PREFIX_PATH}:/home/olympusforge/ros2_frost/install/tortoisebot_control:/opt/ros/humble /usr/bin/cmake --build /home/olympusforge/ros2_frost/build/ydlidar_ros2_driver -- -j8 -l8
[4.663s] DEBUG:colcon.colcon_core.event_handler.log_command:Invoked command in '/home/olympusforge/ros2_frost/build/ydlidar_ros2_driver' returned '0': CMAKE_PREFIX_PATH=${CMAKE_PREFIX_PATH}:/home/olympusforge/ros2_frost/install/tortoisebot_control:/opt/ros/humble /usr/bin/cmake --build /home/olympusforge/ros2_frost/build/ydlidar_ros2_driver -- -j8 -l8
[4.664s] DEBUG:colcon.colcon_core.event_handler.log_command:Invoking command in '/home/olympusforge/ros2_frost/build/ydlidar_ros2_driver': CMAKE_PREFIX_PATH=${CMAKE_PREFIX_PATH}:/home/olympusforge/ros2_frost/install/tortoisebot_control:/opt/ros/humble /usr/bin/cmake --install /home/olympusforge/ros2_frost/build/ydlidar_ros2_driver
[4.708s] Level 1:colcon.colcon_core.environment:create_environment_scripts_only(ydlidar_ros2_driver)
[4.709s] Level 1:colcon.colcon_core.environment:checking '/home/olympusforge/ros2_frost/install/ydlidar_ros2_driver' for CMake module files
[4.710s] DEBUG:colcon.colcon_core.event_handler.log_command:Invoked command in '/home/olympusforge/ros2_frost/build/ydlidar_ros2_driver' returned '0': CMAKE_PREFIX_PATH=${CMAKE_PREFIX_PATH}:/home/olympusforge/ros2_frost/install/tortoisebot_control:/opt/ros/humble /usr/bin/cmake --install /home/olympusforge/ros2_frost/build/ydlidar_ros2_driver
[4.712s] Level 1:colcon.colcon_core.environment:checking '/home/olympusforge/ros2_frost/install/ydlidar_ros2_driver' for CMake config files
[4.712s] Level 1:colcon.colcon_core.shell:create_environment_hook('ydlidar_ros2_driver', 'cmake_prefix_path')
[4.712s] INFO:colcon.colcon_core.shell:Creating environment hook '/home/olympusforge/ros2_frost/install/ydlidar_ros2_driver/share/ydlidar_ros2_driver/hook/cmake_prefix_path.ps1'
[4.714s] INFO:colcon.colcon_core.shell:Creating environment descriptor '/home/olympusforge/ros2_frost/install/ydlidar_ros2_driver/share/ydlidar_ros2_driver/hook/cmake_prefix_path.dsv'
[4.717s] INFO:colcon.colcon_core.shell:Creating environment hook '/home/olympusforge/ros2_frost/install/ydlidar_ros2_driver/share/ydlidar_ros2_driver/hook/cmake_prefix_path.sh'
[4.719s] Level 1:colcon.colcon_core.environment:checking '/home/olympusforge/ros2_frost/install/ydlidar_ros2_driver/lib'
[4.719s] Level 1:colcon.colcon_core.environment:checking '/home/olympusforge/ros2_frost/install/ydlidar_ros2_driver/bin'
[4.719s] Level 1:colcon.colcon_core.environment:checking '/home/olympusforge/ros2_frost/install/ydlidar_ros2_driver/lib/pkgconfig/ydlidar_ros2_driver.pc'
[4.720s] Level 1:colcon.colcon_core.environment:checking '/home/olympusforge/ros2_frost/install/ydlidar_ros2_driver/lib/python3.10/site-packages'
[4.720s] Level 1:colcon.colcon_core.environment:checking '/home/olympusforge/ros2_frost/install/ydlidar_ros2_driver/bin'
[4.720s] INFO:colcon.colcon_core.shell:Creating package script '/home/olympusforge/ros2_frost/install/ydlidar_ros2_driver/share/ydlidar_ros2_driver/package.ps1'
[4.725s] INFO:colcon.colcon_core.shell:Creating package descriptor '/home/olympusforge/ros2_frost/install/ydlidar_ros2_driver/share/ydlidar_ros2_driver/package.dsv'
[4.726s] INFO:colcon.colcon_core.shell:Creating package script '/home/olympusforge/ros2_frost/install/ydlidar_ros2_driver/share/ydlidar_ros2_driver/package.sh'
[4.726s] INFO:colcon.colcon_core.shell:Creating package script '/home/olympusforge/ros2_frost/install/ydlidar_ros2_driver/share/ydlidar_ros2_driver/package.bash'
[4.732s] INFO:colcon.colcon_core.shell:Creating package script '/home/olympusforge/ros2_frost/install/ydlidar_ros2_driver/share/ydlidar_ros2_driver/package.zsh'
[4.742s] Level 1:colcon.colcon_core.environment:create_file_with_runtime_dependencies(/home/olympusforge/ros2_frost/install/ydlidar_ros2_driver/share/colcon-core/packages/ydlidar_ros2_driver)
[4.747s] Level 1:colcon.colcon_core.environment:create_environment_scripts_only(ydlidar_ros2_driver)
[4.747s] Level 1:colcon.colcon_core.environment:checking '/home/olympusforge/ros2_frost/install/ydlidar_ros2_driver' for CMake module files
[4.749s] Level 1:colcon.colcon_core.environment:checking '/home/olympusforge/ros2_frost/install/ydlidar_ros2_driver' for CMake config files
[4.750s] Level 1:colcon.colcon_core.shell:create_environment_hook('ydlidar_ros2_driver', 'cmake_prefix_path')
[4.750s] INFO:colcon.colcon_core.shell:Creating environment hook '/home/olympusforge/ros2_frost/install/ydlidar_ros2_driver/share/ydlidar_ros2_driver/hook/cmake_prefix_path.ps1'
[4.755s] INFO:colcon.colcon_core.shell:Creating environment descriptor '/home/olympusforge/ros2_frost/install/ydlidar_ros2_driver/share/ydlidar_ros2_driver/hook/cmake_prefix_path.dsv'
[4.756s] INFO:colcon.colcon_core.shell:Creating environment hook '/home/olympusforge/ros2_frost/install/ydlidar_ros2_driver/share/ydlidar_ros2_driver/hook/cmake_prefix_path.sh'
[4.760s] Level 1:colcon.colcon_core.environment:checking '/home/olympusforge/ros2_frost/install/ydlidar_ros2_driver/lib'
[4.760s] Level 1:colcon.colcon_core.environment:checking '/home/olympusforge/ros2_frost/install/ydlidar_ros2_driver/bin'
[4.760s] Level 1:colcon.colcon_core.environment:checking '/home/olympusforge/ros2_frost/install/ydlidar_ros2_driver/lib/pkgconfig/ydlidar_ros2_driver.pc'
[4.760s] Level 1:colcon.colcon_core.environment:checking '/home/olympusforge/ros2_frost/install/ydlidar_ros2_driver/lib/python3.10/site-packages'
[4.760s] Level 1:colcon.colcon_core.environment:checking '/home/olympusforge/ros2_frost/install/ydlidar_ros2_driver/bin'
[4.763s] INFO:colcon.colcon_core.shell:Creating package script '/home/olympusforge/ros2_frost/install/ydlidar_ros2_driver/share/ydlidar_ros2_driver/package.ps1'
[4.764s] INFO:colcon.colcon_core.shell:Creating package descriptor '/home/olympusforge/ros2_frost/install/ydlidar_ros2_driver/share/ydlidar_ros2_driver/package.dsv'
[4.765s] INFO:colcon.colcon_core.shell:Creating package script '/home/olympusforge/ros2_frost/install/ydlidar_ros2_driver/share/ydlidar_ros2_driver/package.sh'
[4.766s] INFO:colcon.colcon_core.shell:Creating package script '/home/olympusforge/ros2_frost/install/ydlidar_ros2_driver/share/ydlidar_ros2_driver/package.bash'
[4.767s] INFO:colcon.colcon_core.shell:Creating package script '/home/olympusforge/ros2_frost/install/ydlidar_ros2_driver/share/ydlidar_ros2_driver/package.zsh'
[4.767s] Level 1:colcon.colcon_core.environment:create_file_with_runtime_dependencies(/home/olympusforge/ros2_frost/install/ydlidar_ros2_driver/share/colcon-core/packages/ydlidar_ros2_driver)
[5.125s] DEBUG:colcon.colcon_core.event_handler.log_command:Invoked command in '/home/olympusforge/ros2_frost/build/nav2_voxel_grid' returned '0': AMENT_PREFIX_PATH=/home/olympusforge/ros2_frost/install/nav2_common:${AMENT_PREFIX_PATH} CMAKE_PREFIX_PATH=/home/olympusforge/ros2_frost/install/nav2_common:/home/olympusforge/ros2_frost/install/ydlidar_sdk:/home/olympusforge/ros2_frost/install/ydlidar_ros2_driver:/home/olympusforge/ros2_frost/install/v4l2_camera:/home/olympusforge/ros2_frost/install/tortoisebot_slam:/home/olympusforge/ros2_frost/install/tortoisebot_navigation:/home/olympusforge/ros2_frost/install/tortoisebot_gazebo:/home/olympusforge/ros2_frost/install/tortoisebot_firmware:/home/olympusforge/ros2_frost/install/tortoisebot_description:/home/olympusforge/ros2_frost/install/tortoisebot_bringup:/home/olympusforge/ros2_frost/install/tortoisebot_control:/opt/ros/humble PYTHONPATH=/home/olympusforge/ros2_frost/install/nav2_common/local/lib/python3.10/dist-packages:${PYTHONPATH} /usr/bin/cmake /home/olympusforge/ros2_frost/src/navigation2/nav2_voxel_grid -DCMAKE_INSTALL_PREFIX=/home/olympusforge/ros2_frost/install/nav2_voxel_grid
[5.126s] DEBUG:colcon.colcon_core.event_handler.log_command:Invoking command in '/home/olympusforge/ros2_frost/build/nav2_voxel_grid': AMENT_PREFIX_PATH=/home/olympusforge/ros2_frost/install/nav2_common:${AMENT_PREFIX_PATH} CMAKE_PREFIX_PATH=/home/olympusforge/ros2_frost/install/nav2_common:/home/olympusforge/ros2_frost/install/ydlidar_sdk:/home/olympusforge/ros2_frost/install/ydlidar_ros2_driver:/home/olympusforge/ros2_frost/install/v4l2_camera:/home/olympusforge/ros2_frost/install/tortoisebot_slam:/home/olympusforge/ros2_frost/install/tortoisebot_navigation:/home/olympusforge/ros2_frost/install/tortoisebot_gazebo:/home/olympusforge/ros2_frost/install/tortoisebot_firmware:/home/olympusforge/ros2_frost/install/tortoisebot_description:/home/olympusforge/ros2_frost/install/tortoisebot_bringup:/home/olympusforge/ros2_frost/install/tortoisebot_control:/opt/ros/humble PYTHONPATH=/home/olympusforge/ros2_frost/install/nav2_common/local/lib/python3.10/dist-packages:${PYTHONPATH} /usr/bin/cmake --build /home/olympusforge/ros2_frost/build/nav2_voxel_grid -- -j8 -l8
[6.309s] DEBUG:colcon.colcon_core.event_handler.log_command:Invoked command in '/home/olympusforge/ros2_frost/build/opennav_docking_core' returned '0': AMENT_PREFIX_PATH=/home/olympusforge/ros2_frost/install/nav2_common:${AMENT_PREFIX_PATH} CMAKE_PREFIX_PATH=/home/olympusforge/ros2_frost/install/nav2_common:/home/olympusforge/ros2_frost/install/ydlidar_sdk:/home/olympusforge/ros2_frost/install/ydlidar_ros2_driver:/home/olympusforge/ros2_frost/install/v4l2_camera:/home/olympusforge/ros2_frost/install/tortoisebot_slam:/home/olympusforge/ros2_frost/install/tortoisebot_navigation:/home/olympusforge/ros2_frost/install/tortoisebot_gazebo:/home/olympusforge/ros2_frost/install/tortoisebot_firmware:/home/olympusforge/ros2_frost/install/tortoisebot_description:/home/olympusforge/ros2_frost/install/tortoisebot_bringup:/home/olympusforge/ros2_frost/install/tortoisebot_control:/opt/ros/humble PYTHONPATH=/home/olympusforge/ros2_frost/install/nav2_common/local/lib/python3.10/dist-packages:${PYTHONPATH} /usr/bin/cmake /home/olympusforge/ros2_frost/src/navigation2/nav2_docking/opennav_docking_core -DCMAKE_INSTALL_PREFIX=/home/olympusforge/ros2_frost/install/opennav_docking_core
[6.346s] DEBUG:colcon.colcon_core.event_handler.log_command:Invoking command in '/home/olympusforge/ros2_frost/build/opennav_docking_core': AMENT_PREFIX_PATH=/home/olympusforge/ros2_frost/install/nav2_common:${AMENT_PREFIX_PATH} CMAKE_PREFIX_PATH=/home/olympusforge/ros2_frost/install/nav2_common:/home/olympusforge/ros2_frost/install/ydlidar_sdk:/home/olympusforge/ros2_frost/install/ydlidar_ros2_driver:/home/olympusforge/ros2_frost/install/v4l2_camera:/home/olympusforge/ros2_frost/install/tortoisebot_slam:/home/olympusforge/ros2_frost/install/tortoisebot_navigation:/home/olympusforge/ros2_frost/install/tortoisebot_gazebo:/home/olympusforge/ros2_frost/install/tortoisebot_firmware:/home/olympusforge/ros2_frost/install/tortoisebot_description:/home/olympusforge/ros2_frost/install/tortoisebot_bringup:/home/olympusforge/ros2_frost/install/tortoisebot_control:/opt/ros/humble PYTHONPATH=/home/olympusforge/ros2_frost/install/nav2_common/local/lib/python3.10/dist-packages:${PYTHONPATH} /usr/bin/cmake --build /home/olympusforge/ros2_frost/build/opennav_docking_core -- -j8 -l8
[6.589s] DEBUG:colcon.colcon_core.event_handler.log_command:Invoked command in '/home/olympusforge/ros2_frost/build/opennav_docking_core' returned '0': AMENT_PREFIX_PATH=/home/olympusforge/ros2_frost/install/nav2_common:${AMENT_PREFIX_PATH} CMAKE_PREFIX_PATH=/home/olympusforge/ros2_frost/install/nav2_common:/home/olympusforge/ros2_frost/install/ydlidar_sdk:/home/olympusforge/ros2_frost/install/ydlidar_ros2_driver:/home/olympusforge/ros2_frost/install/v4l2_camera:/home/olympusforge/ros2_frost/install/tortoisebot_slam:/home/olympusforge/ros2_frost/install/tortoisebot_navigation:/home/olympusforge/ros2_frost/install/tortoisebot_gazebo:/home/olympusforge/ros2_frost/install/tortoisebot_firmware:/home/olympusforge/ros2_frost/install/tortoisebot_description:/home/olympusforge/ros2_frost/install/tortoisebot_bringup:/home/olympusforge/ros2_frost/install/tortoisebot_control:/opt/ros/humble PYTHONPATH=/home/olympusforge/ros2_frost/install/nav2_common/local/lib/python3.10/dist-packages:${PYTHONPATH} /usr/bin/cmake --build /home/olympusforge/ros2_frost/build/opennav_docking_core -- -j8 -l8
[6.590s] DEBUG:colcon.colcon_core.event_handler.log_command:Invoking command in '/home/olympusforge/ros2_frost/build/opennav_docking_core': AMENT_PREFIX_PATH=/home/olympusforge/ros2_frost/install/nav2_common:${AMENT_PREFIX_PATH} CMAKE_PREFIX_PATH=/home/olympusforge/ros2_frost/install/nav2_common:/home/olympusforge/ros2_frost/install/ydlidar_sdk:/home/olympusforge/ros2_frost/install/ydlidar_ros2_driver:/home/olympusforge/ros2_frost/install/v4l2_camera:/home/olympusforge/ros2_frost/install/tortoisebot_slam:/home/olympusforge/ros2_frost/install/tortoisebot_navigation:/home/olympusforge/ros2_frost/install/tortoisebot_gazebo:/home/olympusforge/ros2_frost/install/tortoisebot_firmware:/home/olympusforge/ros2_frost/install/tortoisebot_description:/home/olympusforge/ros2_frost/install/tortoisebot_bringup:/home/olympusforge/ros2_frost/install/tortoisebot_control:/opt/ros/humble PYTHONPATH=/home/olympusforge/ros2_frost/install/nav2_common/local/lib/python3.10/dist-packages:${PYTHONPATH} /usr/bin/cmake --install /home/olympusforge/ros2_frost/build/opennav_docking_core
[6.619s] Level 1:colcon.colcon_core.environment:create_environment_scripts_only(opennav_docking_core)
[6.620s] Level 1:colcon.colcon_core.environment:checking '/home/olympusforge/ros2_frost/install/opennav_docking_core' for CMake module files
[6.632s] Level 1:colcon.colcon_core.environment:checking '/home/olympusforge/ros2_frost/install/opennav_docking_core' for CMake config files
[6.646s] Level 1:colcon.colcon_core.shell:create_environment_hook('opennav_docking_core', 'cmake_prefix_path')
[6.654s] DEBUG:colcon.colcon_core.event_handler.log_command:Invoked command in '/home/olympusforge/ros2_frost/build/opennav_docking_core' returned '0': AMENT_PREFIX_PATH=/home/olympusforge/ros2_frost/install/nav2_common:${AMENT_PREFIX_PATH} CMAKE_PREFIX_PATH=/home/olympusforge/ros2_frost/install/nav2_common:/home/olympusforge/ros2_frost/install/ydlidar_sdk:/home/olympusforge/ros2_frost/install/ydlidar_ros2_driver:/home/olympusforge/ros2_frost/install/v4l2_camera:/home/olympusforge/ros2_frost/install/tortoisebot_slam:/home/olympusforge/ros2_frost/install/tortoisebot_navigation:/home/olympusforge/ros2_frost/install/tortoisebot_gazebo:/home/olympusforge/ros2_frost/install/tortoisebot_firmware:/home/olympusforge/ros2_frost/install/tortoisebot_description:/home/olympusforge/ros2_frost/install/tortoisebot_bringup:/home/olympusforge/ros2_frost/install/tortoisebot_control:/opt/ros/humble PYTHONPATH=/home/olympusforge/ros2_frost/install/nav2_common/local/lib/python3.10/dist-packages:${PYTHONPATH} /usr/bin/cmake --install /home/olympusforge/ros2_frost/build/opennav_docking_core
[6.673s] INFO:colcon.colcon_core.shell:Creating environment hook '/home/olympusforge/ros2_frost/install/opennav_docking_core/share/opennav_docking_core/hook/cmake_prefix_path.ps1'
[6.675s] INFO:colcon.colcon_core.shell:Creating environment descriptor '/home/olympusforge/ros2_frost/install/opennav_docking_core/share/opennav_docking_core/hook/cmake_prefix_path.dsv'
[6.675s] INFO:colcon.colcon_core.shell:Creating environment hook '/home/olympusforge/ros2_frost/install/opennav_docking_core/share/opennav_docking_core/hook/cmake_prefix_path.sh'
[6.676s] Level 1:colcon.colcon_core.environment:checking '/home/olympusforge/ros2_frost/install/opennav_docking_core/bin'
[6.676s] Level 1:colcon.colcon_core.environment:checking '/home/olympusforge/ros2_frost/install/opennav_docking_core/lib/pkgconfig/opennav_docking_core.pc'
[6.676s] Level 1:colcon.colcon_core.environment:checking '/home/olympusforge/ros2_frost/install/opennav_docking_core/lib/python3.10/site-packages'
[6.676s] Level 1:colcon.colcon_core.environment:checking '/home/olympusforge/ros2_frost/install/opennav_docking_core/bin'
[6.677s] INFO:colcon.colcon_core.shell:Creating package script '/home/olympusforge/ros2_frost/install/opennav_docking_core/share/opennav_docking_core/package.ps1'
[6.677s] INFO:colcon.colcon_core.shell:Creating package descriptor '/home/olympusforge/ros2_frost/install/opennav_docking_core/share/opennav_docking_core/package.dsv'
[6.748s] INFO:colcon.colcon_core.shell:Creating package script '/home/olympusforge/ros2_frost/install/opennav_docking_core/share/opennav_docking_core/package.sh'
[6.748s] INFO:colcon.colcon_core.shell:Creating package script '/home/olympusforge/ros2_frost/install/opennav_docking_core/share/opennav_docking_core/package.bash'
[6.749s] INFO:colcon.colcon_core.shell:Creating package script '/home/olympusforge/ros2_frost/install/opennav_docking_core/share/opennav_docking_core/package.zsh'
[6.757s] Level 1:colcon.colcon_core.environment:create_file_with_runtime_dependencies(/home/olympusforge/ros2_frost/install/opennav_docking_core/share/colcon-core/packages/opennav_docking_core)
[6.760s] Level 1:colcon.colcon_core.environment:create_environment_scripts_only(opennav_docking_core)
[6.766s] Level 1:colcon.colcon_core.environment:checking '/home/olympusforge/ros2_frost/install/opennav_docking_core' for CMake module files
[6.766s] Level 1:colcon.colcon_core.environment:checking '/home/olympusforge/ros2_frost/install/opennav_docking_core' for CMake config files
[6.780s] Level 1:colcon.colcon_core.shell:create_environment_hook('opennav_docking_core', 'cmake_prefix_path')
[6.780s] INFO:colcon.colcon_core.shell:Creating environment hook '/home/olympusforge/ros2_frost/install/opennav_docking_core/share/opennav_docking_core/hook/cmake_prefix_path.ps1'
[6.781s] INFO:colcon.colcon_core.shell:Creating environment descriptor '/home/olympusforge/ros2_frost/install/opennav_docking_core/share/opennav_docking_core/hook/cmake_prefix_path.dsv'
[6.782s] INFO:colcon.colcon_core.shell:Creating environment hook '/home/olympusforge/ros2_frost/install/opennav_docking_core/share/opennav_docking_core/hook/cmake_prefix_path.sh'
[6.783s] Level 1:colcon.colcon_core.environment:checking '/home/olympusforge/ros2_frost/install/opennav_docking_core/bin'
[6.783s] Level 1:colcon.colcon_core.environment:checking '/home/olympusforge/ros2_frost/install/opennav_docking_core/lib/pkgconfig/opennav_docking_core.pc'
[6.783s] Level 1:colcon.colcon_core.environment:checking '/home/olympusforge/ros2_frost/install/opennav_docking_core/lib/python3.10/site-packages'
[6.783s] Level 1:colcon.colcon_core.environment:checking '/home/olympusforge/ros2_frost/install/opennav_docking_core/bin'
[6.783s] INFO:colcon.colcon_core.shell:Creating package script '/home/olympusforge/ros2_frost/install/opennav_docking_core/share/opennav_docking_core/package.ps1'
[6.784s] INFO:colcon.colcon_core.shell:Creating package descriptor '/home/olympusforge/ros2_frost/install/opennav_docking_core/share/opennav_docking_core/package.dsv'
[6.785s] INFO:colcon.colcon_core.shell:Creating package script '/home/olympusforge/ros2_frost/install/opennav_docking_core/share/opennav_docking_core/package.sh'
[6.786s] INFO:colcon.colcon_core.shell:Creating package script '/home/olympusforge/ros2_frost/install/opennav_docking_core/share/opennav_docking_core/package.bash'
[6.787s] INFO:colcon.colcon_core.shell:Creating package script '/home/olympusforge/ros2_frost/install/opennav_docking_core/share/opennav_docking_core/package.zsh'
[6.787s] Level 1:colcon.colcon_core.environment:create_file_with_runtime_dependencies(/home/olympusforge/ros2_frost/install/opennav_docking_core/share/colcon-core/packages/opennav_docking_core)
[8.009s] DEBUG:colcon.colcon_core.event_handler.log_command:Invoked command in '/home/olympusforge/ros2_frost/build/nav2_msgs' returned '0': AMENT_PREFIX_PATH=/home/olympusforge/ros2_frost/install/nav2_common:${AMENT_PREFIX_PATH} CMAKE_PREFIX_PATH=/home/olympusforge/ros2_frost/install/nav2_common:/home/olympusforge/ros2_frost/install/ydlidar_sdk:/home/olympusforge/ros2_frost/install/ydlidar_ros2_driver:/home/olympusforge/ros2_frost/install/v4l2_camera:/home/olympusforge/ros2_frost/install/tortoisebot_slam:/home/olympusforge/ros2_frost/install/tortoisebot_navigation:/home/olympusforge/ros2_frost/install/tortoisebot_gazebo:/home/olympusforge/ros2_frost/install/tortoisebot_firmware:/home/olympusforge/ros2_frost/install/tortoisebot_description:/home/olympusforge/ros2_frost/install/tortoisebot_bringup:/home/olympusforge/ros2_frost/install/tortoisebot_control:/opt/ros/humble PYTHONPATH=/home/olympusforge/ros2_frost/install/nav2_common/local/lib/python3.10/dist-packages:${PYTHONPATH} /usr/bin/cmake /home/olympusforge/ros2_frost/src/navigation2/nav2_msgs -DCMAKE_INSTALL_PREFIX=/home/olympusforge/ros2_frost/install/nav2_msgs
[8.010s] DEBUG:colcon.colcon_core.event_handler.log_command:Invoking command in '/home/olympusforge/ros2_frost/build/nav2_msgs': AMENT_PREFIX_PATH=/home/olympusforge/ros2_frost/install/nav2_common:${AMENT_PREFIX_PATH} CMAKE_PREFIX_PATH=/home/olympusforge/ros2_frost/install/nav2_common:/home/olympusforge/ros2_frost/install/ydlidar_sdk:/home/olympusforge/ros2_frost/install/ydlidar_ros2_driver:/home/olympusforge/ros2_frost/install/v4l2_camera:/home/olympusforge/ros2_frost/install/tortoisebot_slam:/home/olympusforge/ros2_frost/install/tortoisebot_navigation:/home/olympusforge/ros2_frost/install/tortoisebot_gazebo:/home/olympusforge/ros2_frost/install/tortoisebot_firmware:/home/olympusforge/ros2_frost/install/tortoisebot_description:/home/olympusforge/ros2_frost/install/tortoisebot_bringup:/home/olympusforge/ros2_frost/install/tortoisebot_control:/opt/ros/humble PYTHONPATH=/home/olympusforge/ros2_frost/install/nav2_common/local/lib/python3.10/dist-packages:${PYTHONPATH} /usr/bin/cmake --build /home/olympusforge/ros2_frost/build/nav2_msgs -- -j8 -l8
[12.130s] DEBUG:colcon.colcon_core.event_handler.log_command:Invoked command in '/home/olympusforge/ros2_frost/build/nav_2d_msgs' returned '0': CMAKE_PREFIX_PATH=${CMAKE_PREFIX_PATH}:/home/olympusforge/ros2_frost/install/tortoisebot_control:/opt/ros/humble /usr/bin/cmake --build /home/olympusforge/ros2_frost/build/nav_2d_msgs -- -j8 -l8
[12.131s] DEBUG:colcon.colcon_core.event_handler.log_command:Invoking command in '/home/olympusforge/ros2_frost/build/nav_2d_msgs': CMAKE_PREFIX_PATH=${CMAKE_PREFIX_PATH}:/home/olympusforge/ros2_frost/install/tortoisebot_control:/opt/ros/humble /usr/bin/cmake --install /home/olympusforge/ros2_frost/build/nav_2d_msgs
[12.224s] Level 1:colcon.colcon_core.environment:create_environment_scripts_only(nav_2d_msgs)
[12.224s] Level 1:colcon.colcon_core.environment:checking '/home/olympusforge/ros2_frost/install/nav_2d_msgs' for CMake module files
[12.225s] Level 1:colcon.colcon_core.environment:checking '/home/olympusforge/ros2_frost/install/nav_2d_msgs' for CMake config files
[12.225s] Level 1:colcon.colcon_core.shell:create_environment_hook('nav_2d_msgs', 'cmake_prefix_path')
[12.226s] INFO:colcon.colcon_core.shell:Creating environment hook '/home/olympusforge/ros2_frost/install/nav_2d_msgs/share/nav_2d_msgs/hook/cmake_prefix_path.ps1'
[12.226s] INFO:colcon.colcon_core.shell:Creating environment descriptor '/home/olympusforge/ros2_frost/install/nav_2d_msgs/share/nav_2d_msgs/hook/cmake_prefix_path.dsv'
[12.227s] INFO:colcon.colcon_core.shell:Creating environment hook '/home/olympusforge/ros2_frost/install/nav_2d_msgs/share/nav_2d_msgs/hook/cmake_prefix_path.sh'
[12.227s] DEBUG:colcon.colcon_core.event_handler.log_command:Invoked command in '/home/olympusforge/ros2_frost/build/nav_2d_msgs' returned '0': CMAKE_PREFIX_PATH=${CMAKE_PREFIX_PATH}:/home/olympusforge/ros2_frost/install/tortoisebot_control:/opt/ros/humble /usr/bin/cmake --install /home/olympusforge/ros2_frost/build/nav_2d_msgs
[12.228s] Level 1:colcon.colcon_core.environment:checking '/home/olympusforge/ros2_frost/install/nav_2d_msgs/lib'
[12.228s] Level 1:colcon.colcon_core.shell:create_environment_hook('nav_2d_msgs', 'ld_library_path_lib')
[12.228s] INFO:colcon.colcon_core.shell:Creating environment hook '/home/olympusforge/ros2_frost/install/nav_2d_msgs/share/nav_2d_msgs/hook/ld_library_path_lib.ps1'
[12.228s] INFO:colcon.colcon_core.shell:Creating environment descriptor '/home/olympusforge/ros2_frost/install/nav_2d_msgs/share/nav_2d_msgs/hook/ld_library_path_lib.dsv'
[12.229s] INFO:colcon.colcon_core.shell:Creating environment hook '/home/olympusforge/ros2_frost/install/nav_2d_msgs/share/nav_2d_msgs/hook/ld_library_path_lib.sh'
[12.229s] Level 1:colcon.colcon_core.environment:checking '/home/olympusforge/ros2_frost/install/nav_2d_msgs/bin'
[12.229s] Level 1:colcon.colcon_core.environment:checking '/home/olympusforge/ros2_frost/install/nav_2d_msgs/lib/pkgconfig/nav_2d_msgs.pc'
[12.230s] Level 1:colcon.colcon_core.environment:checking '/home/olympusforge/ros2_frost/install/nav_2d_msgs/lib/python3.10/site-packages'
[12.230s] Level 1:colcon.colcon_core.environment:checking '/home/olympusforge/ros2_frost/install/nav_2d_msgs/bin'
[12.230s] INFO:colcon.colcon_core.shell:Creating package script '/home/olympusforge/ros2_frost/install/nav_2d_msgs/share/nav_2d_msgs/package.ps1'
[12.231s] INFO:colcon.colcon_core.shell:Creating package descriptor '/home/olympusforge/ros2_frost/install/nav_2d_msgs/share/nav_2d_msgs/package.dsv'
[12.231s] INFO:colcon.colcon_core.shell:Creating package script '/home/olympusforge/ros2_frost/install/nav_2d_msgs/share/nav_2d_msgs/package.sh'
[12.232s] INFO:colcon.colcon_core.shell:Creating package script '/home/olympusforge/ros2_frost/install/nav_2d_msgs/share/nav_2d_msgs/package.bash'
[12.232s] INFO:colcon.colcon_core.shell:Creating package script '/home/olympusforge/ros2_frost/install/nav_2d_msgs/share/nav_2d_msgs/package.zsh'
[12.233s] Level 1:colcon.colcon_core.environment:create_file_with_runtime_dependencies(/home/olympusforge/ros2_frost/install/nav_2d_msgs/share/colcon-core/packages/nav_2d_msgs)
[12.234s] Level 1:colcon.colcon_core.environment:create_environment_scripts_only(nav_2d_msgs)
[12.234s] Level 1:colcon.colcon_core.environment:checking '/home/olympusforge/ros2_frost/install/nav_2d_msgs' for CMake module files
[12.235s] Level 1:colcon.colcon_core.environment:checking '/home/olympusforge/ros2_frost/install/nav_2d_msgs' for CMake config files
[12.235s] Level 1:colcon.colcon_core.shell:create_environment_hook('nav_2d_msgs', 'cmake_prefix_path')
[12.236s] INFO:colcon.colcon_core.shell:Creating environment hook '/home/olympusforge/ros2_frost/install/nav_2d_msgs/share/nav_2d_msgs/hook/cmake_prefix_path.ps1'
[12.236s] INFO:colcon.colcon_core.shell:Creating environment descriptor '/home/olympusforge/ros2_frost/install/nav_2d_msgs/share/nav_2d_msgs/hook/cmake_prefix_path.dsv'
[12.237s] INFO:colcon.colcon_core.shell:Creating environment hook '/home/olympusforge/ros2_frost/install/nav_2d_msgs/share/nav_2d_msgs/hook/cmake_prefix_path.sh'
[12.238s] Level 1:colcon.colcon_core.environment:checking '/home/olympusforge/ros2_frost/install/nav_2d_msgs/lib'
[12.238s] Level 1:colcon.colcon_core.shell:create_environment_hook('nav_2d_msgs', 'ld_library_path_lib')
[12.238s] INFO:colcon.colcon_core.shell:Creating environment hook '/home/olympusforge/ros2_frost/install/nav_2d_msgs/share/nav_2d_msgs/hook/ld_library_path_lib.ps1'
[12.238s] INFO:colcon.colcon_core.shell:Creating environment descriptor '/home/olympusforge/ros2_frost/install/nav_2d_msgs/share/nav_2d_msgs/hook/ld_library_path_lib.dsv'
[12.239s] INFO:colcon.colcon_core.shell:Creating environment hook '/home/olympusforge/ros2_frost/install/nav_2d_msgs/share/nav_2d_msgs/hook/ld_library_path_lib.sh'
[12.239s] Level 1:colcon.colcon_core.environment:checking '/home/olympusforge/ros2_frost/install/nav_2d_msgs/bin'
[12.240s] Level 1:colcon.colcon_core.environment:checking '/home/olympusforge/ros2_frost/install/nav_2d_msgs/lib/pkgconfig/nav_2d_msgs.pc'
[12.240s] Level 1:colcon.colcon_core.environment:checking '/home/olympusforge/ros2_frost/install/nav_2d_msgs/lib/python3.10/site-packages'
[12.240s] Level 1:colcon.colcon_core.environment:checking '/home/olympusforge/ros2_frost/install/nav_2d_msgs/bin'
[12.242s] INFO:colcon.colcon_core.shell:Creating package script '/home/olympusforge/ros2_frost/install/nav_2d_msgs/share/nav_2d_msgs/package.ps1'
[12.245s] INFO:colcon.colcon_core.shell:Creating package descriptor '/home/olympusforge/ros2_frost/install/nav_2d_msgs/share/nav_2d_msgs/package.dsv'
[12.245s] INFO:colcon.colcon_core.shell:Creating package script '/home/olympusforge/ros2_frost/install/nav_2d_msgs/share/nav_2d_msgs/package.sh'
[12.246s] INFO:colcon.colcon_core.shell:Creating package script '/home/olympusforge/ros2_frost/install/nav_2d_msgs/share/nav_2d_msgs/package.bash'
[12.246s] INFO:colcon.colcon_core.shell:Creating package script '/home/olympusforge/ros2_frost/install/nav_2d_msgs/share/nav_2d_msgs/package.zsh'
[12.247s] Level 1:colcon.colcon_core.environment:create_file_with_runtime_dependencies(/home/olympusforge/ros2_frost/install/nav_2d_msgs/share/colcon-core/packages/nav_2d_msgs)
[12.248s] INFO:colcon.colcon_ros.task.ament_cmake.build:Building ROS package in '/home/olympusforge/ros2_frost/src/navigation2/nav2_dwb_controller/dwb_msgs' with build type 'ament_cmake'
[12.248s] INFO:colcon.colcon_cmake.task.cmake.build:Building CMake package in '/home/olympusforge/ros2_frost/src/navigation2/nav2_dwb_controller/dwb_msgs'
[12.249s] INFO:colcon.colcon_core.shell:Skip shell extension 'powershell' for command environment: Not usable outside of PowerShell
[12.249s] DEBUG:colcon.colcon_core.shell:Skip shell extension 'dsv' for command environment
[12.263s] DEBUG:colcon.colcon_core.event_handler.log_command:Invoking command in '/home/olympusforge/ros2_frost/build/dwb_msgs': AMENT_PREFIX_PATH=/home/olympusforge/ros2_frost/install/nav_2d_msgs:${AMENT_PREFIX_PATH} CMAKE_PREFIX_PATH=/home/olympusforge/ros2_frost/install/nav_2d_msgs:/home/olympusforge/ros2_frost/install/ydlidar_sdk:/home/olympusforge/ros2_frost/install/ydlidar_ros2_driver:/home/olympusforge/ros2_frost/install/v4l2_camera:/home/olympusforge/ros2_frost/install/tortoisebot_slam:/home/olympusforge/ros2_frost/install/tortoisebot_navigation:/home/olympusforge/ros2_frost/install/tortoisebot_gazebo:/home/olympusforge/ros2_frost/install/tortoisebot_firmware:/home/olympusforge/ros2_frost/install/tortoisebot_description:/home/olympusforge/ros2_frost/install/tortoisebot_bringup:/home/olympusforge/ros2_frost/install/tortoisebot_control:/opt/ros/humble LD_LIBRARY_PATH=/home/olympusforge/ros2_frost/install/nav_2d_msgs/lib:${LD_LIBRARY_PATH} PYTHONPATH=/home/olympusforge/ros2_frost/install/nav_2d_msgs/local/lib/python3.10/dist-packages:${PYTHONPATH} /usr/bin/cmake /home/olympusforge/ros2_frost/src/navigation2/nav2_dwb_controller/dwb_msgs -DCMAKE_INSTALL_PREFIX=/home/olympusforge/ros2_frost/install/dwb_msgs
[13.983s] DEBUG:colcon.colcon_core.event_handler.log_command:Invoked command in '/home/olympusforge/ros2_frost/build/dwb_msgs' returned '0': AMENT_PREFIX_PATH=/home/olympusforge/ros2_frost/install/nav_2d_msgs:${AMENT_PREFIX_PATH} CMAKE_PREFIX_PATH=/home/olympusforge/ros2_frost/install/nav_2d_msgs:/home/olympusforge/ros2_frost/install/ydlidar_sdk:/home/olympusforge/ros2_frost/install/ydlidar_ros2_driver:/home/olympusforge/ros2_frost/install/v4l2_camera:/home/olympusforge/ros2_frost/install/tortoisebot_slam:/home/olympusforge/ros2_frost/install/tortoisebot_navigation:/home/olympusforge/ros2_frost/install/tortoisebot_gazebo:/home/olympusforge/ros2_frost/install/tortoisebot_firmware:/home/olympusforge/ros2_frost/install/tortoisebot_description:/home/olympusforge/ros2_frost/install/tortoisebot_bringup:/home/olympusforge/ros2_frost/install/tortoisebot_control:/opt/ros/humble LD_LIBRARY_PATH=/home/olympusforge/ros2_frost/install/nav_2d_msgs/lib:${LD_LIBRARY_PATH} PYTHONPATH=/home/olympusforge/ros2_frost/install/nav_2d_msgs/local/lib/python3.10/dist-packages:${PYTHONPATH} /usr/bin/cmake /home/olympusforge/ros2_frost/src/navigation2/nav2_dwb_controller/dwb_msgs -DCMAKE_INSTALL_PREFIX=/home/olympusforge/ros2_frost/install/dwb_msgs
[13.984s] DEBUG:colcon.colcon_core.event_handler.log_command:Invoking command in '/home/olympusforge/ros2_frost/build/dwb_msgs': AMENT_PREFIX_PATH=/home/olympusforge/ros2_frost/install/nav_2d_msgs:${AMENT_PREFIX_PATH} CMAKE_PREFIX_PATH=/home/olympusforge/ros2_frost/install/nav_2d_msgs:/home/olympusforge/ros2_frost/install/ydlidar_sdk:/home/olympusforge/ros2_frost/install/ydlidar_ros2_driver:/home/olympusforge/ros2_frost/install/v4l2_camera:/home/olympusforge/ros2_frost/install/tortoisebot_slam:/home/olympusforge/ros2_frost/install/tortoisebot_navigation:/home/olympusforge/ros2_frost/install/tortoisebot_gazebo:/home/olympusforge/ros2_frost/install/tortoisebot_firmware:/home/olympusforge/ros2_frost/install/tortoisebot_description:/home/olympusforge/ros2_frost/install/tortoisebot_bringup:/home/olympusforge/ros2_frost/install/tortoisebot_control:/opt/ros/humble LD_LIBRARY_PATH=/home/olympusforge/ros2_frost/install/nav_2d_msgs/lib:${LD_LIBRARY_PATH} PYTHONPATH=/home/olympusforge/ros2_frost/install/nav_2d_msgs/local/lib/python3.10/dist-packages:${PYTHONPATH} /usr/bin/cmake --build /home/olympusforge/ros2_frost/build/dwb_msgs -- -j8 -l8
[20.701s] DEBUG:colcon.colcon_core.event_handler.log_command:Invoked command in '/home/olympusforge/ros2_frost/build/nav2_voxel_grid' returned '0': AMENT_PREFIX_PATH=/home/olympusforge/ros2_frost/install/nav2_common:${AMENT_PREFIX_PATH} CMAKE_PREFIX_PATH=/home/olympusforge/ros2_frost/install/nav2_common:/home/olympusforge/ros2_frost/install/ydlidar_sdk:/home/olympusforge/ros2_frost/install/ydlidar_ros2_driver:/home/olympusforge/ros2_frost/install/v4l2_camera:/home/olympusforge/ros2_frost/install/tortoisebot_slam:/home/olympusforge/ros2_frost/install/tortoisebot_navigation:/home/olympusforge/ros2_frost/install/tortoisebot_gazebo:/home/olympusforge/ros2_frost/install/tortoisebot_firmware:/home/olympusforge/ros2_frost/install/tortoisebot_description:/home/olympusforge/ros2_frost/install/tortoisebot_bringup:/home/olympusforge/ros2_frost/install/tortoisebot_control:/opt/ros/humble PYTHONPATH=/home/olympusforge/ros2_frost/install/nav2_common/local/lib/python3.10/dist-packages:${PYTHONPATH} /usr/bin/cmake --build /home/olympusforge/ros2_frost/build/nav2_voxel_grid -- -j8 -l8
[20.703s] DEBUG:colcon.colcon_core.event_handler.log_command:Invoking command in '/home/olympusforge/ros2_frost/build/nav2_voxel_grid': AMENT_PREFIX_PATH=/home/olympusforge/ros2_frost/install/nav2_common:${AMENT_PREFIX_PATH} CMAKE_PREFIX_PATH=/home/olympusforge/ros2_frost/install/nav2_common:/home/olympusforge/ros2_frost/install/ydlidar_sdk:/home/olympusforge/ros2_frost/install/ydlidar_ros2_driver:/home/olympusforge/ros2_frost/install/v4l2_camera:/home/olympusforge/ros2_frost/install/tortoisebot_slam:/home/olympusforge/ros2_frost/install/tortoisebot_navigation:/home/olympusforge/ros2_frost/install/tortoisebot_gazebo:/home/olympusforge/ros2_frost/install/tortoisebot_firmware:/home/olympusforge/ros2_frost/install/tortoisebot_description:/home/olympusforge/ros2_frost/install/tortoisebot_bringup:/home/olympusforge/ros2_frost/install/tortoisebot_control:/opt/ros/humble PYTHONPATH=/home/olympusforge/ros2_frost/install/nav2_common/local/lib/python3.10/dist-packages:${PYTHONPATH} /usr/bin/cmake --install /home/olympusforge/ros2_frost/build/nav2_voxel_grid
[20.728s] Level 1:colcon.colcon_core.environment:create_environment_scripts_only(nav2_voxel_grid)
[20.728s] DEBUG:colcon.colcon_core.event_handler.log_command:Invoked command in '/home/olympusforge/ros2_frost/build/nav2_voxel_grid' returned '0': AMENT_PREFIX_PATH=/home/olympusforge/ros2_frost/install/nav2_common:${AMENT_PREFIX_PATH} CMAKE_PREFIX_PATH=/home/olympusforge/ros2_frost/install/nav2_common:/home/olympusforge/ros2_frost/install/ydlidar_sdk:/home/olympusforge/ros2_frost/install/ydlidar_ros2_driver:/home/olympusforge/ros2_frost/install/v4l2_camera:/home/olympusforge/ros2_frost/install/tortoisebot_slam:/home/olympusforge/ros2_frost/install/tortoisebot_navigation:/home/olympusforge/ros2_frost/install/tortoisebot_gazebo:/home/olympusforge/ros2_frost/install/tortoisebot_firmware:/home/olympusforge/ros2_frost/install/tortoisebot_description:/home/olympusforge/ros2_frost/install/tortoisebot_bringup:/home/olympusforge/ros2_frost/install/tortoisebot_control:/opt/ros/humble PYTHONPATH=/home/olympusforge/ros2_frost/install/nav2_common/local/lib/python3.10/dist-packages:${PYTHONPATH} /usr/bin/cmake --install /home/olympusforge/ros2_frost/build/nav2_voxel_grid
[20.729s] Level 1:colcon.colcon_core.environment:checking '/home/olympusforge/ros2_frost/install/nav2_voxel_grid' for CMake module files
[20.729s] Level 1:colcon.colcon_core.environment:checking '/home/olympusforge/ros2_frost/install/nav2_voxel_grid' for CMake config files
[20.729s] Level 1:colcon.colcon_core.shell:create_environment_hook('nav2_voxel_grid', 'cmake_prefix_path')
[20.730s] INFO:colcon.colcon_core.shell:Creating environment hook '/home/olympusforge/ros2_frost/install/nav2_voxel_grid/share/nav2_voxel_grid/hook/cmake_prefix_path.ps1'
[20.730s] INFO:colcon.colcon_core.shell:Creating environment descriptor '/home/olympusforge/ros2_frost/install/nav2_voxel_grid/share/nav2_voxel_grid/hook/cmake_prefix_path.dsv'
[20.731s] INFO:colcon.colcon_core.shell:Creating environment hook '/home/olympusforge/ros2_frost/install/nav2_voxel_grid/share/nav2_voxel_grid/hook/cmake_prefix_path.sh'
[20.731s] Level 1:colcon.colcon_core.environment:checking '/home/olympusforge/ros2_frost/install/nav2_voxel_grid/lib'
[20.731s] Level 1:colcon.colcon_core.shell:create_environment_hook('nav2_voxel_grid', 'ld_library_path_lib')
[20.731s] INFO:colcon.colcon_core.shell:Creating environment hook '/home/olympusforge/ros2_frost/install/nav2_voxel_grid/share/nav2_voxel_grid/hook/ld_library_path_lib.ps1'
[20.732s] INFO:colcon.colcon_core.shell:Creating environment descriptor '/home/olympusforge/ros2_frost/install/nav2_voxel_grid/share/nav2_voxel_grid/hook/ld_library_path_lib.dsv'
[20.732s] INFO:colcon.colcon_core.shell:Creating environment hook '/home/olympusforge/ros2_frost/install/nav2_voxel_grid/share/nav2_voxel_grid/hook/ld_library_path_lib.sh'
[20.732s] Level 1:colcon.colcon_core.environment:checking '/home/olympusforge/ros2_frost/install/nav2_voxel_grid/bin'
[20.732s] Level 1:colcon.colcon_core.environment:checking '/home/olympusforge/ros2_frost/install/nav2_voxel_grid/lib/pkgconfig/nav2_voxel_grid.pc'
[20.732s] Level 1:colcon.colcon_core.environment:checking '/home/olympusforge/ros2_frost/install/nav2_voxel_grid/lib/python3.10/site-packages'
[20.733s] Level 1:colcon.colcon_core.environment:checking '/home/olympusforge/ros2_frost/install/nav2_voxel_grid/bin'
[20.733s] INFO:colcon.colcon_core.shell:Creating package script '/home/olympusforge/ros2_frost/install/nav2_voxel_grid/share/nav2_voxel_grid/package.ps1'
[20.733s] INFO:colcon.colcon_core.shell:Creating package descriptor '/home/olympusforge/ros2_frost/install/nav2_voxel_grid/share/nav2_voxel_grid/package.dsv'
[20.734s] INFO:colcon.colcon_core.shell:Creating package script '/home/olympusforge/ros2_frost/install/nav2_voxel_grid/share/nav2_voxel_grid/package.sh'
[20.734s] INFO:colcon.colcon_core.shell:Creating package script '/home/olympusforge/ros2_frost/install/nav2_voxel_grid/share/nav2_voxel_grid/package.bash'
[20.735s] INFO:colcon.colcon_core.shell:Creating package script '/home/olympusforge/ros2_frost/install/nav2_voxel_grid/share/nav2_voxel_grid/package.zsh'
[20.735s] Level 1:colcon.colcon_core.environment:create_file_with_runtime_dependencies(/home/olympusforge/ros2_frost/install/nav2_voxel_grid/share/colcon-core/packages/nav2_voxel_grid)
[20.735s] Level 1:colcon.colcon_core.environment:create_environment_scripts_only(nav2_voxel_grid)
[20.736s] Level 1:colcon.colcon_core.environment:checking '/home/olympusforge/ros2_frost/install/nav2_voxel_grid' for CMake module files
[20.736s] Level 1:colcon.colcon_core.environment:checking '/home/olympusforge/ros2_frost/install/nav2_voxel_grid' for CMake config files
[20.736s] Level 1:colcon.colcon_core.shell:create_environment_hook('nav2_voxel_grid', 'cmake_prefix_path')
[20.736s] INFO:colcon.colcon_core.shell:Creating environment hook '/home/olympusforge/ros2_frost/install/nav2_voxel_grid/share/nav2_voxel_grid/hook/cmake_prefix_path.ps1'
[20.737s] INFO:colcon.colcon_core.shell:Creating environment descriptor '/home/olympusforge/ros2_frost/install/nav2_voxel_grid/share/nav2_voxel_grid/hook/cmake_prefix_path.dsv'
[20.737s] INFO:colcon.colcon_core.shell:Creating environment hook '/home/olympusforge/ros2_frost/install/nav2_voxel_grid/share/nav2_voxel_grid/hook/cmake_prefix_path.sh'
[20.738s] Level 1:colcon.colcon_core.environment:checking '/home/olympusforge/ros2_frost/install/nav2_voxel_grid/lib'
[20.738s] Level 1:colcon.colcon_core.shell:create_environment_hook('nav2_voxel_grid', 'ld_library_path_lib')
[20.738s] INFO:colcon.colcon_core.shell:Creating environment hook '/home/olympusforge/ros2_frost/install/nav2_voxel_grid/share/nav2_voxel_grid/hook/ld_library_path_lib.ps1'
[20.739s] INFO:colcon.colcon_core.shell:Creating environment descriptor '/home/olympusforge/ros2_frost/install/nav2_voxel_grid/share/nav2_voxel_grid/hook/ld_library_path_lib.dsv'
[20.739s] INFO:colcon.colcon_core.shell:Creating environment hook '/home/olympusforge/ros2_frost/install/nav2_voxel_grid/share/nav2_voxel_grid/hook/ld_library_path_lib.sh'
[20.740s] Level 1:colcon.colcon_core.environment:checking '/home/olympusforge/ros2_frost/install/nav2_voxel_grid/bin'
[20.740s] Level 1:colcon.colcon_core.environment:checking '/home/olympusforge/ros2_frost/install/nav2_voxel_grid/lib/pkgconfig/nav2_voxel_grid.pc'
[20.740s] Level 1:colcon.colcon_core.environment:checking '/home/olympusforge/ros2_frost/install/nav2_voxel_grid/lib/python3.10/site-packages'
[20.740s] Level 1:colcon.colcon_core.environment:checking '/home/olympusforge/ros2_frost/install/nav2_voxel_grid/bin'
[20.740s] INFO:colcon.colcon_core.shell:Creating package script '/home/olympusforge/ros2_frost/install/nav2_voxel_grid/share/nav2_voxel_grid/package.ps1'
[20.741s] INFO:colcon.colcon_core.shell:Creating package descriptor '/home/olympusforge/ros2_frost/install/nav2_voxel_grid/share/nav2_voxel_grid/package.dsv'
[20.741s] INFO:colcon.colcon_core.shell:Creating package script '/home/olympusforge/ros2_frost/install/nav2_voxel_grid/share/nav2_voxel_grid/package.sh'
[20.742s] INFO:colcon.colcon_core.shell:Creating package script '/home/olympusforge/ros2_frost/install/nav2_voxel_grid/share/nav2_voxel_grid/package.bash'
[20.742s] INFO:colcon.colcon_core.shell:Creating package script '/home/olympusforge/ros2_frost/install/nav2_voxel_grid/share/nav2_voxel_grid/package.zsh'
[20.743s] Level 1:colcon.colcon_core.environment:create_file_with_runtime_dependencies(/home/olympusforge/ros2_frost/install/nav2_voxel_grid/share/colcon-core/packages/nav2_voxel_grid)
[22.241s] DEBUG:colcon.colcon_core.event_handler.log_command:Invoked command in '/home/olympusforge/ros2_frost/build/dwb_msgs' returned '0': AMENT_PREFIX_PATH=/home/olympusforge/ros2_frost/install/nav_2d_msgs:${AMENT_PREFIX_PATH} CMAKE_PREFIX_PATH=/home/olympusforge/ros2_frost/install/nav_2d_msgs:/home/olympusforge/ros2_frost/install/ydlidar_sdk:/home/olympusforge/ros2_frost/install/ydlidar_ros2_driver:/home/olympusforge/ros2_frost/install/v4l2_camera:/home/olympusforge/ros2_frost/install/tortoisebot_slam:/home/olympusforge/ros2_frost/install/tortoisebot_navigation:/home/olympusforge/ros2_frost/install/tortoisebot_gazebo:/home/olympusforge/ros2_frost/install/tortoisebot_firmware:/home/olympusforge/ros2_frost/install/tortoisebot_description:/home/olympusforge/ros2_frost/install/tortoisebot_bringup:/home/olympusforge/ros2_frost/install/tortoisebot_control:/opt/ros/humble LD_LIBRARY_PATH=/home/olympusforge/ros2_frost/install/nav_2d_msgs/lib:${LD_LIBRARY_PATH} PYTHONPATH=/home/olympusforge/ros2_frost/install/nav_2d_msgs/local/lib/python3.10/dist-packages:${PYTHONPATH} /usr/bin/cmake --build /home/olympusforge/ros2_frost/build/dwb_msgs -- -j8 -l8
[22.266s] DEBUG:colcon.colcon_core.event_handler.log_command:Invoking command in '/home/olympusforge/ros2_frost/build/dwb_msgs': AMENT_PREFIX_PATH=/home/olympusforge/ros2_frost/install/nav_2d_msgs:${AMENT_PREFIX_PATH} CMAKE_PREFIX_PATH=/home/olympusforge/ros2_frost/install/nav_2d_msgs:/home/olympusforge/ros2_frost/install/ydlidar_sdk:/home/olympusforge/ros2_frost/install/ydlidar_ros2_driver:/home/olympusforge/ros2_frost/install/v4l2_camera:/home/olympusforge/ros2_frost/install/tortoisebot_slam:/home/olympusforge/ros2_frost/install/tortoisebot_navigation:/home/olympusforge/ros2_frost/install/tortoisebot_gazebo:/home/olympusforge/ros2_frost/install/tortoisebot_firmware:/home/olympusforge/ros2_frost/install/tortoisebot_description:/home/olympusforge/ros2_frost/install/tortoisebot_bringup:/home/olympusforge/ros2_frost/install/tortoisebot_control:/opt/ros/humble LD_LIBRARY_PATH=/home/olympusforge/ros2_frost/install/nav_2d_msgs/lib:${LD_LIBRARY_PATH} PYTHONPATH=/home/olympusforge/ros2_frost/install/nav_2d_msgs/local/lib/python3.10/dist-packages:${PYTHONPATH} /usr/bin/cmake --install /home/olympusforge/ros2_frost/build/dwb_msgs
[22.393s] Level 1:colcon.colcon_core.environment:create_environment_scripts_only(dwb_msgs)
[22.394s] Level 1:colcon.colcon_core.environment:checking '/home/olympusforge/ros2_frost/install/dwb_msgs' for CMake module files
[22.394s] Level 1:colcon.colcon_core.environment:checking '/home/olympusforge/ros2_frost/install/dwb_msgs' for CMake config files
[22.394s] Level 1:colcon.colcon_core.shell:create_environment_hook('dwb_msgs', 'cmake_prefix_path')
[22.395s] INFO:colcon.colcon_core.shell:Creating environment hook '/home/olympusforge/ros2_frost/install/dwb_msgs/share/dwb_msgs/hook/cmake_prefix_path.ps1'
[22.395s] INFO:colcon.colcon_core.shell:Creating environment descriptor '/home/olympusforge/ros2_frost/install/dwb_msgs/share/dwb_msgs/hook/cmake_prefix_path.dsv'
[22.395s] INFO:colcon.colcon_core.shell:Creating environment hook '/home/olympusforge/ros2_frost/install/dwb_msgs/share/dwb_msgs/hook/cmake_prefix_path.sh'
[22.396s] Level 1:colcon.colcon_core.environment:checking '/home/olympusforge/ros2_frost/install/dwb_msgs/lib'
[22.396s] Level 1:colcon.colcon_core.shell:create_environment_hook('dwb_msgs', 'ld_library_path_lib')
[22.396s] INFO:colcon.colcon_core.shell:Creating environment hook '/home/olympusforge/ros2_frost/install/dwb_msgs/share/dwb_msgs/hook/ld_library_path_lib.ps1'
[22.396s] INFO:colcon.colcon_core.shell:Creating environment descriptor '/home/olympusforge/ros2_frost/install/dwb_msgs/share/dwb_msgs/hook/ld_library_path_lib.dsv'
[22.397s] INFO:colcon.colcon_core.shell:Creating environment hook '/home/olympusforge/ros2_frost/install/dwb_msgs/share/dwb_msgs/hook/ld_library_path_lib.sh'
[22.397s] Level 1:colcon.colcon_core.environment:checking '/home/olympusforge/ros2_frost/install/dwb_msgs/bin'
[22.397s] Level 1:colcon.colcon_core.environment:checking '/home/olympusforge/ros2_frost/install/dwb_msgs/lib/pkgconfig/dwb_msgs.pc'
[22.397s] Level 1:colcon.colcon_core.environment:checking '/home/olympusforge/ros2_frost/install/dwb_msgs/lib/python3.10/site-packages'
[22.397s] Level 1:colcon.colcon_core.environment:checking '/home/olympusforge/ros2_frost/install/dwb_msgs/bin'
[22.398s] INFO:colcon.colcon_core.shell:Creating package script '/home/olympusforge/ros2_frost/install/dwb_msgs/share/dwb_msgs/package.ps1'
[22.398s] INFO:colcon.colcon_core.shell:Creating package descriptor '/home/olympusforge/ros2_frost/install/dwb_msgs/share/dwb_msgs/package.dsv'
[22.399s] INFO:colcon.colcon_core.shell:Creating package script '/home/olympusforge/ros2_frost/install/dwb_msgs/share/dwb_msgs/package.sh'
[22.401s] INFO:colcon.colcon_core.shell:Creating package script '/home/olympusforge/ros2_frost/install/dwb_msgs/share/dwb_msgs/package.bash'
[22.401s] INFO:colcon.colcon_core.shell:Creating package script '/home/olympusforge/ros2_frost/install/dwb_msgs/share/dwb_msgs/package.zsh'
[22.402s] Level 1:colcon.colcon_core.environment:create_file_with_runtime_dependencies(/home/olympusforge/ros2_frost/install/dwb_msgs/share/colcon-core/packages/dwb_msgs)
[22.402s] Level 1:colcon.colcon_core.environment:create_environment_scripts_only(dwb_msgs)
[22.403s] Level 1:colcon.colcon_core.environment:checking '/home/olympusforge/ros2_frost/install/dwb_msgs' for CMake module files
[22.403s] Level 1:colcon.colcon_core.environment:checking '/home/olympusforge/ros2_frost/install/dwb_msgs' for CMake config files
[22.404s] Level 1:colcon.colcon_core.shell:create_environment_hook('dwb_msgs', 'cmake_prefix_path')
[22.404s] INFO:colcon.colcon_core.shell:Creating environment hook '/home/olympusforge/ros2_frost/install/dwb_msgs/share/dwb_msgs/hook/cmake_prefix_path.ps1'
[22.405s] INFO:colcon.colcon_core.shell:Creating environment descriptor '/home/olympusforge/ros2_frost/install/dwb_msgs/share/dwb_msgs/hook/cmake_prefix_path.dsv'
[22.405s] DEBUG:colcon.colcon_core.event_handler.log_command:Invoked command in '/home/olympusforge/ros2_frost/build/dwb_msgs' returned '0': AMENT_PREFIX_PATH=/home/olympusforge/ros2_frost/install/nav_2d_msgs:${AMENT_PREFIX_PATH} CMAKE_PREFIX_PATH=/home/olympusforge/ros2_frost/install/nav_2d_msgs:/home/olympusforge/ros2_frost/install/ydlidar_sdk:/home/olympusforge/ros2_frost/install/ydlidar_ros2_driver:/home/olympusforge/ros2_frost/install/v4l2_camera:/home/olympusforge/ros2_frost/install/tortoisebot_slam:/home/olympusforge/ros2_frost/install/tortoisebot_navigation:/home/olympusforge/ros2_frost/install/tortoisebot_gazebo:/home/olympusforge/ros2_frost/install/tortoisebot_firmware:/home/olympusforge/ros2_frost/install/tortoisebot_description:/home/olympusforge/ros2_frost/install/tortoisebot_bringup:/home/olympusforge/ros2_frost/install/tortoisebot_control:/opt/ros/humble LD_LIBRARY_PATH=/home/olympusforge/ros2_frost/install/nav_2d_msgs/lib:${LD_LIBRARY_PATH} PYTHONPATH=/home/olympusforge/ros2_frost/install/nav_2d_msgs/local/lib/python3.10/dist-packages:${PYTHONPATH} /usr/bin/cmake --install /home/olympusforge/ros2_frost/build/dwb_msgs
[22.406s] INFO:colcon.colcon_core.shell:Creating environment hook '/home/olympusforge/ros2_frost/install/dwb_msgs/share/dwb_msgs/hook/cmake_prefix_path.sh'
[22.407s] Level 1:colcon.colcon_core.environment:checking '/home/olympusforge/ros2_frost/install/dwb_msgs/lib'
[22.407s] Level 1:colcon.colcon_core.shell:create_environment_hook('dwb_msgs', 'ld_library_path_lib')
[22.407s] INFO:colcon.colcon_core.shell:Creating environment hook '/home/olympusforge/ros2_frost/install/dwb_msgs/share/dwb_msgs/hook/ld_library_path_lib.ps1'
[22.408s] INFO:colcon.colcon_core.shell:Creating environment descriptor '/home/olympusforge/ros2_frost/install/dwb_msgs/share/dwb_msgs/hook/ld_library_path_lib.dsv'
[22.408s] INFO:colcon.colcon_core.shell:Creating environment hook '/home/olympusforge/ros2_frost/install/dwb_msgs/share/dwb_msgs/hook/ld_library_path_lib.sh'
[22.409s] Level 1:colcon.colcon_core.environment:checking '/home/olympusforge/ros2_frost/install/dwb_msgs/bin'
[22.409s] Level 1:colcon.colcon_core.environment:checking '/home/olympusforge/ros2_frost/install/dwb_msgs/lib/pkgconfig/dwb_msgs.pc'
[22.409s] Level 1:colcon.colcon_core.environment:checking '/home/olympusforge/ros2_frost/install/dwb_msgs/lib/python3.10/site-packages'
[22.410s] Level 1:colcon.colcon_core.environment:checking '/home/olympusforge/ros2_frost/install/dwb_msgs/bin'
[22.410s] INFO:colcon.colcon_core.shell:Creating package script '/home/olympusforge/ros2_frost/install/dwb_msgs/share/dwb_msgs/package.ps1'
[22.411s] INFO:colcon.colcon_core.shell:Creating package descriptor '/home/olympusforge/ros2_frost/install/dwb_msgs/share/dwb_msgs/package.dsv'
[22.411s] INFO:colcon.colcon_core.shell:Creating package script '/home/olympusforge/ros2_frost/install/dwb_msgs/share/dwb_msgs/package.sh'
[22.412s] INFO:colcon.colcon_core.shell:Creating package script '/home/olympusforge/ros2_frost/install/dwb_msgs/share/dwb_msgs/package.bash'
[22.412s] INFO:colcon.colcon_core.shell:Creating package script '/home/olympusforge/ros2_frost/install/dwb_msgs/share/dwb_msgs/package.zsh'
[22.413s] Level 1:colcon.colcon_core.environment:create_file_with_runtime_dependencies(/home/olympusforge/ros2_frost/install/dwb_msgs/share/colcon-core/packages/dwb_msgs)
[26.774s] Level 1:colcon.colcon_core.environment:create_environment_scripts_only(nav2_msgs)
[26.775s] Level 1:colcon.colcon_core.environment:checking '/home/olympusforge/ros2_frost/install/nav2_msgs' for CMake module files
[26.775s] Level 1:colcon.colcon_core.environment:checking '/home/olympusforge/ros2_frost/install/nav2_msgs' for CMake config files
[26.775s] Level 1:colcon.colcon_core.environment:checking '/home/olympusforge/ros2_frost/install/nav2_msgs/bin'
[26.775s] Level 1:colcon.colcon_core.environment:checking '/home/olympusforge/ros2_frost/install/nav2_msgs/lib/pkgconfig/nav2_msgs.pc'
[26.775s] Level 1:colcon.colcon_core.environment:checking '/home/olympusforge/ros2_frost/install/nav2_msgs/lib/python3.10/site-packages'
[26.775s] Level 1:colcon.colcon_core.environment:checking '/home/olympusforge/ros2_frost/install/nav2_msgs/bin'
[26.775s] INFO:colcon.colcon_core.shell:Creating package script '/home/olympusforge/ros2_frost/install/nav2_msgs/share/nav2_msgs/package.ps1'
[26.776s] INFO:colcon.colcon_core.shell:Creating package descriptor '/home/olympusforge/ros2_frost/install/nav2_msgs/share/nav2_msgs/package.dsv'
[26.776s] INFO:colcon.colcon_core.shell:Creating package script '/home/olympusforge/ros2_frost/install/nav2_msgs/share/nav2_msgs/package.sh'
[26.777s] INFO:colcon.colcon_core.shell:Creating package script '/home/olympusforge/ros2_frost/install/nav2_msgs/share/nav2_msgs/package.bash'
[26.777s] INFO:colcon.colcon_core.shell:Creating package script '/home/olympusforge/ros2_frost/install/nav2_msgs/share/nav2_msgs/package.zsh'
[26.777s] Level 1:colcon.colcon_core.environment:create_file_with_runtime_dependencies(/home/olympusforge/ros2_frost/install/nav2_msgs/share/colcon-core/packages/nav2_msgs)
[26.778s] DEBUG:colcon.colcon_core.event_handler.log_command:Invoked command in '/home/olympusforge/ros2_frost/build/nav2_msgs' returned '2': AMENT_PREFIX_PATH=/home/olympusforge/ros2_frost/install/nav2_common:${AMENT_PREFIX_PATH} CMAKE_PREFIX_PATH=/home/olympusforge/ros2_frost/install/nav2_common:/home/olympusforge/ros2_frost/install/ydlidar_sdk:/home/olympusforge/ros2_frost/install/ydlidar_ros2_driver:/home/olympusforge/ros2_frost/install/v4l2_camera:/home/olympusforge/ros2_frost/install/tortoisebot_slam:/home/olympusforge/ros2_frost/install/tortoisebot_navigation:/home/olympusforge/ros2_frost/install/tortoisebot_gazebo:/home/olympusforge/ros2_frost/install/tortoisebot_firmware:/home/olympusforge/ros2_frost/install/tortoisebot_description:/home/olympusforge/ros2_frost/install/tortoisebot_bringup:/home/olympusforge/ros2_frost/install/tortoisebot_control:/opt/ros/humble PYTHONPATH=/home/olympusforge/ros2_frost/install/nav2_common/local/lib/python3.10/dist-packages:${PYTHONPATH} /usr/bin/cmake --build /home/olympusforge/ros2_frost/build/nav2_msgs -- -j8 -l8
[26.788s] DEBUG:colcon.colcon_parallel_executor.executor.parallel:closing loop
[26.789s] DEBUG:colcon.colcon_parallel_executor.executor.parallel:loop closed
[26.789s] DEBUG:colcon.colcon_parallel_executor.executor.parallel:run_until_complete finished with '2'
[26.789s] DEBUG:colcon.colcon_core.event_reactor:joining thread
[26.872s] INFO:colcon.colcon_core.plugin_system:Skipping extension 'colcon_notification.desktop_notification.terminal_notifier': Not used on non-Darwin systems
[26.872s] INFO:colcon.colcon_core.plugin_system:Skipping extension 'colcon_notification.desktop_notification.win32': Not used on non-Windows systems
[26.872s] INFO:colcon.colcon_notification.desktop_notification:Sending desktop notification using 'notify2'
[26.898s] DEBUG:colcon.colcon_core.event_reactor:joined thread
[26.898s] INFO:colcon.colcon_core.shell:Creating prefix script '/home/olympusforge/ros2_frost/install/local_setup.ps1'
[26.899s] INFO:colcon.colcon_core.shell:Creating prefix util module '/home/olympusforge/ros2_frost/install/_local_setup_util_ps1.py'
[26.900s] INFO:colcon.colcon_core.shell:Creating prefix chain script '/home/olympusforge/ros2_frost/install/setup.ps1'
[26.901s] INFO:colcon.colcon_core.shell:Creating prefix script '/home/olympusforge/ros2_frost/install/local_setup.sh'
[26.902s] INFO:colcon.colcon_core.shell:Creating prefix util module '/home/olympusforge/ros2_frost/install/_local_setup_util_sh.py'
[26.903s] INFO:colcon.colcon_core.shell:Creating prefix chain script '/home/olympusforge/ros2_frost/install/setup.sh'
[26.904s] INFO:colcon.colcon_core.shell:Creating prefix script '/home/olympusforge/ros2_frost/install/local_setup.bash'
[26.904s] INFO:colcon.colcon_core.shell:Creating prefix chain script '/home/olympusforge/ros2_frost/install/setup.bash'
[26.905s] INFO:colcon.colcon_core.shell:Creating prefix script '/home/olympusforge/ros2_frost/install/local_setup.zsh'
[26.906s] INFO:colcon.colcon_core.shell:Creating prefix chain script '/home/olympusforge/ros2_frost/install/setup.zsh'
