[0.261s] DEBUG:colcon:Command line arguments: ['/usr/bin/colcon', 'build', '--symlink-install']
[0.261s] DEBUG:colcon:Parsed command line arguments: Namespace(log_base=None, log_level=None, verb_name='build', build_base='build', install_base='install', merge_install=False, symlink_install=True, test_result_base=None, continue_on_error=False, executor='parallel', parallel_workers=8, event_handlers=None, ignore_user_meta=False, metas=['./colcon.meta'], base_paths=['.'], packages_ignore=None, packages_ignore_regex=None, paths=None, packages_up_to=None, packages_up_to_regex=None, packages_above=None, packages_above_and_dependencies=None, packages_above_depth=None, packages_select_by_dep=None, packages_skip_by_dep=None, packages_skip_up_to=None, packages_select_build_failed=False, packages_skip_build_finished=False, packages_select_test_failures=False, packages_skip_test_passed=False, packages_select=None, packages_skip=None, packages_select_regex=None, packages_skip_regex=None, packages_start=None, packages_end=None, allow_overriding=[], cmake_args=None, cmake_target=None, cmake_target_skip_unavailable=False, cmake_clean_cache=False, cmake_clean_first=False, cmake_force_configure=False, ament_cmake_args=None, catkin_cmake_args=None, catkin_skip_building_tests=False, mixin_files=None, mixin=None, verb_parser=<colcon_mixin.mixin.mixin_argument.MixinArgumentDecorator object at 0x7850b5242410>, verb_extension=<colcon_core.verb.build.BuildVerb object at 0x7850b53573a0>, main=<bound method BuildVerb.main of <colcon_core.verb.build.BuildVerb object at 0x7850b53573a0>>, mixin_verb=('build',))
[0.637s] Level 1:colcon.colcon_core.package_discovery:discover_packages(colcon_meta) check parameters
[0.638s] Level 1:colcon.colcon_core.package_discovery:discover_packages(recursive) check parameters
[0.638s] Level 1:colcon.colcon_core.package_discovery:discover_packages(ignore) check parameters
[0.638s] Level 1:colcon.colcon_core.package_discovery:discover_packages(path) check parameters
[0.638s] Level 1:colcon.colcon_core.package_discovery:discover_packages(colcon_meta) discover
[0.638s] Level 1:colcon.colcon_core.package_discovery:discover_packages(recursive) discover
[0.638s] INFO:colcon.colcon_core.package_discovery:Crawling recursively for packages in '/home/olympusforge/ros2_frost'
[0.638s] Level 1:colcon.colcon_core.package_identification:_identify(.) by extensions ['ignore', 'ignore_ament_install']
[0.638s] Level 1:colcon.colcon_core.package_identification:_identify(.) by extension 'ignore'
[0.638s] Level 1:colcon.colcon_core.package_identification:_identify(.) by extension 'ignore_ament_install'
[0.638s] Level 1:colcon.colcon_core.package_identification:_identify(.) by extensions ['colcon_pkg']
[0.638s] Level 1:colcon.colcon_core.package_identification:_identify(.) by extension 'colcon_pkg'
[0.638s] Level 1:colcon.colcon_core.package_identification:_identify(.) by extensions ['colcon_meta']
[0.638s] Level 1:colcon.colcon_core.package_identification:_identify(.) by extension 'colcon_meta'
[0.638s] Level 1:colcon.colcon_core.package_identification:_identify(.) by extensions ['ros']
[0.638s] Level 1:colcon.colcon_core.package_identification:_identify(.) by extension 'ros'
[0.645s] Level 1:colcon.colcon_core.package_identification:_identify(.) by extensions ['cmake', 'python']
[0.645s] Level 1:colcon.colcon_core.package_identification:_identify(.) by extension 'cmake'
[0.645s] Level 1:colcon.colcon_core.package_identification:_identify(.) by extension 'python'
[0.645s] Level 1:colcon.colcon_core.package_identification:_identify(.) by extensions ['python_setup_py']
[0.645s] Level 1:colcon.colcon_core.package_identification:_identify(.) by extension 'python_setup_py'
[0.645s] Level 1:colcon.colcon_core.package_identification:_identify(build) by extensions ['ignore', 'ignore_ament_install']
[0.645s] Level 1:colcon.colcon_core.package_identification:_identify(build) by extension 'ignore'
[0.645s] Level 1:colcon.colcon_core.package_identification:_identify(build) ignored
[0.645s] Level 1:colcon.colcon_core.package_identification:_identify(install) by extensions ['ignore', 'ignore_ament_install']
[0.645s] Level 1:colcon.colcon_core.package_identification:_identify(install) by extension 'ignore'
[0.645s] Level 1:colcon.colcon_core.package_identification:_identify(install) ignored
[0.645s] Level 1:colcon.colcon_core.package_identification:_identify(log) by extensions ['ignore', 'ignore_ament_install']
[0.645s] Level 1:colcon.colcon_core.package_identification:_identify(log) by extension 'ignore'
[0.645s] Level 1:colcon.colcon_core.package_identification:_identify(log) ignored
[0.645s] Level 1:colcon.colcon_core.package_identification:_identify(src) by extensions ['ignore', 'ignore_ament_install']
[0.646s] Level 1:colcon.colcon_core.package_identification:_identify(src) by extension 'ignore'
[0.646s] Level 1:colcon.colcon_core.package_identification:_identify(src) by extension 'ignore_ament_install'
[0.646s] Level 1:colcon.colcon_core.package_identification:_identify(src) by extensions ['colcon_pkg']
[0.646s] Level 1:colcon.colcon_core.package_identification:_identify(src) by extension 'colcon_pkg'
[0.646s] Level 1:colcon.colcon_core.package_identification:_identify(src) by extensions ['colcon_meta']
[0.646s] Level 1:colcon.colcon_core.package_identification:_identify(src) by extension 'colcon_meta'
[0.646s] Level 1:colcon.colcon_core.package_identification:_identify(src) by extensions ['ros']
[0.646s] Level 1:colcon.colcon_core.package_identification:_identify(src) by extension 'ros'
[0.646s] Level 1:colcon.colcon_core.package_identification:_identify(src) by extensions ['cmake', 'python']
[0.646s] Level 1:colcon.colcon_core.package_identification:_identify(src) by extension 'cmake'
[0.646s] Level 1:colcon.colcon_core.package_identification:_identify(src) by extension 'python'
[0.646s] Level 1:colcon.colcon_core.package_identification:_identify(src) by extensions ['python_setup_py']
[0.646s] Level 1:colcon.colcon_core.package_identification:_identify(src) by extension 'python_setup_py'
[0.646s] Level 1:colcon.colcon_core.package_identification:_identify(src/tortoisebot) by extensions ['ignore', 'ignore_ament_install']
[0.646s] Level 1:colcon.colcon_core.package_identification:_identify(src/tortoisebot) by extension 'ignore'
[0.646s] Level 1:colcon.colcon_core.package_identification:_identify(src/tortoisebot) by extension 'ignore_ament_install'
[0.646s] Level 1:colcon.colcon_core.package_identification:_identify(src/tortoisebot) by extensions ['colcon_pkg']
[0.646s] Level 1:colcon.colcon_core.package_identification:_identify(src/tortoisebot) by extension 'colcon_pkg'
[0.646s] Level 1:colcon.colcon_core.package_identification:_identify(src/tortoisebot) by extensions ['colcon_meta']
[0.646s] Level 1:colcon.colcon_core.package_identification:_identify(src/tortoisebot) by extension 'colcon_meta'
[0.646s] Level 1:colcon.colcon_core.package_identification:_identify(src/tortoisebot) by extensions ['ros']
[0.646s] Level 1:colcon.colcon_core.package_identification:_identify(src/tortoisebot) by extension 'ros'
[0.646s] Level 1:colcon.colcon_core.package_identification:_identify(src/tortoisebot) by extensions ['cmake', 'python']
[0.646s] Level 1:colcon.colcon_core.package_identification:_identify(src/tortoisebot) by extension 'cmake'
[0.646s] Level 1:colcon.colcon_core.package_identification:_identify(src/tortoisebot) by extension 'python'
[0.646s] Level 1:colcon.colcon_core.package_identification:_identify(src/tortoisebot) by extensions ['python_setup_py']
[0.646s] Level 1:colcon.colcon_core.package_identification:_identify(src/tortoisebot) by extension 'python_setup_py'
[0.646s] Level 1:colcon.colcon_core.package_identification:_identify(src/tortoisebot/YDLidar-SDK) by extensions ['ignore', 'ignore_ament_install']
[0.646s] Level 1:colcon.colcon_core.package_identification:_identify(src/tortoisebot/YDLidar-SDK) by extension 'ignore'
[0.646s] Level 1:colcon.colcon_core.package_identification:_identify(src/tortoisebot/YDLidar-SDK) by extension 'ignore_ament_install'
[0.646s] Level 1:colcon.colcon_core.package_identification:_identify(src/tortoisebot/YDLidar-SDK) by extensions ['colcon_pkg']
[0.646s] Level 1:colcon.colcon_core.package_identification:_identify(src/tortoisebot/YDLidar-SDK) by extension 'colcon_pkg'
[0.646s] Level 1:colcon.colcon_core.package_identification:_identify(src/tortoisebot/YDLidar-SDK) by extensions ['colcon_meta']
[0.646s] Level 1:colcon.colcon_core.package_identification:_identify(src/tortoisebot/YDLidar-SDK) by extension 'colcon_meta'
[0.646s] Level 1:colcon.colcon_core.package_identification:_identify(src/tortoisebot/YDLidar-SDK) by extensions ['ros']
[0.646s] Level 1:colcon.colcon_core.package_identification:_identify(src/tortoisebot/YDLidar-SDK) by extension 'ros'
[0.646s] Level 1:colcon.colcon_core.package_identification:_identify(src/tortoisebot/YDLidar-SDK) by extensions ['cmake', 'python']
[0.646s] Level 1:colcon.colcon_core.package_identification:_identify(src/tortoisebot/YDLidar-SDK) by extension 'cmake'
[0.702s] Level 1:colcon.colcon_core.package_identification:_identify(src/tortoisebot/YDLidar-SDK) by extension 'python'
[0.702s] DEBUG:colcon.colcon_core.package_identification:Package 'src/tortoisebot/YDLidar-SDK' with type 'cmake' and name 'ydlidar_sdk'
[0.702s] Level 1:colcon.colcon_core.package_identification:_identify(src/tortoisebot/tortoisebot_bringup) by extensions ['ignore', 'ignore_ament_install']
[0.702s] Level 1:colcon.colcon_core.package_identification:_identify(src/tortoisebot/tortoisebot_bringup) by extension 'ignore'
[0.702s] Level 1:colcon.colcon_core.package_identification:_identify(src/tortoisebot/tortoisebot_bringup) by extension 'ignore_ament_install'
[0.702s] Level 1:colcon.colcon_core.package_identification:_identify(src/tortoisebot/tortoisebot_bringup) by extensions ['colcon_pkg']
[0.702s] Level 1:colcon.colcon_core.package_identification:_identify(src/tortoisebot/tortoisebot_bringup) by extension 'colcon_pkg'
[0.702s] Level 1:colcon.colcon_core.package_identification:_identify(src/tortoisebot/tortoisebot_bringup) by extensions ['colcon_meta']
[0.702s] Level 1:colcon.colcon_core.package_identification:_identify(src/tortoisebot/tortoisebot_bringup) by extension 'colcon_meta'
[0.703s] Level 1:colcon.colcon_core.package_identification:_identify(src/tortoisebot/tortoisebot_bringup) by extensions ['ros']
[0.703s] Level 1:colcon.colcon_core.package_identification:_identify(src/tortoisebot/tortoisebot_bringup) by extension 'ros'
[0.705s] DEBUG:colcon.colcon_core.package_identification:Package 'src/tortoisebot/tortoisebot_bringup' with type 'ros.ament_cmake' and name 'tortoisebot_bringup'
[0.705s] Level 1:colcon.colcon_core.package_identification:_identify(src/tortoisebot/tortoisebot_control) by extensions ['ignore', 'ignore_ament_install']
[0.705s] Level 1:colcon.colcon_core.package_identification:_identify(src/tortoisebot/tortoisebot_control) by extension 'ignore'
[0.705s] Level 1:colcon.colcon_core.package_identification:_identify(src/tortoisebot/tortoisebot_control) by extension 'ignore_ament_install'
[0.705s] Level 1:colcon.colcon_core.package_identification:_identify(src/tortoisebot/tortoisebot_control) by extensions ['colcon_pkg']
[0.705s] Level 1:colcon.colcon_core.package_identification:_identify(src/tortoisebot/tortoisebot_control) by extension 'colcon_pkg'
[0.705s] Level 1:colcon.colcon_core.package_identification:_identify(src/tortoisebot/tortoisebot_control) by extensions ['colcon_meta']
[0.705s] Level 1:colcon.colcon_core.package_identification:_identify(src/tortoisebot/tortoisebot_control) by extension 'colcon_meta'
[0.705s] Level 1:colcon.colcon_core.package_identification:_identify(src/tortoisebot/tortoisebot_control) by extensions ['ros']
[0.705s] Level 1:colcon.colcon_core.package_identification:_identify(src/tortoisebot/tortoisebot_control) by extension 'ros'
[0.705s] DEBUG:colcon.colcon_core.package_identification:Package 'src/tortoisebot/tortoisebot_control' with type 'ros.ament_python' and name 'tortoisebot_control'
[0.705s] Level 1:colcon.colcon_core.package_identification:_identify(src/tortoisebot/tortoisebot_description) by extensions ['ignore', 'ignore_ament_install']
[0.705s] Level 1:colcon.colcon_core.package_identification:_identify(src/tortoisebot/tortoisebot_description) by extension 'ignore'
[0.705s] Level 1:colcon.colcon_core.package_identification:_identify(src/tortoisebot/tortoisebot_description) by extension 'ignore_ament_install'
[0.705s] Level 1:colcon.colcon_core.package_identification:_identify(src/tortoisebot/tortoisebot_description) by extensions ['colcon_pkg']
[0.705s] Level 1:colcon.colcon_core.package_identification:_identify(src/tortoisebot/tortoisebot_description) by extension 'colcon_pkg'
[0.705s] Level 1:colcon.colcon_core.package_identification:_identify(src/tortoisebot/tortoisebot_description) by extensions ['colcon_meta']
[0.705s] Level 1:colcon.colcon_core.package_identification:_identify(src/tortoisebot/tortoisebot_description) by extension 'colcon_meta'
[0.706s] Level 1:colcon.colcon_core.package_identification:_identify(src/tortoisebot/tortoisebot_description) by extensions ['ros']
[0.706s] Level 1:colcon.colcon_core.package_identification:_identify(src/tortoisebot/tortoisebot_description) by extension 'ros'
[0.706s] DEBUG:colcon.colcon_core.package_identification:Package 'src/tortoisebot/tortoisebot_description' with type 'ros.ament_cmake' and name 'tortoisebot_description'
[0.706s] Level 1:colcon.colcon_core.package_identification:_identify(src/tortoisebot/tortoisebot_firmware) by extensions ['ignore', 'ignore_ament_install']
[0.706s] Level 1:colcon.colcon_core.package_identification:_identify(src/tortoisebot/tortoisebot_firmware) by extension 'ignore'
[0.706s] Level 1:colcon.colcon_core.package_identification:_identify(src/tortoisebot/tortoisebot_firmware) by extension 'ignore_ament_install'
[0.706s] Level 1:colcon.colcon_core.package_identification:_identify(src/tortoisebot/tortoisebot_firmware) by extensions ['colcon_pkg']
[0.706s] Level 1:colcon.colcon_core.package_identification:_identify(src/tortoisebot/tortoisebot_firmware) by extension 'colcon_pkg'
[0.706s] Level 1:colcon.colcon_core.package_identification:_identify(src/tortoisebot/tortoisebot_firmware) by extensions ['colcon_meta']
[0.706s] Level 1:colcon.colcon_core.package_identification:_identify(src/tortoisebot/tortoisebot_firmware) by extension 'colcon_meta'
[0.706s] Level 1:colcon.colcon_core.package_identification:_identify(src/tortoisebot/tortoisebot_firmware) by extensions ['ros']
[0.706s] Level 1:colcon.colcon_core.package_identification:_identify(src/tortoisebot/tortoisebot_firmware) by extension 'ros'
[0.706s] DEBUG:colcon.colcon_core.package_identification:Package 'src/tortoisebot/tortoisebot_firmware' with type 'ros.ament_cmake' and name 'tortoisebot_firmware'
[0.707s] Level 1:colcon.colcon_core.package_identification:_identify(src/tortoisebot/tortoisebot_gazebo) by extensions ['ignore', 'ignore_ament_install']
[0.707s] Level 1:colcon.colcon_core.package_identification:_identify(src/tortoisebot/tortoisebot_gazebo) by extension 'ignore'
[0.707s] Level 1:colcon.colcon_core.package_identification:_identify(src/tortoisebot/tortoisebot_gazebo) by extension 'ignore_ament_install'
[0.707s] Level 1:colcon.colcon_core.package_identification:_identify(src/tortoisebot/tortoisebot_gazebo) by extensions ['colcon_pkg']
[0.707s] Level 1:colcon.colcon_core.package_identification:_identify(src/tortoisebot/tortoisebot_gazebo) by extension 'colcon_pkg'
[0.707s] Level 1:colcon.colcon_core.package_identification:_identify(src/tortoisebot/tortoisebot_gazebo) by extensions ['colcon_meta']
[0.707s] Level 1:colcon.colcon_core.package_identification:_identify(src/tortoisebot/tortoisebot_gazebo) by extension 'colcon_meta'
[0.707s] Level 1:colcon.colcon_core.package_identification:_identify(src/tortoisebot/tortoisebot_gazebo) by extensions ['ros']
[0.707s] Level 1:colcon.colcon_core.package_identification:_identify(src/tortoisebot/tortoisebot_gazebo) by extension 'ros'
[0.707s] DEBUG:colcon.colcon_core.package_identification:Package 'src/tortoisebot/tortoisebot_gazebo' with type 'ros.ament_cmake' and name 'tortoisebot_gazebo'
[0.707s] Level 1:colcon.colcon_core.package_identification:_identify(src/tortoisebot/tortoisebot_navigation) by extensions ['ignore', 'ignore_ament_install']
[0.707s] Level 1:colcon.colcon_core.package_identification:_identify(src/tortoisebot/tortoisebot_navigation) by extension 'ignore'
[0.707s] Level 1:colcon.colcon_core.package_identification:_identify(src/tortoisebot/tortoisebot_navigation) by extension 'ignore_ament_install'
[0.707s] Level 1:colcon.colcon_core.package_identification:_identify(src/tortoisebot/tortoisebot_navigation) by extensions ['colcon_pkg']
[0.707s] Level 1:colcon.colcon_core.package_identification:_identify(src/tortoisebot/tortoisebot_navigation) by extension 'colcon_pkg'
[0.707s] Level 1:colcon.colcon_core.package_identification:_identify(src/tortoisebot/tortoisebot_navigation) by extensions ['colcon_meta']
[0.707s] Level 1:colcon.colcon_core.package_identification:_identify(src/tortoisebot/tortoisebot_navigation) by extension 'colcon_meta'
[0.707s] Level 1:colcon.colcon_core.package_identification:_identify(src/tortoisebot/tortoisebot_navigation) by extensions ['ros']
[0.707s] Level 1:colcon.colcon_core.package_identification:_identify(src/tortoisebot/tortoisebot_navigation) by extension 'ros'
[0.708s] DEBUG:colcon.colcon_core.package_identification:Package 'src/tortoisebot/tortoisebot_navigation' with type 'ros.ament_cmake' and name 'tortoisebot_navigation'
[0.708s] Level 1:colcon.colcon_core.package_identification:_identify(src/tortoisebot/tortoisebot_slam) by extensions ['ignore', 'ignore_ament_install']
[0.708s] Level 1:colcon.colcon_core.package_identification:_identify(src/tortoisebot/tortoisebot_slam) by extension 'ignore'
[0.708s] Level 1:colcon.colcon_core.package_identification:_identify(src/tortoisebot/tortoisebot_slam) by extension 'ignore_ament_install'
[0.708s] Level 1:colcon.colcon_core.package_identification:_identify(src/tortoisebot/tortoisebot_slam) by extensions ['colcon_pkg']
[0.708s] Level 1:colcon.colcon_core.package_identification:_identify(src/tortoisebot/tortoisebot_slam) by extension 'colcon_pkg'
[0.708s] Level 1:colcon.colcon_core.package_identification:_identify(src/tortoisebot/tortoisebot_slam) by extensions ['colcon_meta']
[0.708s] Level 1:colcon.colcon_core.package_identification:_identify(src/tortoisebot/tortoisebot_slam) by extension 'colcon_meta'
[0.708s] Level 1:colcon.colcon_core.package_identification:_identify(src/tortoisebot/tortoisebot_slam) by extensions ['ros']
[0.708s] Level 1:colcon.colcon_core.package_identification:_identify(src/tortoisebot/tortoisebot_slam) by extension 'ros'
[0.708s] DEBUG:colcon.colcon_core.package_identification:Package 'src/tortoisebot/tortoisebot_slam' with type 'ros.ament_cmake' and name 'tortoisebot_slam'
[0.708s] Level 1:colcon.colcon_core.package_identification:_identify(src/tortoisebot/v4l2_camera) by extensions ['ignore', 'ignore_ament_install']
[0.709s] Level 1:colcon.colcon_core.package_identification:_identify(src/tortoisebot/v4l2_camera) by extension 'ignore'
[0.709s] Level 1:colcon.colcon_core.package_identification:_identify(src/tortoisebot/v4l2_camera) by extension 'ignore_ament_install'
[0.709s] Level 1:colcon.colcon_core.package_identification:_identify(src/tortoisebot/v4l2_camera) by extensions ['colcon_pkg']
[0.709s] Level 1:colcon.colcon_core.package_identification:_identify(src/tortoisebot/v4l2_camera) by extension 'colcon_pkg'
[0.709s] Level 1:colcon.colcon_core.package_identification:_identify(src/tortoisebot/v4l2_camera) by extensions ['colcon_meta']
[0.709s] Level 1:colcon.colcon_core.package_identification:_identify(src/tortoisebot/v4l2_camera) by extension 'colcon_meta'
[0.709s] Level 1:colcon.colcon_core.package_identification:_identify(src/tortoisebot/v4l2_camera) by extensions ['ros']
[0.709s] Level 1:colcon.colcon_core.package_identification:_identify(src/tortoisebot/v4l2_camera) by extension 'ros'
[0.709s] DEBUG:colcon.colcon_core.package_identification:Package 'src/tortoisebot/v4l2_camera' with type 'ros.ament_cmake' and name 'v4l2_camera'
[0.709s] Level 1:colcon.colcon_core.package_identification:_identify(src/tortoisebot/ydlidar_ros2_driver) by extensions ['ignore', 'ignore_ament_install']
[0.709s] Level 1:colcon.colcon_core.package_identification:_identify(src/tortoisebot/ydlidar_ros2_driver) by extension 'ignore'
[0.709s] Level 1:colcon.colcon_core.package_identification:_identify(src/tortoisebot/ydlidar_ros2_driver) by extension 'ignore_ament_install'
[0.709s] Level 1:colcon.colcon_core.package_identification:_identify(src/tortoisebot/ydlidar_ros2_driver) by extensions ['colcon_pkg']
[0.709s] Level 1:colcon.colcon_core.package_identification:_identify(src/tortoisebot/ydlidar_ros2_driver) by extension 'colcon_pkg'
[0.709s] Level 1:colcon.colcon_core.package_identification:_identify(src/tortoisebot/ydlidar_ros2_driver) by extensions ['colcon_meta']
[0.710s] Level 1:colcon.colcon_core.package_identification:_identify(src/tortoisebot/ydlidar_ros2_driver) by extension 'colcon_meta'
[0.710s] Level 1:colcon.colcon_core.package_identification:_identify(src/tortoisebot/ydlidar_ros2_driver) by extensions ['ros']
[0.710s] Level 1:colcon.colcon_core.package_identification:_identify(src/tortoisebot/ydlidar_ros2_driver) by extension 'ros'
[0.710s] DEBUG:colcon.colcon_core.package_identification:Package 'src/tortoisebot/ydlidar_ros2_driver' with type 'ros.ament_cmake' and name 'ydlidar_ros2_driver'
[0.710s] Level 1:colcon.colcon_core.package_discovery:discover_packages(recursive) using defaults
[0.710s] Level 1:colcon.colcon_core.package_discovery:discover_packages(ignore) discover
[0.710s] Level 1:colcon.colcon_core.package_discovery:discover_packages(ignore) using defaults
[0.710s] Level 1:colcon.colcon_core.package_discovery:discover_packages(path) discover
[0.710s] Level 1:colcon.colcon_core.package_discovery:discover_packages(path) using defaults
[0.749s] Level 1:colcon.colcon_core.package_discovery:discover_packages(prefix_path) check parameters
[0.749s] Level 1:colcon.colcon_core.package_discovery:discover_packages(prefix_path) discover
[0.757s] DEBUG:colcon.colcon_installed_package_information.package_discovery:Found 10 installed packages in /home/olympusforge/ros2_frost/install
[0.757s] DEBUG:colcon.colcon_installed_package_information.package_discovery:Found 330 installed packages in /opt/ros/humble
[0.758s] Level 1:colcon.colcon_core.package_discovery:discover_packages(prefix_path) using defaults
[0.804s] Level 5:colcon.colcon_core.verb:set package 'tortoisebot_bringup' build argument 'cmake_args' from command line to 'None'
[0.804s] Level 5:colcon.colcon_core.verb:set package 'tortoisebot_bringup' build argument 'cmake_target' from command line to 'None'
[0.804s] Level 5:colcon.colcon_core.verb:set package 'tortoisebot_bringup' build argument 'cmake_target_skip_unavailable' from command line to 'False'
[0.804s] Level 5:colcon.colcon_core.verb:set package 'tortoisebot_bringup' build argument 'cmake_clean_cache' from command line to 'False'
[0.804s] Level 5:colcon.colcon_core.verb:set package 'tortoisebot_bringup' build argument 'cmake_clean_first' from command line to 'False'
[0.804s] Level 5:colcon.colcon_core.verb:set package 'tortoisebot_bringup' build argument 'cmake_force_configure' from command line to 'False'
[0.804s] Level 5:colcon.colcon_core.verb:set package 'tortoisebot_bringup' build argument 'ament_cmake_args' from command line to 'None'
[0.804s] Level 5:colcon.colcon_core.verb:set package 'tortoisebot_bringup' build argument 'catkin_cmake_args' from command line to 'None'
[0.804s] Level 5:colcon.colcon_core.verb:set package 'tortoisebot_bringup' build argument 'catkin_skip_building_tests' from command line to 'False'
[0.804s] DEBUG:colcon.colcon_core.verb:Building package 'tortoisebot_bringup' with the following arguments: {'ament_cmake_args': None, 'build_base': '/home/olympusforge/ros2_frost/build/tortoisebot_bringup', 'catkin_cmake_args': None, 'catkin_skip_building_tests': False, 'cmake_args': None, 'cmake_clean_cache': False, 'cmake_clean_first': False, 'cmake_force_configure': False, 'cmake_target': None, 'cmake_target_skip_unavailable': False, 'install_base': '/home/olympusforge/ros2_frost/install/tortoisebot_bringup', 'merge_install': False, 'path': '/home/olympusforge/ros2_frost/src/tortoisebot/tortoisebot_bringup', 'symlink_install': True, 'test_result_base': None}
[0.805s] Level 5:colcon.colcon_core.verb:set package 'tortoisebot_control' build argument 'cmake_args' from command line to 'None'
[0.805s] Level 5:colcon.colcon_core.verb:set package 'tortoisebot_control' build argument 'cmake_target' from command line to 'None'
[0.805s] Level 5:colcon.colcon_core.verb:set package 'tortoisebot_control' build argument 'cmake_target_skip_unavailable' from command line to 'False'
[0.805s] Level 5:colcon.colcon_core.verb:set package 'tortoisebot_control' build argument 'cmake_clean_cache' from command line to 'False'
[0.805s] Level 5:colcon.colcon_core.verb:set package 'tortoisebot_control' build argument 'cmake_clean_first' from command line to 'False'
[0.805s] Level 5:colcon.colcon_core.verb:set package 'tortoisebot_control' build argument 'cmake_force_configure' from command line to 'False'
[0.805s] Level 5:colcon.colcon_core.verb:set package 'tortoisebot_control' build argument 'ament_cmake_args' from command line to 'None'
[0.805s] Level 5:colcon.colcon_core.verb:set package 'tortoisebot_control' build argument 'catkin_cmake_args' from command line to 'None'
[0.805s] Level 5:colcon.colcon_core.verb:set package 'tortoisebot_control' build argument 'catkin_skip_building_tests' from command line to 'False'
[0.805s] DEBUG:colcon.colcon_core.verb:Building package 'tortoisebot_control' with the following arguments: {'ament_cmake_args': None, 'build_base': '/home/olympusforge/ros2_frost/build/tortoisebot_control', 'catkin_cmake_args': None, 'catkin_skip_building_tests': False, 'cmake_args': None, 'cmake_clean_cache': False, 'cmake_clean_first': False, 'cmake_force_configure': False, 'cmake_target': None, 'cmake_target_skip_unavailable': False, 'install_base': '/home/olympusforge/ros2_frost/install/tortoisebot_control', 'merge_install': False, 'path': '/home/olympusforge/ros2_frost/src/tortoisebot/tortoisebot_control', 'symlink_install': True, 'test_result_base': None}
[0.805s] Level 5:colcon.colcon_core.verb:set package 'tortoisebot_description' build argument 'cmake_args' from command line to 'None'
[0.805s] Level 5:colcon.colcon_core.verb:set package 'tortoisebot_description' build argument 'cmake_target' from command line to 'None'
[0.805s] Level 5:colcon.colcon_core.verb:set package 'tortoisebot_description' build argument 'cmake_target_skip_unavailable' from command line to 'False'
[0.805s] Level 5:colcon.colcon_core.verb:set package 'tortoisebot_description' build argument 'cmake_clean_cache' from command line to 'False'
[0.805s] Level 5:colcon.colcon_core.verb:set package 'tortoisebot_description' build argument 'cmake_clean_first' from command line to 'False'
[0.805s] Level 5:colcon.colcon_core.verb:set package 'tortoisebot_description' build argument 'cmake_force_configure' from command line to 'False'
[0.805s] Level 5:colcon.colcon_core.verb:set package 'tortoisebot_description' build argument 'ament_cmake_args' from command line to 'None'
[0.805s] Level 5:colcon.colcon_core.verb:set package 'tortoisebot_description' build argument 'catkin_cmake_args' from command line to 'None'
[0.805s] Level 5:colcon.colcon_core.verb:set package 'tortoisebot_description' build argument 'catkin_skip_building_tests' from command line to 'False'
[0.805s] DEBUG:colcon.colcon_core.verb:Building package 'tortoisebot_description' with the following arguments: {'ament_cmake_args': None, 'build_base': '/home/olympusforge/ros2_frost/build/tortoisebot_description', 'catkin_cmake_args': None, 'catkin_skip_building_tests': False, 'cmake_args': None, 'cmake_clean_cache': False, 'cmake_clean_first': False, 'cmake_force_configure': False, 'cmake_target': None, 'cmake_target_skip_unavailable': False, 'install_base': '/home/olympusforge/ros2_frost/install/tortoisebot_description', 'merge_install': False, 'path': '/home/olympusforge/ros2_frost/src/tortoisebot/tortoisebot_description', 'symlink_install': True, 'test_result_base': None}
[0.805s] Level 5:colcon.colcon_core.verb:set package 'tortoisebot_firmware' build argument 'cmake_args' from command line to 'None'
[0.805s] Level 5:colcon.colcon_core.verb:set package 'tortoisebot_firmware' build argument 'cmake_target' from command line to 'None'
[0.805s] Level 5:colcon.colcon_core.verb:set package 'tortoisebot_firmware' build argument 'cmake_target_skip_unavailable' from command line to 'False'
[0.805s] Level 5:colcon.colcon_core.verb:set package 'tortoisebot_firmware' build argument 'cmake_clean_cache' from command line to 'False'
[0.805s] Level 5:colcon.colcon_core.verb:set package 'tortoisebot_firmware' build argument 'cmake_clean_first' from command line to 'False'
[0.805s] Level 5:colcon.colcon_core.verb:set package 'tortoisebot_firmware' build argument 'cmake_force_configure' from command line to 'False'
[0.805s] Level 5:colcon.colcon_core.verb:set package 'tortoisebot_firmware' build argument 'ament_cmake_args' from command line to 'None'
[0.805s] Level 5:colcon.colcon_core.verb:set package 'tortoisebot_firmware' build argument 'catkin_cmake_args' from command line to 'None'
[0.805s] Level 5:colcon.colcon_core.verb:set package 'tortoisebot_firmware' build argument 'catkin_skip_building_tests' from command line to 'False'
[0.805s] DEBUG:colcon.colcon_core.verb:Building package 'tortoisebot_firmware' with the following arguments: {'ament_cmake_args': None, 'build_base': '/home/olympusforge/ros2_frost/build/tortoisebot_firmware', 'catkin_cmake_args': None, 'catkin_skip_building_tests': False, 'cmake_args': None, 'cmake_clean_cache': False, 'cmake_clean_first': False, 'cmake_force_configure': False, 'cmake_target': None, 'cmake_target_skip_unavailable': False, 'install_base': '/home/olympusforge/ros2_frost/install/tortoisebot_firmware', 'merge_install': False, 'path': '/home/olympusforge/ros2_frost/src/tortoisebot/tortoisebot_firmware', 'symlink_install': True, 'test_result_base': None}
[0.805s] Level 5:colcon.colcon_core.verb:set package 'tortoisebot_gazebo' build argument 'cmake_args' from command line to 'None'
[0.805s] Level 5:colcon.colcon_core.verb:set package 'tortoisebot_gazebo' build argument 'cmake_target' from command line to 'None'
[0.805s] Level 5:colcon.colcon_core.verb:set package 'tortoisebot_gazebo' build argument 'cmake_target_skip_unavailable' from command line to 'False'
[0.805s] Level 5:colcon.colcon_core.verb:set package 'tortoisebot_gazebo' build argument 'cmake_clean_cache' from command line to 'False'
[0.805s] Level 5:colcon.colcon_core.verb:set package 'tortoisebot_gazebo' build argument 'cmake_clean_first' from command line to 'False'
[0.805s] Level 5:colcon.colcon_core.verb:set package 'tortoisebot_gazebo' build argument 'cmake_force_configure' from command line to 'False'
[0.805s] Level 5:colcon.colcon_core.verb:set package 'tortoisebot_gazebo' build argument 'ament_cmake_args' from command line to 'None'
[0.805s] Level 5:colcon.colcon_core.verb:set package 'tortoisebot_gazebo' build argument 'catkin_cmake_args' from command line to 'None'
[0.805s] Level 5:colcon.colcon_core.verb:set package 'tortoisebot_gazebo' build argument 'catkin_skip_building_tests' from command line to 'False'
[0.805s] DEBUG:colcon.colcon_core.verb:Building package 'tortoisebot_gazebo' with the following arguments: {'ament_cmake_args': None, 'build_base': '/home/olympusforge/ros2_frost/build/tortoisebot_gazebo', 'catkin_cmake_args': None, 'catkin_skip_building_tests': False, 'cmake_args': None, 'cmake_clean_cache': False, 'cmake_clean_first': False, 'cmake_force_configure': False, 'cmake_target': None, 'cmake_target_skip_unavailable': False, 'install_base': '/home/olympusforge/ros2_frost/install/tortoisebot_gazebo', 'merge_install': False, 'path': '/home/olympusforge/ros2_frost/src/tortoisebot/tortoisebot_gazebo', 'symlink_install': True, 'test_result_base': None}
[0.806s] Level 5:colcon.colcon_core.verb:set package 'tortoisebot_navigation' build argument 'cmake_args' from command line to 'None'
[0.806s] Level 5:colcon.colcon_core.verb:set package 'tortoisebot_navigation' build argument 'cmake_target' from command line to 'None'
[0.806s] Level 5:colcon.colcon_core.verb:set package 'tortoisebot_navigation' build argument 'cmake_target_skip_unavailable' from command line to 'False'
[0.806s] Level 5:colcon.colcon_core.verb:set package 'tortoisebot_navigation' build argument 'cmake_clean_cache' from command line to 'False'
[0.806s] Level 5:colcon.colcon_core.verb:set package 'tortoisebot_navigation' build argument 'cmake_clean_first' from command line to 'False'
[0.806s] Level 5:colcon.colcon_core.verb:set package 'tortoisebot_navigation' build argument 'cmake_force_configure' from command line to 'False'
[0.806s] Level 5:colcon.colcon_core.verb:set package 'tortoisebot_navigation' build argument 'ament_cmake_args' from command line to 'None'
[0.806s] Level 5:colcon.colcon_core.verb:set package 'tortoisebot_navigation' build argument 'catkin_cmake_args' from command line to 'None'
[0.806s] Level 5:colcon.colcon_core.verb:set package 'tortoisebot_navigation' build argument 'catkin_skip_building_tests' from command line to 'False'
[0.806s] DEBUG:colcon.colcon_core.verb:Building package 'tortoisebot_navigation' with the following arguments: {'ament_cmake_args': None, 'build_base': '/home/olympusforge/ros2_frost/build/tortoisebot_navigation', 'catkin_cmake_args': None, 'catkin_skip_building_tests': False, 'cmake_args': None, 'cmake_clean_cache': False, 'cmake_clean_first': False, 'cmake_force_configure': False, 'cmake_target': None, 'cmake_target_skip_unavailable': False, 'install_base': '/home/olympusforge/ros2_frost/install/tortoisebot_navigation', 'merge_install': False, 'path': '/home/olympusforge/ros2_frost/src/tortoisebot/tortoisebot_navigation', 'symlink_install': True, 'test_result_base': None}
[0.806s] Level 5:colcon.colcon_core.verb:set package 'tortoisebot_slam' build argument 'cmake_args' from command line to 'None'
[0.806s] Level 5:colcon.colcon_core.verb:set package 'tortoisebot_slam' build argument 'cmake_target' from command line to 'None'
[0.806s] Level 5:colcon.colcon_core.verb:set package 'tortoisebot_slam' build argument 'cmake_target_skip_unavailable' from command line to 'False'
[0.806s] Level 5:colcon.colcon_core.verb:set package 'tortoisebot_slam' build argument 'cmake_clean_cache' from command line to 'False'
[0.806s] Level 5:colcon.colcon_core.verb:set package 'tortoisebot_slam' build argument 'cmake_clean_first' from command line to 'False'
[0.806s] Level 5:colcon.colcon_core.verb:set package 'tortoisebot_slam' build argument 'cmake_force_configure' from command line to 'False'
[0.806s] Level 5:colcon.colcon_core.verb:set package 'tortoisebot_slam' build argument 'ament_cmake_args' from command line to 'None'
[0.806s] Level 5:colcon.colcon_core.verb:set package 'tortoisebot_slam' build argument 'catkin_cmake_args' from command line to 'None'
[0.806s] Level 5:colcon.colcon_core.verb:set package 'tortoisebot_slam' build argument 'catkin_skip_building_tests' from command line to 'False'
[0.806s] DEBUG:colcon.colcon_core.verb:Building package 'tortoisebot_slam' with the following arguments: {'ament_cmake_args': None, 'build_base': '/home/olympusforge/ros2_frost/build/tortoisebot_slam', 'catkin_cmake_args': None, 'catkin_skip_building_tests': False, 'cmake_args': None, 'cmake_clean_cache': False, 'cmake_clean_first': False, 'cmake_force_configure': False, 'cmake_target': None, 'cmake_target_skip_unavailable': False, 'install_base': '/home/olympusforge/ros2_frost/install/tortoisebot_slam', 'merge_install': False, 'path': '/home/olympusforge/ros2_frost/src/tortoisebot/tortoisebot_slam', 'symlink_install': True, 'test_result_base': None}
[0.806s] Level 5:colcon.colcon_core.verb:set package 'v4l2_camera' build argument 'cmake_args' from command line to 'None'
[0.806s] Level 5:colcon.colcon_core.verb:set package 'v4l2_camera' build argument 'cmake_target' from command line to 'None'
[0.806s] Level 5:colcon.colcon_core.verb:set package 'v4l2_camera' build argument 'cmake_target_skip_unavailable' from command line to 'False'
[0.806s] Level 5:colcon.colcon_core.verb:set package 'v4l2_camera' build argument 'cmake_clean_cache' from command line to 'False'
[0.806s] Level 5:colcon.colcon_core.verb:set package 'v4l2_camera' build argument 'cmake_clean_first' from command line to 'False'
[0.806s] Level 5:colcon.colcon_core.verb:set package 'v4l2_camera' build argument 'cmake_force_configure' from command line to 'False'
[0.806s] Level 5:colcon.colcon_core.verb:set package 'v4l2_camera' build argument 'ament_cmake_args' from command line to 'None'
[0.806s] Level 5:colcon.colcon_core.verb:set package 'v4l2_camera' build argument 'catkin_cmake_args' from command line to 'None'
[0.806s] Level 5:colcon.colcon_core.verb:set package 'v4l2_camera' build argument 'catkin_skip_building_tests' from command line to 'False'
[0.806s] DEBUG:colcon.colcon_core.verb:Building package 'v4l2_camera' with the following arguments: {'ament_cmake_args': None, 'build_base': '/home/olympusforge/ros2_frost/build/v4l2_camera', 'catkin_cmake_args': None, 'catkin_skip_building_tests': False, 'cmake_args': None, 'cmake_clean_cache': False, 'cmake_clean_first': False, 'cmake_force_configure': False, 'cmake_target': None, 'cmake_target_skip_unavailable': False, 'install_base': '/home/olympusforge/ros2_frost/install/v4l2_camera', 'merge_install': False, 'path': '/home/olympusforge/ros2_frost/src/tortoisebot/v4l2_camera', 'symlink_install': True, 'test_result_base': None}
[0.807s] Level 5:colcon.colcon_core.verb:set package 'ydlidar_ros2_driver' build argument 'cmake_args' from command line to 'None'
[0.807s] Level 5:colcon.colcon_core.verb:set package 'ydlidar_ros2_driver' build argument 'cmake_target' from command line to 'None'
[0.807s] Level 5:colcon.colcon_core.verb:set package 'ydlidar_ros2_driver' build argument 'cmake_target_skip_unavailable' from command line to 'False'
[0.807s] Level 5:colcon.colcon_core.verb:set package 'ydlidar_ros2_driver' build argument 'cmake_clean_cache' from command line to 'False'
[0.807s] Level 5:colcon.colcon_core.verb:set package 'ydlidar_ros2_driver' build argument 'cmake_clean_first' from command line to 'False'
[0.807s] Level 5:colcon.colcon_core.verb:set package 'ydlidar_ros2_driver' build argument 'cmake_force_configure' from command line to 'False'
[0.807s] Level 5:colcon.colcon_core.verb:set package 'ydlidar_ros2_driver' build argument 'ament_cmake_args' from command line to 'None'
[0.807s] Level 5:colcon.colcon_core.verb:set package 'ydlidar_ros2_driver' build argument 'catkin_cmake_args' from command line to 'None'
[0.807s] Level 5:colcon.colcon_core.verb:set package 'ydlidar_ros2_driver' build argument 'catkin_skip_building_tests' from command line to 'False'
[0.807s] DEBUG:colcon.colcon_core.verb:Building package 'ydlidar_ros2_driver' with the following arguments: {'ament_cmake_args': None, 'build_base': '/home/olympusforge/ros2_frost/build/ydlidar_ros2_driver', 'catkin_cmake_args': None, 'catkin_skip_building_tests': False, 'cmake_args': None, 'cmake_clean_cache': False, 'cmake_clean_first': False, 'cmake_force_configure': False, 'cmake_target': None, 'cmake_target_skip_unavailable': False, 'install_base': '/home/olympusforge/ros2_frost/install/ydlidar_ros2_driver', 'merge_install': False, 'path': '/home/olympusforge/ros2_frost/src/tortoisebot/ydlidar_ros2_driver', 'symlink_install': True, 'test_result_base': None}
[0.807s] Level 5:colcon.colcon_core.verb:set package 'ydlidar_sdk' build argument 'cmake_args' from command line to 'None'
[0.807s] Level 5:colcon.colcon_core.verb:set package 'ydlidar_sdk' build argument 'cmake_target' from command line to 'None'
[0.807s] Level 5:colcon.colcon_core.verb:set package 'ydlidar_sdk' build argument 'cmake_target_skip_unavailable' from command line to 'False'
[0.807s] Level 5:colcon.colcon_core.verb:set package 'ydlidar_sdk' build argument 'cmake_clean_cache' from command line to 'False'
[0.807s] Level 5:colcon.colcon_core.verb:set package 'ydlidar_sdk' build argument 'cmake_clean_first' from command line to 'False'
[0.807s] Level 5:colcon.colcon_core.verb:set package 'ydlidar_sdk' build argument 'cmake_force_configure' from command line to 'False'
[0.807s] Level 5:colcon.colcon_core.verb:set package 'ydlidar_sdk' build argument 'ament_cmake_args' from command line to 'None'
[0.807s] Level 5:colcon.colcon_core.verb:set package 'ydlidar_sdk' build argument 'catkin_cmake_args' from command line to 'None'
[0.807s] Level 5:colcon.colcon_core.verb:set package 'ydlidar_sdk' build argument 'catkin_skip_building_tests' from command line to 'False'
[0.807s] DEBUG:colcon.colcon_core.verb:Building package 'ydlidar_sdk' with the following arguments: {'ament_cmake_args': None, 'build_base': '/home/olympusforge/ros2_frost/build/ydlidar_sdk', 'catkin_cmake_args': None, 'catkin_skip_building_tests': False, 'cmake_args': None, 'cmake_clean_cache': False, 'cmake_clean_first': False, 'cmake_force_configure': False, 'cmake_target': None, 'cmake_target_skip_unavailable': False, 'install_base': '/home/olympusforge/ros2_frost/install/ydlidar_sdk', 'merge_install': False, 'path': '/home/olympusforge/ros2_frost/src/tortoisebot/YDLidar-SDK', 'symlink_install': True, 'test_result_base': None}
[0.807s] INFO:colcon.colcon_core.executor:Executing jobs using 'parallel' executor
[0.808s] DEBUG:colcon.colcon_parallel_executor.executor.parallel:run_until_complete
[0.808s] INFO:colcon.colcon_ros.task.ament_cmake.build:Building ROS package in '/home/olympusforge/ros2_frost/src/tortoisebot/tortoisebot_bringup' with build type 'ament_cmake'
[0.808s] INFO:colcon.colcon_cmake.task.cmake.build:Building CMake package in '/home/olympusforge/ros2_frost/src/tortoisebot/tortoisebot_bringup'
[0.820s] INFO:colcon.colcon_core.plugin_system:Skipping extension 'colcon_core.shell.bat': Not used on non-Windows systems
[0.820s] INFO:colcon.colcon_core.shell:Skip shell extension 'powershell' for command environment: Not usable outside of PowerShell
[0.820s] DEBUG:colcon.colcon_core.shell:Skip shell extension 'dsv' for command environment
[0.827s] INFO:colcon.colcon_ros.task.ament_python.build:Building ROS package in '/home/olympusforge/ros2_frost/src/tortoisebot/tortoisebot_control' with build type 'ament_python'
[0.827s] Level 1:colcon.colcon_core.shell:create_environment_hook('tortoisebot_control', 'ament_prefix_path')
[0.827s] INFO:colcon.colcon_core.shell:Creating environment hook '/home/olympusforge/ros2_frost/install/tortoisebot_control/share/tortoisebot_control/hook/ament_prefix_path.ps1'
[0.830s] INFO:colcon.colcon_core.shell:Creating environment descriptor '/home/olympusforge/ros2_frost/install/tortoisebot_control/share/tortoisebot_control/hook/ament_prefix_path.dsv'
[0.831s] INFO:colcon.colcon_core.shell:Creating environment hook '/home/olympusforge/ros2_frost/install/tortoisebot_control/share/tortoisebot_control/hook/ament_prefix_path.sh'
[0.832s] INFO:colcon.colcon_core.shell:Skip shell extension 'powershell' for command environment: Not usable outside of PowerShell
[0.832s] DEBUG:colcon.colcon_core.shell:Skip shell extension 'dsv' for command environment
[0.836s] INFO:colcon.colcon_ros.task.ament_cmake.build:Building ROS package in '/home/olympusforge/ros2_frost/src/tortoisebot/tortoisebot_description' with build type 'ament_cmake'
[0.836s] INFO:colcon.colcon_cmake.task.cmake.build:Building CMake package in '/home/olympusforge/ros2_frost/src/tortoisebot/tortoisebot_description'
[0.836s] INFO:colcon.colcon_core.shell:Skip shell extension 'powershell' for command environment: Not usable outside of PowerShell
[0.836s] DEBUG:colcon.colcon_core.shell:Skip shell extension 'dsv' for command environment
[0.842s] INFO:colcon.colcon_ros.task.ament_cmake.build:Building ROS package in '/home/olympusforge/ros2_frost/src/tortoisebot/tortoisebot_firmware' with build type 'ament_cmake'
[0.842s] INFO:colcon.colcon_cmake.task.cmake.build:Building CMake package in '/home/olympusforge/ros2_frost/src/tortoisebot/tortoisebot_firmware'
[0.847s] INFO:colcon.colcon_core.shell:Skip shell extension 'powershell' for command environment: Not usable outside of PowerShell
[0.847s] DEBUG:colcon.colcon_core.shell:Skip shell extension 'dsv' for command environment
[0.874s] INFO:colcon.colcon_ros.task.ament_cmake.build:Building ROS package in '/home/olympusforge/ros2_frost/src/tortoisebot/tortoisebot_gazebo' with build type 'ament_cmake'
[0.874s] INFO:colcon.colcon_cmake.task.cmake.build:Building CMake package in '/home/olympusforge/ros2_frost/src/tortoisebot/tortoisebot_gazebo'
[0.874s] INFO:colcon.colcon_core.shell:Skip shell extension 'powershell' for command environment: Not usable outside of PowerShell
[0.875s] DEBUG:colcon.colcon_core.shell:Skip shell extension 'dsv' for command environment
[0.881s] INFO:colcon.colcon_ros.task.ament_cmake.build:Building ROS package in '/home/olympusforge/ros2_frost/src/tortoisebot/tortoisebot_navigation' with build type 'ament_cmake'
[0.881s] INFO:colcon.colcon_cmake.task.cmake.build:Building CMake package in '/home/olympusforge/ros2_frost/src/tortoisebot/tortoisebot_navigation'
[0.881s] INFO:colcon.colcon_core.shell:Skip shell extension 'powershell' for command environment: Not usable outside of PowerShell
[0.881s] DEBUG:colcon.colcon_core.shell:Skip shell extension 'dsv' for command environment
[0.884s] INFO:colcon.colcon_ros.task.ament_cmake.build:Building ROS package in '/home/olympusforge/ros2_frost/src/tortoisebot/tortoisebot_slam' with build type 'ament_cmake'
[0.884s] INFO:colcon.colcon_cmake.task.cmake.build:Building CMake package in '/home/olympusforge/ros2_frost/src/tortoisebot/tortoisebot_slam'
[0.884s] INFO:colcon.colcon_core.shell:Skip shell extension 'powershell' for command environment: Not usable outside of PowerShell
[0.884s] DEBUG:colcon.colcon_core.shell:Skip shell extension 'dsv' for command environment
[0.890s] INFO:colcon.colcon_ros.task.ament_cmake.build:Building ROS package in '/home/olympusforge/ros2_frost/src/tortoisebot/v4l2_camera' with build type 'ament_cmake'
[0.890s] INFO:colcon.colcon_cmake.task.cmake.build:Building CMake package in '/home/olympusforge/ros2_frost/src/tortoisebot/v4l2_camera'
[0.890s] INFO:colcon.colcon_core.shell:Skip shell extension 'powershell' for command environment: Not usable outside of PowerShell
[0.890s] DEBUG:colcon.colcon_core.shell:Skip shell extension 'dsv' for command environment
[0.909s] DEBUG:colcon.colcon_core.event_handler.log_command:Invoking command in '/home/olympusforge/ros2_frost/build/tortoisebot_bringup': CMAKE_PREFIX_PATH=${CMAKE_PREFIX_PATH}:/home/olympusforge/ros2_frost/install/tortoisebot_control:/opt/ros/humble /usr/bin/cmake /home/olympusforge/ros2_frost/src/tortoisebot/tortoisebot_bringup -DAMENT_CMAKE_SYMLINK_INSTALL=1 -DCMAKE_INSTALL_PREFIX=/home/olympusforge/ros2_frost/install/tortoisebot_bringup
[1.232s] INFO:colcon.colcon_core.task.python.build:Building Python package in '/home/olympusforge/ros2_frost/src/tortoisebot/tortoisebot_control'
[1.233s] INFO:colcon.colcon_core.shell:Skip shell extension 'powershell' for command environment: Not usable outside of PowerShell
[1.233s] DEBUG:colcon.colcon_core.shell:Skip shell extension 'dsv' for command environment
[1.249s] DEBUG:colcon.colcon_core.event_handler.log_command:Invoking command in '/home/olympusforge/ros2_frost/build/tortoisebot_description': CMAKE_PREFIX_PATH=${CMAKE_PREFIX_PATH}:/home/olympusforge/ros2_frost/install/tortoisebot_control:/opt/ros/humble /usr/bin/cmake /home/olympusforge/ros2_frost/src/tortoisebot/tortoisebot_description -DAMENT_CMAKE_SYMLINK_INSTALL=1 -DCMAKE_INSTALL_PREFIX=/home/olympusforge/ros2_frost/install/tortoisebot_description
[1.256s] DEBUG:colcon.colcon_core.event_handler.log_command:Invoking command in '/home/olympusforge/ros2_frost/build/tortoisebot_firmware': CMAKE_PREFIX_PATH=${CMAKE_PREFIX_PATH}:/home/olympusforge/ros2_frost/install/tortoisebot_control:/opt/ros/humble /usr/bin/cmake /home/olympusforge/ros2_frost/src/tortoisebot/tortoisebot_firmware -DAMENT_CMAKE_SYMLINK_INSTALL=1 -DCMAKE_INSTALL_PREFIX=/home/olympusforge/ros2_frost/install/tortoisebot_firmware
[1.270s] DEBUG:colcon.colcon_core.event_handler.log_command:Invoking command in '/home/olympusforge/ros2_frost/build/tortoisebot_gazebo': CMAKE_PREFIX_PATH=${CMAKE_PREFIX_PATH}:/home/olympusforge/ros2_frost/install/tortoisebot_control:/opt/ros/humble /usr/bin/cmake /home/olympusforge/ros2_frost/src/tortoisebot/tortoisebot_gazebo -DAMENT_CMAKE_SYMLINK_INSTALL=1 -DCMAKE_INSTALL_PREFIX=/home/olympusforge/ros2_frost/install/tortoisebot_gazebo
[1.301s] DEBUG:colcon.colcon_core.event_handler.log_command:Invoking command in '/home/olympusforge/ros2_frost/build/tortoisebot_navigation': CMAKE_PREFIX_PATH=${CMAKE_PREFIX_PATH}:/home/olympusforge/ros2_frost/install/tortoisebot_control:/opt/ros/humble /usr/bin/cmake /home/olympusforge/ros2_frost/src/tortoisebot/tortoisebot_navigation -DAMENT_CMAKE_SYMLINK_INSTALL=1 -DCMAKE_INSTALL_PREFIX=/home/olympusforge/ros2_frost/install/tortoisebot_navigation
[1.311s] DEBUG:colcon.colcon_core.event_handler.log_command:Invoking command in '/home/olympusforge/ros2_frost/build/tortoisebot_slam': CMAKE_PREFIX_PATH=${CMAKE_PREFIX_PATH}:/home/olympusforge/ros2_frost/install/tortoisebot_control:/opt/ros/humble /usr/bin/cmake /home/olympusforge/ros2_frost/src/tortoisebot/tortoisebot_slam -DAMENT_CMAKE_SYMLINK_INSTALL=1 -DCMAKE_INSTALL_PREFIX=/home/olympusforge/ros2_frost/install/tortoisebot_slam
[1.400s] DEBUG:colcon.colcon_core.event_handler.log_command:Invoking command in '/home/olympusforge/ros2_frost/build/v4l2_camera': CMAKE_PREFIX_PATH=${CMAKE_PREFIX_PATH}:/home/olympusforge/ros2_frost/install/tortoisebot_control:/opt/ros/humble /usr/bin/cmake /home/olympusforge/ros2_frost/src/tortoisebot/v4l2_camera -DAMENT_CMAKE_SYMLINK_INSTALL=1 -DCMAKE_INSTALL_PREFIX=/home/olympusforge/ros2_frost/install/v4l2_camera
[2.456s] DEBUG:colcon.colcon_core.event_handler.log_command:Invoked command in '/home/olympusforge/ros2_frost/build/tortoisebot_description' returned '0': CMAKE_PREFIX_PATH=${CMAKE_PREFIX_PATH}:/home/olympusforge/ros2_frost/install/tortoisebot_control:/opt/ros/humble /usr/bin/cmake /home/olympusforge/ros2_frost/src/tortoisebot/tortoisebot_description -DAMENT_CMAKE_SYMLINK_INSTALL=1 -DCMAKE_INSTALL_PREFIX=/home/olympusforge/ros2_frost/install/tortoisebot_description
[2.460s] DEBUG:colcon.colcon_core.event_handler.log_command:Invoking command in '/home/olympusforge/ros2_frost/build/tortoisebot_description': CMAKE_PREFIX_PATH=${CMAKE_PREFIX_PATH}:/home/olympusforge/ros2_frost/install/tortoisebot_control:/opt/ros/humble /usr/bin/cmake --build /home/olympusforge/ros2_frost/build/tortoisebot_description -- -j8 -l8
[2.603s] DEBUG:colcon.colcon_core.event_handler.log_command:Invoked command in '/home/olympusforge/ros2_frost/build/tortoisebot_gazebo' returned '0': CMAKE_PREFIX_PATH=${CMAKE_PREFIX_PATH}:/home/olympusforge/ros2_frost/install/tortoisebot_control:/opt/ros/humble /usr/bin/cmake /home/olympusforge/ros2_frost/src/tortoisebot/tortoisebot_gazebo -DAMENT_CMAKE_SYMLINK_INSTALL=1 -DCMAKE_INSTALL_PREFIX=/home/olympusforge/ros2_frost/install/tortoisebot_gazebo
[2.603s] DEBUG:colcon.colcon_core.event_handler.log_command:Invoking command in '/home/olympusforge/ros2_frost/build/tortoisebot_gazebo': CMAKE_PREFIX_PATH=${CMAKE_PREFIX_PATH}:/home/olympusforge/ros2_frost/install/tortoisebot_control:/opt/ros/humble /usr/bin/cmake --build /home/olympusforge/ros2_frost/build/tortoisebot_gazebo -- -j8 -l8
[2.699s] DEBUG:colcon.colcon_core.event_handler.log_command:Invoked command in '/home/olympusforge/ros2_frost/build/tortoisebot_bringup' returned '0': CMAKE_PREFIX_PATH=${CMAKE_PREFIX_PATH}:/home/olympusforge/ros2_frost/install/tortoisebot_control:/opt/ros/humble /usr/bin/cmake /home/olympusforge/ros2_frost/src/tortoisebot/tortoisebot_bringup -DAMENT_CMAKE_SYMLINK_INSTALL=1 -DCMAKE_INSTALL_PREFIX=/home/olympusforge/ros2_frost/install/tortoisebot_bringup
[2.700s] DEBUG:colcon.colcon_core.event_handler.log_command:Invoking command in '/home/olympusforge/ros2_frost/build/tortoisebot_bringup': CMAKE_PREFIX_PATH=${CMAKE_PREFIX_PATH}:/home/olympusforge/ros2_frost/install/tortoisebot_control:/opt/ros/humble /usr/bin/cmake --build /home/olympusforge/ros2_frost/build/tortoisebot_bringup -- -j8 -l8
[2.736s] DEBUG:colcon.colcon_core.event_handler.log_command:Invoked command in '/home/olympusforge/ros2_frost/build/tortoisebot_slam' returned '0': CMAKE_PREFIX_PATH=${CMAKE_PREFIX_PATH}:/home/olympusforge/ros2_frost/install/tortoisebot_control:/opt/ros/humble /usr/bin/cmake /home/olympusforge/ros2_frost/src/tortoisebot/tortoisebot_slam -DAMENT_CMAKE_SYMLINK_INSTALL=1 -DCMAKE_INSTALL_PREFIX=/home/olympusforge/ros2_frost/install/tortoisebot_slam
[2.739s] DEBUG:colcon.colcon_core.event_handler.log_command:Invoking command in '/home/olympusforge/ros2_frost/build/tortoisebot_slam': CMAKE_PREFIX_PATH=${CMAKE_PREFIX_PATH}:/home/olympusforge/ros2_frost/install/tortoisebot_control:/opt/ros/humble /usr/bin/cmake --build /home/olympusforge/ros2_frost/build/tortoisebot_slam -- -j8 -l8
[2.763s] DEBUG:colcon.colcon_core.event_handler.log_command:Invoked command in '/home/olympusforge/ros2_frost/build/tortoisebot_navigation' returned '0': CMAKE_PREFIX_PATH=${CMAKE_PREFIX_PATH}:/home/olympusforge/ros2_frost/install/tortoisebot_control:/opt/ros/humble /usr/bin/cmake /home/olympusforge/ros2_frost/src/tortoisebot/tortoisebot_navigation -DAMENT_CMAKE_SYMLINK_INSTALL=1 -DCMAKE_INSTALL_PREFIX=/home/olympusforge/ros2_frost/install/tortoisebot_navigation
[2.765s] DEBUG:colcon.colcon_core.event_handler.log_command:Invoking command in '/home/olympusforge/ros2_frost/build/tortoisebot_navigation': CMAKE_PREFIX_PATH=${CMAKE_PREFIX_PATH}:/home/olympusforge/ros2_frost/install/tortoisebot_control:/opt/ros/humble /usr/bin/cmake --build /home/olympusforge/ros2_frost/build/tortoisebot_navigation -- -j8 -l8
[2.807s] DEBUG:colcon.colcon_core.event_handler.log_command:Invoked command in '/home/olympusforge/ros2_frost/build/tortoisebot_description' returned '0': CMAKE_PREFIX_PATH=${CMAKE_PREFIX_PATH}:/home/olympusforge/ros2_frost/install/tortoisebot_control:/opt/ros/humble /usr/bin/cmake --build /home/olympusforge/ros2_frost/build/tortoisebot_description -- -j8 -l8
[2.889s] DEBUG:colcon.colcon_core.event_handler.log_command:Invoking command in '/home/olympusforge/ros2_frost/build/tortoisebot_description': CMAKE_PREFIX_PATH=${CMAKE_PREFIX_PATH}:/home/olympusforge/ros2_frost/install/tortoisebot_control:/opt/ros/humble /usr/bin/cmake --install /home/olympusforge/ros2_frost/build/tortoisebot_description
[2.896s] DEBUG:colcon.colcon_core.event_handler.log_command:Invoked command in '/home/olympusforge/ros2_frost/build/tortoisebot_gazebo' returned '0': CMAKE_PREFIX_PATH=${CMAKE_PREFIX_PATH}:/home/olympusforge/ros2_frost/install/tortoisebot_control:/opt/ros/humble /usr/bin/cmake --build /home/olympusforge/ros2_frost/build/tortoisebot_gazebo -- -j8 -l8
[2.898s] DEBUG:colcon.colcon_core.event_handler.log_command:Invoking command in '/home/olympusforge/ros2_frost/build/tortoisebot_gazebo': CMAKE_PREFIX_PATH=${CMAKE_PREFIX_PATH}:/home/olympusforge/ros2_frost/install/tortoisebot_control:/opt/ros/humble /usr/bin/cmake --install /home/olympusforge/ros2_frost/build/tortoisebot_gazebo
[2.903s] DEBUG:colcon.colcon_core.event_handler.log_command:Invoked command in '/home/olympusforge/ros2_frost/build/tortoisebot_bringup' returned '0': CMAKE_PREFIX_PATH=${CMAKE_PREFIX_PATH}:/home/olympusforge/ros2_frost/install/tortoisebot_control:/opt/ros/humble /usr/bin/cmake --build /home/olympusforge/ros2_frost/build/tortoisebot_bringup -- -j8 -l8
[2.954s] DEBUG:colcon.colcon_core.event_handler.log_command:Invoking command in '/home/olympusforge/ros2_frost/build/tortoisebot_bringup': CMAKE_PREFIX_PATH=${CMAKE_PREFIX_PATH}:/home/olympusforge/ros2_frost/install/tortoisebot_control:/opt/ros/humble /usr/bin/cmake --install /home/olympusforge/ros2_frost/build/tortoisebot_bringup
[3.082s] DEBUG:colcon.colcon_core.event_handler.log_command:Invoked command in '/home/olympusforge/ros2_frost/build/tortoisebot_slam' returned '0': CMAKE_PREFIX_PATH=${CMAKE_PREFIX_PATH}:/home/olympusforge/ros2_frost/install/tortoisebot_control:/opt/ros/humble /usr/bin/cmake --build /home/olympusforge/ros2_frost/build/tortoisebot_slam -- -j8 -l8
[3.104s] DEBUG:colcon.colcon_core.event_handler.log_command:Invoking command in '/home/olympusforge/ros2_frost/build/tortoisebot_slam': CMAKE_PREFIX_PATH=${CMAKE_PREFIX_PATH}:/home/olympusforge/ros2_frost/install/tortoisebot_control:/opt/ros/humble /usr/bin/cmake --install /home/olympusforge/ros2_frost/build/tortoisebot_slam
[3.125s] DEBUG:colcon.colcon_core.event_handler.log_command:Invoked command in '/home/olympusforge/ros2_frost/build/tortoisebot_navigation' returned '0': CMAKE_PREFIX_PATH=${CMAKE_PREFIX_PATH}:/home/olympusforge/ros2_frost/install/tortoisebot_control:/opt/ros/humble /usr/bin/cmake --build /home/olympusforge/ros2_frost/build/tortoisebot_navigation -- -j8 -l8
[3.142s] Level 1:colcon.colcon_core.environment:create_environment_scripts_only(tortoisebot_gazebo)
[3.146s] DEBUG:colcon.colcon_core.event_handler.log_command:Invoking command in '/home/olympusforge/ros2_frost/build/tortoisebot_navigation': CMAKE_PREFIX_PATH=${CMAKE_PREFIX_PATH}:/home/olympusforge/ros2_frost/install/tortoisebot_control:/opt/ros/humble /usr/bin/cmake --install /home/olympusforge/ros2_frost/build/tortoisebot_navigation
[3.151s] DEBUG:colcon.colcon_core.event_handler.log_command:Invoked command in '/home/olympusforge/ros2_frost/build/tortoisebot_gazebo' returned '0': CMAKE_PREFIX_PATH=${CMAKE_PREFIX_PATH}:/home/olympusforge/ros2_frost/install/tortoisebot_control:/opt/ros/humble /usr/bin/cmake --install /home/olympusforge/ros2_frost/build/tortoisebot_gazebo
[3.222s] Level 1:colcon.colcon_core.environment:checking '/home/olympusforge/ros2_frost/install/tortoisebot_gazebo' for CMake module files
[3.222s] Level 1:colcon.colcon_core.environment:checking '/home/olympusforge/ros2_frost/install/tortoisebot_gazebo' for CMake config files
[3.223s] Level 1:colcon.colcon_core.shell:create_environment_hook('tortoisebot_gazebo', 'cmake_prefix_path')
[3.224s] INFO:colcon.colcon_core.shell:Creating environment hook '/home/olympusforge/ros2_frost/install/tortoisebot_gazebo/share/tortoisebot_gazebo/hook/cmake_prefix_path.ps1'
[3.225s] INFO:colcon.colcon_core.shell:Creating environment descriptor '/home/olympusforge/ros2_frost/install/tortoisebot_gazebo/share/tortoisebot_gazebo/hook/cmake_prefix_path.dsv'
[3.226s] INFO:colcon.colcon_core.shell:Creating environment hook '/home/olympusforge/ros2_frost/install/tortoisebot_gazebo/share/tortoisebot_gazebo/hook/cmake_prefix_path.sh'
[3.228s] Level 1:colcon.colcon_core.environment:checking '/home/olympusforge/ros2_frost/install/tortoisebot_gazebo/bin'
[3.228s] Level 1:colcon.colcon_core.environment:checking '/home/olympusforge/ros2_frost/install/tortoisebot_gazebo/lib/pkgconfig/tortoisebot_gazebo.pc'
[3.228s] Level 1:colcon.colcon_core.environment:checking '/home/olympusforge/ros2_frost/install/tortoisebot_gazebo/lib/python3.10/site-packages'
[3.228s] Level 1:colcon.colcon_core.environment:checking '/home/olympusforge/ros2_frost/install/tortoisebot_gazebo/bin'
[3.228s] INFO:colcon.colcon_core.shell:Creating package script '/home/olympusforge/ros2_frost/install/tortoisebot_gazebo/share/tortoisebot_gazebo/package.ps1'
[3.266s] INFO:colcon.colcon_core.shell:Creating package descriptor '/home/olympusforge/ros2_frost/install/tortoisebot_gazebo/share/tortoisebot_gazebo/package.dsv'
[3.325s] INFO:colcon.colcon_core.shell:Creating package script '/home/olympusforge/ros2_frost/install/tortoisebot_gazebo/share/tortoisebot_gazebo/package.sh'
[3.341s] INFO:colcon.colcon_core.shell:Creating package script '/home/olympusforge/ros2_frost/install/tortoisebot_gazebo/share/tortoisebot_gazebo/package.bash'
[3.353s] INFO:colcon.colcon_core.shell:Creating package script '/home/olympusforge/ros2_frost/install/tortoisebot_gazebo/share/tortoisebot_gazebo/package.zsh'
[3.365s] Level 1:colcon.colcon_core.environment:create_file_with_runtime_dependencies(/home/olympusforge/ros2_frost/install/tortoisebot_gazebo/share/colcon-core/packages/tortoisebot_gazebo)
[3.365s] Level 1:colcon.colcon_core.environment:create_environment_scripts_only(tortoisebot_gazebo)
[3.368s] Level 1:colcon.colcon_core.environment:checking '/home/olympusforge/ros2_frost/install/tortoisebot_gazebo' for CMake module files
[3.369s] Level 1:colcon.colcon_core.environment:checking '/home/olympusforge/ros2_frost/install/tortoisebot_gazebo' for CMake config files
[3.369s] Level 1:colcon.colcon_core.shell:create_environment_hook('tortoisebot_gazebo', 'cmake_prefix_path')
[3.369s] INFO:colcon.colcon_core.shell:Creating environment hook '/home/olympusforge/ros2_frost/install/tortoisebot_gazebo/share/tortoisebot_gazebo/hook/cmake_prefix_path.ps1'
[3.371s] INFO:colcon.colcon_core.shell:Creating environment descriptor '/home/olympusforge/ros2_frost/install/tortoisebot_gazebo/share/tortoisebot_gazebo/hook/cmake_prefix_path.dsv'
[3.377s] INFO:colcon.colcon_core.shell:Creating environment hook '/home/olympusforge/ros2_frost/install/tortoisebot_gazebo/share/tortoisebot_gazebo/hook/cmake_prefix_path.sh'
[3.381s] Level 1:colcon.colcon_core.environment:checking '/home/olympusforge/ros2_frost/install/tortoisebot_gazebo/bin'
[3.381s] Level 1:colcon.colcon_core.environment:checking '/home/olympusforge/ros2_frost/install/tortoisebot_gazebo/lib/pkgconfig/tortoisebot_gazebo.pc'
[3.381s] Level 1:colcon.colcon_core.environment:checking '/home/olympusforge/ros2_frost/install/tortoisebot_gazebo/lib/python3.10/site-packages'
[3.385s] Level 1:colcon.colcon_core.environment:checking '/home/olympusforge/ros2_frost/install/tortoisebot_gazebo/bin'
[3.385s] INFO:colcon.colcon_core.shell:Creating package script '/home/olympusforge/ros2_frost/install/tortoisebot_gazebo/share/tortoisebot_gazebo/package.ps1'
[3.392s] INFO:colcon.colcon_core.shell:Creating package descriptor '/home/olympusforge/ros2_frost/install/tortoisebot_gazebo/share/tortoisebot_gazebo/package.dsv'
[3.402s] INFO:colcon.colcon_core.shell:Creating package script '/home/olympusforge/ros2_frost/install/tortoisebot_gazebo/share/tortoisebot_gazebo/package.sh'
[3.407s] INFO:colcon.colcon_core.shell:Creating package script '/home/olympusforge/ros2_frost/install/tortoisebot_gazebo/share/tortoisebot_gazebo/package.bash'
[3.414s] INFO:colcon.colcon_core.shell:Creating package script '/home/olympusforge/ros2_frost/install/tortoisebot_gazebo/share/tortoisebot_gazebo/package.zsh'
[3.422s] Level 1:colcon.colcon_core.environment:create_file_with_runtime_dependencies(/home/olympusforge/ros2_frost/install/tortoisebot_gazebo/share/colcon-core/packages/tortoisebot_gazebo)
[3.424s] Level 1:colcon.colcon_core.environment:create_environment_scripts_only(tortoisebot_bringup)
[3.426s] Level 1:colcon.colcon_core.environment:checking '/home/olympusforge/ros2_frost/install/tortoisebot_bringup' for CMake module files
[3.435s] Level 1:colcon.colcon_core.environment:checking '/home/olympusforge/ros2_frost/install/tortoisebot_bringup' for CMake config files
[3.436s] Level 1:colcon.colcon_core.shell:create_environment_hook('tortoisebot_bringup', 'cmake_prefix_path')
[3.436s] INFO:colcon.colcon_core.shell:Creating environment hook '/home/olympusforge/ros2_frost/install/tortoisebot_bringup/share/tortoisebot_bringup/hook/cmake_prefix_path.ps1'
[3.445s] DEBUG:colcon.colcon_core.event_handler.log_command:Invoked command in '/home/olympusforge/ros2_frost/build/tortoisebot_bringup' returned '0': CMAKE_PREFIX_PATH=${CMAKE_PREFIX_PATH}:/home/olympusforge/ros2_frost/install/tortoisebot_control:/opt/ros/humble /usr/bin/cmake --install /home/olympusforge/ros2_frost/build/tortoisebot_bringup
[3.447s] INFO:colcon.colcon_core.shell:Creating environment descriptor '/home/olympusforge/ros2_frost/install/tortoisebot_bringup/share/tortoisebot_bringup/hook/cmake_prefix_path.dsv'
[3.451s] INFO:colcon.colcon_core.shell:Creating environment hook '/home/olympusforge/ros2_frost/install/tortoisebot_bringup/share/tortoisebot_bringup/hook/cmake_prefix_path.sh'
[3.456s] Level 1:colcon.colcon_core.environment:checking '/home/olympusforge/ros2_frost/install/tortoisebot_bringup/bin'
[3.456s] Level 1:colcon.colcon_core.environment:checking '/home/olympusforge/ros2_frost/install/tortoisebot_bringup/lib/pkgconfig/tortoisebot_bringup.pc'
[3.459s] Level 1:colcon.colcon_core.environment:checking '/home/olympusforge/ros2_frost/install/tortoisebot_bringup/lib/python3.10/site-packages'
[3.459s] Level 1:colcon.colcon_core.environment:checking '/home/olympusforge/ros2_frost/install/tortoisebot_bringup/bin'
[3.460s] INFO:colcon.colcon_core.shell:Creating package script '/home/olympusforge/ros2_frost/install/tortoisebot_bringup/share/tortoisebot_bringup/package.ps1'
[3.462s] INFO:colcon.colcon_core.shell:Creating package descriptor '/home/olympusforge/ros2_frost/install/tortoisebot_bringup/share/tortoisebot_bringup/package.dsv'
[3.463s] INFO:colcon.colcon_core.shell:Creating package script '/home/olympusforge/ros2_frost/install/tortoisebot_bringup/share/tortoisebot_bringup/package.sh'
[3.464s] INFO:colcon.colcon_core.shell:Creating package script '/home/olympusforge/ros2_frost/install/tortoisebot_bringup/share/tortoisebot_bringup/package.bash'
[3.464s] INFO:colcon.colcon_core.shell:Creating package script '/home/olympusforge/ros2_frost/install/tortoisebot_bringup/share/tortoisebot_bringup/package.zsh'
[3.464s] Level 1:colcon.colcon_core.environment:create_file_with_runtime_dependencies(/home/olympusforge/ros2_frost/install/tortoisebot_bringup/share/colcon-core/packages/tortoisebot_bringup)
[3.465s] Level 1:colcon.colcon_core.environment:create_environment_scripts_only(tortoisebot_bringup)
[3.465s] Level 1:colcon.colcon_core.environment:checking '/home/olympusforge/ros2_frost/install/tortoisebot_bringup' for CMake module files
[3.466s] Level 1:colcon.colcon_core.environment:checking '/home/olympusforge/ros2_frost/install/tortoisebot_bringup' for CMake config files
[3.467s] Level 1:colcon.colcon_core.shell:create_environment_hook('tortoisebot_bringup', 'cmake_prefix_path')
[3.467s] INFO:colcon.colcon_core.shell:Creating environment hook '/home/olympusforge/ros2_frost/install/tortoisebot_bringup/share/tortoisebot_bringup/hook/cmake_prefix_path.ps1'
[3.468s] INFO:colcon.colcon_core.shell:Creating environment descriptor '/home/olympusforge/ros2_frost/install/tortoisebot_bringup/share/tortoisebot_bringup/hook/cmake_prefix_path.dsv'
[3.470s] INFO:colcon.colcon_core.shell:Creating environment hook '/home/olympusforge/ros2_frost/install/tortoisebot_bringup/share/tortoisebot_bringup/hook/cmake_prefix_path.sh'
[3.472s] Level 1:colcon.colcon_core.environment:checking '/home/olympusforge/ros2_frost/install/tortoisebot_bringup/bin'
[3.472s] Level 1:colcon.colcon_core.environment:checking '/home/olympusforge/ros2_frost/install/tortoisebot_bringup/lib/pkgconfig/tortoisebot_bringup.pc'
[3.472s] Level 1:colcon.colcon_core.environment:checking '/home/olympusforge/ros2_frost/install/tortoisebot_bringup/lib/python3.10/site-packages'
[3.472s] Level 1:colcon.colcon_core.environment:checking '/home/olympusforge/ros2_frost/install/tortoisebot_bringup/bin'
[3.472s] INFO:colcon.colcon_core.shell:Creating package script '/home/olympusforge/ros2_frost/install/tortoisebot_bringup/share/tortoisebot_bringup/package.ps1'
[3.480s] INFO:colcon.colcon_core.shell:Creating package descriptor '/home/olympusforge/ros2_frost/install/tortoisebot_bringup/share/tortoisebot_bringup/package.dsv'
[3.495s] INFO:colcon.colcon_core.shell:Creating package script '/home/olympusforge/ros2_frost/install/tortoisebot_bringup/share/tortoisebot_bringup/package.sh'
[3.499s] INFO:colcon.colcon_core.shell:Creating package script '/home/olympusforge/ros2_frost/install/tortoisebot_bringup/share/tortoisebot_bringup/package.bash'
[3.506s] INFO:colcon.colcon_core.shell:Creating package script '/home/olympusforge/ros2_frost/install/tortoisebot_bringup/share/tortoisebot_bringup/package.zsh'
[3.508s] Level 1:colcon.colcon_core.environment:create_file_with_runtime_dependencies(/home/olympusforge/ros2_frost/install/tortoisebot_bringup/share/colcon-core/packages/tortoisebot_bringup)
[3.508s] INFO:colcon.colcon_ros.task.ament_cmake.build:Building ROS package in '/home/olympusforge/ros2_frost/src/tortoisebot/ydlidar_ros2_driver' with build type 'ament_cmake'
[3.508s] INFO:colcon.colcon_cmake.task.cmake.build:Building CMake package in '/home/olympusforge/ros2_frost/src/tortoisebot/ydlidar_ros2_driver'
[3.509s] INFO:colcon.colcon_core.shell:Skip shell extension 'powershell' for command environment: Not usable outside of PowerShell
[3.510s] DEBUG:colcon.colcon_core.shell:Skip shell extension 'dsv' for command environment
[3.531s] INFO:colcon.colcon_cmake.task.cmake.build:Building CMake package in '/home/olympusforge/ros2_frost/src/tortoisebot/YDLidar-SDK'
[3.532s] INFO:colcon.colcon_core.shell:Skip shell extension 'powershell' for command environment: Not usable outside of PowerShell
[3.532s] DEBUG:colcon.colcon_core.shell:Skip shell extension 'dsv' for command environment
[3.567s] Level 1:colcon.colcon_core.environment:create_environment_scripts_only(tortoisebot_description)
[3.568s] Level 1:colcon.colcon_core.environment:checking '/home/olympusforge/ros2_frost/install/tortoisebot_description' for CMake module files
[3.568s] DEBUG:colcon.colcon_core.event_handler.log_command:Invoked command in '/home/olympusforge/ros2_frost/build/tortoisebot_description' returned '0': CMAKE_PREFIX_PATH=${CMAKE_PREFIX_PATH}:/home/olympusforge/ros2_frost/install/tortoisebot_control:/opt/ros/humble /usr/bin/cmake --install /home/olympusforge/ros2_frost/build/tortoisebot_description
[3.569s] Level 1:colcon.colcon_core.environment:checking '/home/olympusforge/ros2_frost/install/tortoisebot_description' for CMake config files
[3.569s] Level 1:colcon.colcon_core.shell:create_environment_hook('tortoisebot_description', 'cmake_prefix_path')
[3.570s] INFO:colcon.colcon_core.shell:Creating environment hook '/home/olympusforge/ros2_frost/install/tortoisebot_description/share/tortoisebot_description/hook/cmake_prefix_path.ps1'
[3.570s] INFO:colcon.colcon_core.shell:Creating environment descriptor '/home/olympusforge/ros2_frost/install/tortoisebot_description/share/tortoisebot_description/hook/cmake_prefix_path.dsv'
[3.571s] INFO:colcon.colcon_core.shell:Creating environment hook '/home/olympusforge/ros2_frost/install/tortoisebot_description/share/tortoisebot_description/hook/cmake_prefix_path.sh'
[3.572s] Level 1:colcon.colcon_core.environment:checking '/home/olympusforge/ros2_frost/install/tortoisebot_description/bin'
[3.572s] Level 1:colcon.colcon_core.environment:checking '/home/olympusforge/ros2_frost/install/tortoisebot_description/lib/pkgconfig/tortoisebot_description.pc'
[3.572s] Level 1:colcon.colcon_core.environment:checking '/home/olympusforge/ros2_frost/install/tortoisebot_description/lib/python3.10/site-packages'
[3.572s] Level 1:colcon.colcon_core.environment:checking '/home/olympusforge/ros2_frost/install/tortoisebot_description/bin'
[3.572s] INFO:colcon.colcon_core.shell:Creating package script '/home/olympusforge/ros2_frost/install/tortoisebot_description/share/tortoisebot_description/package.ps1'
[3.573s] INFO:colcon.colcon_core.shell:Creating package descriptor '/home/olympusforge/ros2_frost/install/tortoisebot_description/share/tortoisebot_description/package.dsv'
[3.574s] INFO:colcon.colcon_core.shell:Creating package script '/home/olympusforge/ros2_frost/install/tortoisebot_description/share/tortoisebot_description/package.sh'
[3.574s] INFO:colcon.colcon_core.shell:Creating package script '/home/olympusforge/ros2_frost/install/tortoisebot_description/share/tortoisebot_description/package.bash'
[3.575s] INFO:colcon.colcon_core.shell:Creating package script '/home/olympusforge/ros2_frost/install/tortoisebot_description/share/tortoisebot_description/package.zsh'
[3.589s] Level 1:colcon.colcon_core.environment:create_file_with_runtime_dependencies(/home/olympusforge/ros2_frost/install/tortoisebot_description/share/colcon-core/packages/tortoisebot_description)
[3.593s] Level 1:colcon.colcon_core.environment:create_environment_scripts_only(tortoisebot_description)
[3.593s] Level 1:colcon.colcon_core.environment:checking '/home/olympusforge/ros2_frost/install/tortoisebot_description' for CMake module files
[3.593s] Level 1:colcon.colcon_core.environment:checking '/home/olympusforge/ros2_frost/install/tortoisebot_description' for CMake config files
[3.595s] Level 1:colcon.colcon_core.shell:create_environment_hook('tortoisebot_description', 'cmake_prefix_path')
[3.595s] INFO:colcon.colcon_core.shell:Creating environment hook '/home/olympusforge/ros2_frost/install/tortoisebot_description/share/tortoisebot_description/hook/cmake_prefix_path.ps1'
[3.606s] INFO:colcon.colcon_core.shell:Creating environment descriptor '/home/olympusforge/ros2_frost/install/tortoisebot_description/share/tortoisebot_description/hook/cmake_prefix_path.dsv'
[3.609s] INFO:colcon.colcon_core.shell:Creating environment hook '/home/olympusforge/ros2_frost/install/tortoisebot_description/share/tortoisebot_description/hook/cmake_prefix_path.sh'
[3.615s] Level 1:colcon.colcon_core.environment:checking '/home/olympusforge/ros2_frost/install/tortoisebot_description/bin'
[3.615s] Level 1:colcon.colcon_core.environment:checking '/home/olympusforge/ros2_frost/install/tortoisebot_description/lib/pkgconfig/tortoisebot_description.pc'
[3.616s] Level 1:colcon.colcon_core.environment:checking '/home/olympusforge/ros2_frost/install/tortoisebot_description/lib/python3.10/site-packages'
[3.617s] Level 1:colcon.colcon_core.environment:checking '/home/olympusforge/ros2_frost/install/tortoisebot_description/bin'
[3.617s] INFO:colcon.colcon_core.shell:Creating package script '/home/olympusforge/ros2_frost/install/tortoisebot_description/share/tortoisebot_description/package.ps1'
[3.620s] INFO:colcon.colcon_core.shell:Creating package descriptor '/home/olympusforge/ros2_frost/install/tortoisebot_description/share/tortoisebot_description/package.dsv'
[3.623s] INFO:colcon.colcon_core.shell:Creating package script '/home/olympusforge/ros2_frost/install/tortoisebot_description/share/tortoisebot_description/package.sh'
[3.624s] INFO:colcon.colcon_core.shell:Creating package script '/home/olympusforge/ros2_frost/install/tortoisebot_description/share/tortoisebot_description/package.bash'
[3.625s] INFO:colcon.colcon_core.shell:Creating package script '/home/olympusforge/ros2_frost/install/tortoisebot_description/share/tortoisebot_description/package.zsh'
[3.625s] Level 1:colcon.colcon_core.environment:create_file_with_runtime_dependencies(/home/olympusforge/ros2_frost/install/tortoisebot_description/share/colcon-core/packages/tortoisebot_description)
[3.633s] Level 1:colcon.colcon_core.environment:create_environment_scripts_only(tortoisebot_navigation)
[3.634s] Level 1:colcon.colcon_core.environment:checking '/home/olympusforge/ros2_frost/install/tortoisebot_navigation' for CMake module files
[3.634s] DEBUG:colcon.colcon_core.event_handler.log_command:Invoked command in '/home/olympusforge/ros2_frost/build/tortoisebot_navigation' returned '0': CMAKE_PREFIX_PATH=${CMAKE_PREFIX_PATH}:/home/olympusforge/ros2_frost/install/tortoisebot_control:/opt/ros/humble /usr/bin/cmake --install /home/olympusforge/ros2_frost/build/tortoisebot_navigation
[3.635s] Level 1:colcon.colcon_core.environment:checking '/home/olympusforge/ros2_frost/install/tortoisebot_navigation' for CMake config files
[3.635s] Level 1:colcon.colcon_core.shell:create_environment_hook('tortoisebot_navigation', 'cmake_prefix_path')
[3.635s] INFO:colcon.colcon_core.shell:Creating environment hook '/home/olympusforge/ros2_frost/install/tortoisebot_navigation/share/tortoisebot_navigation/hook/cmake_prefix_path.ps1'
[3.636s] INFO:colcon.colcon_core.shell:Creating environment descriptor '/home/olympusforge/ros2_frost/install/tortoisebot_navigation/share/tortoisebot_navigation/hook/cmake_prefix_path.dsv'
[3.636s] INFO:colcon.colcon_core.shell:Creating environment hook '/home/olympusforge/ros2_frost/install/tortoisebot_navigation/share/tortoisebot_navigation/hook/cmake_prefix_path.sh'
[3.638s] Level 1:colcon.colcon_core.environment:checking '/home/olympusforge/ros2_frost/install/tortoisebot_navigation/bin'
[3.638s] Level 1:colcon.colcon_core.environment:checking '/home/olympusforge/ros2_frost/install/tortoisebot_navigation/lib/pkgconfig/tortoisebot_navigation.pc'
[3.638s] Level 1:colcon.colcon_core.environment:checking '/home/olympusforge/ros2_frost/install/tortoisebot_navigation/lib/python3.10/site-packages'
[3.638s] Level 1:colcon.colcon_core.environment:checking '/home/olympusforge/ros2_frost/install/tortoisebot_navigation/bin'
[3.638s] INFO:colcon.colcon_core.shell:Creating package script '/home/olympusforge/ros2_frost/install/tortoisebot_navigation/share/tortoisebot_navigation/package.ps1'
[3.641s] INFO:colcon.colcon_core.shell:Creating package descriptor '/home/olympusforge/ros2_frost/install/tortoisebot_navigation/share/tortoisebot_navigation/package.dsv'
[3.641s] INFO:colcon.colcon_core.shell:Creating package script '/home/olympusforge/ros2_frost/install/tortoisebot_navigation/share/tortoisebot_navigation/package.sh'
[3.642s] INFO:colcon.colcon_core.shell:Creating package script '/home/olympusforge/ros2_frost/install/tortoisebot_navigation/share/tortoisebot_navigation/package.bash'
[3.643s] INFO:colcon.colcon_core.shell:Creating package script '/home/olympusforge/ros2_frost/install/tortoisebot_navigation/share/tortoisebot_navigation/package.zsh'
[3.643s] Level 1:colcon.colcon_core.environment:create_file_with_runtime_dependencies(/home/olympusforge/ros2_frost/install/tortoisebot_navigation/share/colcon-core/packages/tortoisebot_navigation)
[3.644s] Level 1:colcon.colcon_core.environment:create_environment_scripts_only(tortoisebot_navigation)
[3.644s] Level 1:colcon.colcon_core.environment:checking '/home/olympusforge/ros2_frost/install/tortoisebot_navigation' for CMake module files
[3.644s] Level 1:colcon.colcon_core.environment:checking '/home/olympusforge/ros2_frost/install/tortoisebot_navigation' for CMake config files
[3.644s] Level 1:colcon.colcon_core.shell:create_environment_hook('tortoisebot_navigation', 'cmake_prefix_path')
[3.644s] INFO:colcon.colcon_core.shell:Creating environment hook '/home/olympusforge/ros2_frost/install/tortoisebot_navigation/share/tortoisebot_navigation/hook/cmake_prefix_path.ps1'
[3.645s] INFO:colcon.colcon_core.shell:Creating environment descriptor '/home/olympusforge/ros2_frost/install/tortoisebot_navigation/share/tortoisebot_navigation/hook/cmake_prefix_path.dsv'
[3.645s] INFO:colcon.colcon_core.shell:Creating environment hook '/home/olympusforge/ros2_frost/install/tortoisebot_navigation/share/tortoisebot_navigation/hook/cmake_prefix_path.sh'
[3.646s] Level 1:colcon.colcon_core.environment:checking '/home/olympusforge/ros2_frost/install/tortoisebot_navigation/bin'
[3.647s] Level 1:colcon.colcon_core.environment:checking '/home/olympusforge/ros2_frost/install/tortoisebot_navigation/lib/pkgconfig/tortoisebot_navigation.pc'
[3.647s] Level 1:colcon.colcon_core.environment:checking '/home/olympusforge/ros2_frost/install/tortoisebot_navigation/lib/python3.10/site-packages'
[3.647s] Level 1:colcon.colcon_core.environment:checking '/home/olympusforge/ros2_frost/install/tortoisebot_navigation/bin'
[3.647s] INFO:colcon.colcon_core.shell:Creating package script '/home/olympusforge/ros2_frost/install/tortoisebot_navigation/share/tortoisebot_navigation/package.ps1'
[3.668s] INFO:colcon.colcon_core.shell:Creating package descriptor '/home/olympusforge/ros2_frost/install/tortoisebot_navigation/share/tortoisebot_navigation/package.dsv'
[3.673s] INFO:colcon.colcon_core.shell:Creating package script '/home/olympusforge/ros2_frost/install/tortoisebot_navigation/share/tortoisebot_navigation/package.sh'
[3.675s] INFO:colcon.colcon_core.shell:Creating package script '/home/olympusforge/ros2_frost/install/tortoisebot_navigation/share/tortoisebot_navigation/package.bash'
[3.679s] INFO:colcon.colcon_core.shell:Creating package script '/home/olympusforge/ros2_frost/install/tortoisebot_navigation/share/tortoisebot_navigation/package.zsh'
[3.680s] Level 1:colcon.colcon_core.environment:create_file_with_runtime_dependencies(/home/olympusforge/ros2_frost/install/tortoisebot_navigation/share/colcon-core/packages/tortoisebot_navigation)
[3.682s] Level 1:colcon.colcon_core.environment:create_environment_scripts_only(tortoisebot_slam)
[3.682s] Level 1:colcon.colcon_core.environment:checking '/home/olympusforge/ros2_frost/install/tortoisebot_slam' for CMake module files
[3.683s] Level 1:colcon.colcon_core.environment:checking '/home/olympusforge/ros2_frost/install/tortoisebot_slam' for CMake config files
[3.683s] Level 1:colcon.colcon_core.shell:create_environment_hook('tortoisebot_slam', 'cmake_prefix_path')
[3.684s] INFO:colcon.colcon_core.shell:Creating environment hook '/home/olympusforge/ros2_frost/install/tortoisebot_slam/share/tortoisebot_slam/hook/cmake_prefix_path.ps1'
[3.685s] DEBUG:colcon.colcon_core.event_handler.log_command:Invoked command in '/home/olympusforge/ros2_frost/build/tortoisebot_slam' returned '0': CMAKE_PREFIX_PATH=${CMAKE_PREFIX_PATH}:/home/olympusforge/ros2_frost/install/tortoisebot_control:/opt/ros/humble /usr/bin/cmake --install /home/olympusforge/ros2_frost/build/tortoisebot_slam
[3.685s] INFO:colcon.colcon_core.shell:Creating environment descriptor '/home/olympusforge/ros2_frost/install/tortoisebot_slam/share/tortoisebot_slam/hook/cmake_prefix_path.dsv'
[3.688s] INFO:colcon.colcon_core.shell:Creating environment hook '/home/olympusforge/ros2_frost/install/tortoisebot_slam/share/tortoisebot_slam/hook/cmake_prefix_path.sh'
[3.692s] Level 1:colcon.colcon_core.environment:checking '/home/olympusforge/ros2_frost/install/tortoisebot_slam/bin'
[3.692s] Level 1:colcon.colcon_core.environment:checking '/home/olympusforge/ros2_frost/install/tortoisebot_slam/lib/pkgconfig/tortoisebot_slam.pc'
[3.697s] Level 1:colcon.colcon_core.environment:checking '/home/olympusforge/ros2_frost/install/tortoisebot_slam/lib/python3.10/site-packages'
[3.697s] Level 1:colcon.colcon_core.environment:checking '/home/olympusforge/ros2_frost/install/tortoisebot_slam/bin'
[3.699s] INFO:colcon.colcon_core.shell:Creating package script '/home/olympusforge/ros2_frost/install/tortoisebot_slam/share/tortoisebot_slam/package.ps1'
[3.701s] INFO:colcon.colcon_core.shell:Creating package descriptor '/home/olympusforge/ros2_frost/install/tortoisebot_slam/share/tortoisebot_slam/package.dsv'
[3.702s] INFO:colcon.colcon_core.shell:Creating package script '/home/olympusforge/ros2_frost/install/tortoisebot_slam/share/tortoisebot_slam/package.sh'
[3.711s] INFO:colcon.colcon_core.shell:Creating package script '/home/olympusforge/ros2_frost/install/tortoisebot_slam/share/tortoisebot_slam/package.bash'
[3.736s] INFO:colcon.colcon_core.shell:Creating package script '/home/olympusforge/ros2_frost/install/tortoisebot_slam/share/tortoisebot_slam/package.zsh'
[3.736s] Level 1:colcon.colcon_core.environment:create_file_with_runtime_dependencies(/home/olympusforge/ros2_frost/install/tortoisebot_slam/share/colcon-core/packages/tortoisebot_slam)
[3.737s] Level 1:colcon.colcon_core.environment:create_environment_scripts_only(tortoisebot_slam)
[3.737s] Level 1:colcon.colcon_core.environment:checking '/home/olympusforge/ros2_frost/install/tortoisebot_slam' for CMake module files
[3.737s] Level 1:colcon.colcon_core.environment:checking '/home/olympusforge/ros2_frost/install/tortoisebot_slam' for CMake config files
[3.737s] Level 1:colcon.colcon_core.shell:create_environment_hook('tortoisebot_slam', 'cmake_prefix_path')
[3.738s] INFO:colcon.colcon_core.shell:Creating environment hook '/home/olympusforge/ros2_frost/install/tortoisebot_slam/share/tortoisebot_slam/hook/cmake_prefix_path.ps1'
[3.738s] INFO:colcon.colcon_core.shell:Creating environment descriptor '/home/olympusforge/ros2_frost/install/tortoisebot_slam/share/tortoisebot_slam/hook/cmake_prefix_path.dsv'
[3.739s] INFO:colcon.colcon_core.shell:Creating environment hook '/home/olympusforge/ros2_frost/install/tortoisebot_slam/share/tortoisebot_slam/hook/cmake_prefix_path.sh'
[3.739s] Level 1:colcon.colcon_core.environment:checking '/home/olympusforge/ros2_frost/install/tortoisebot_slam/bin'
[3.739s] Level 1:colcon.colcon_core.environment:checking '/home/olympusforge/ros2_frost/install/tortoisebot_slam/lib/pkgconfig/tortoisebot_slam.pc'
[3.740s] Level 1:colcon.colcon_core.environment:checking '/home/olympusforge/ros2_frost/install/tortoisebot_slam/lib/python3.10/site-packages'
[3.740s] Level 1:colcon.colcon_core.environment:checking '/home/olympusforge/ros2_frost/install/tortoisebot_slam/bin'
[3.740s] INFO:colcon.colcon_core.shell:Creating package script '/home/olympusforge/ros2_frost/install/tortoisebot_slam/share/tortoisebot_slam/package.ps1'
[3.740s] INFO:colcon.colcon_core.shell:Creating package descriptor '/home/olympusforge/ros2_frost/install/tortoisebot_slam/share/tortoisebot_slam/package.dsv'
[3.741s] INFO:colcon.colcon_core.shell:Creating package script '/home/olympusforge/ros2_frost/install/tortoisebot_slam/share/tortoisebot_slam/package.sh'
[3.741s] INFO:colcon.colcon_core.shell:Creating package script '/home/olympusforge/ros2_frost/install/tortoisebot_slam/share/tortoisebot_slam/package.bash'
[3.742s] INFO:colcon.colcon_core.shell:Creating package script '/home/olympusforge/ros2_frost/install/tortoisebot_slam/share/tortoisebot_slam/package.zsh'
[3.742s] Level 1:colcon.colcon_core.environment:create_file_with_runtime_dependencies(/home/olympusforge/ros2_frost/install/tortoisebot_slam/share/colcon-core/packages/tortoisebot_slam)
[3.745s] DEBUG:colcon.colcon_core.task.python.build:While undoing a previous installation files outside the Python library path are being ignored: /home/olympusforge/ros2_frost/install/tortoisebot_control/share/ament_index/resource_index/packages/tortoisebot_control
[3.745s] DEBUG:colcon.colcon_core.task.python.build:While undoing a previous installation files outside the Python library path are being ignored: /home/olympusforge/ros2_frost/install/tortoisebot_control/share/tortoisebot_control/package.xml
[3.745s] DEBUG:colcon.colcon_core.task.python.build:While undoing a previous installation files outside the Python library path are being ignored: /home/olympusforge/ros2_frost/install/tortoisebot_control/lib/tortoisebot_control/teleop_twist_keyboard
[3.762s] DEBUG:colcon.colcon_core.event_handler.log_command:Invoking command in '/home/olympusforge/ros2_frost/build/tortoisebot_control': PYTHONPATH=/home/olympusforge/ros2_frost/build/tortoisebot_control/prefix_override:/usr/lib/python3/dist-packages/colcon_core/task/python/colcon_distutils_commands:/home/olympusforge/ros2_frost/install/tortoisebot_control/lib/python3.10/site-packages:${PYTHONPATH} /usr/bin/python3 -W ignore:setup.py install is deprecated -W ignore:easy_install command is deprecated setup.py develop --editable --build-directory /home/olympusforge/ros2_frost/build/tortoisebot_control/build --no-deps symlink_data --force
[3.816s] DEBUG:colcon.colcon_core.event_handler.log_command:Invoking command in '/home/olympusforge/ros2_frost/build/ydlidar_ros2_driver': CMAKE_PREFIX_PATH=${CMAKE_PREFIX_PATH}:/home/olympusforge/ros2_frost/install/tortoisebot_control:/opt/ros/humble /usr/bin/cmake /home/olympusforge/ros2_frost/src/tortoisebot/ydlidar_ros2_driver -DAMENT_CMAKE_SYMLINK_INSTALL=1 -DCMAKE_INSTALL_PREFIX=/home/olympusforge/ros2_frost/install/ydlidar_ros2_driver
[3.843s] DEBUG:colcon.colcon_core.event_handler.log_command:Invoking command in '/home/olympusforge/ros2_frost/build/ydlidar_sdk': /usr/bin/cmake --build /home/olympusforge/ros2_frost/build/ydlidar_sdk -- -j8 -l8
[4.812s] DEBUG:colcon.colcon_core.event_handler.log_command:Invoked command in '/home/olympusforge/ros2_frost/build/tortoisebot_firmware' returned '0': CMAKE_PREFIX_PATH=${CMAKE_PREFIX_PATH}:/home/olympusforge/ros2_frost/install/tortoisebot_control:/opt/ros/humble /usr/bin/cmake /home/olympusforge/ros2_frost/src/tortoisebot/tortoisebot_firmware -DAMENT_CMAKE_SYMLINK_INSTALL=1 -DCMAKE_INSTALL_PREFIX=/home/olympusforge/ros2_frost/install/tortoisebot_firmware
[4.840s] DEBUG:colcon.colcon_core.event_handler.log_command:Invoking command in '/home/olympusforge/ros2_frost/build/tortoisebot_firmware': CMAKE_PREFIX_PATH=${CMAKE_PREFIX_PATH}:/home/olympusforge/ros2_frost/install/tortoisebot_control:/opt/ros/humble /usr/bin/cmake --build /home/olympusforge/ros2_frost/build/tortoisebot_firmware -- -j8 -l8
[5.163s] DEBUG:colcon.colcon_core.event_handler.log_command:Invoked command in '/home/olympusforge/ros2_frost/build/ydlidar_sdk' returned '0': /usr/bin/cmake --build /home/olympusforge/ros2_frost/build/ydlidar_sdk -- -j8 -l8
[5.190s] DEBUG:colcon.colcon_core.event_handler.log_command:Invoking command in '/home/olympusforge/ros2_frost/build/ydlidar_sdk': /usr/bin/cmake --install /home/olympusforge/ros2_frost/build/ydlidar_sdk
[5.567s] Level 1:colcon.colcon_core.environment:create_environment_scripts_only(ydlidar_sdk)
[5.568s] Level 1:colcon.colcon_core.environment:checking '/home/olympusforge/ros2_frost/install/ydlidar_sdk' for CMake module files
[5.569s] Level 1:colcon.colcon_core.environment:checking '/home/olympusforge/ros2_frost/install/ydlidar_sdk' for CMake config files
[5.569s] Level 1:colcon.colcon_core.shell:create_environment_hook('ydlidar_sdk', 'cmake_prefix_path')
[5.569s] INFO:colcon.colcon_core.shell:Creating environment hook '/home/olympusforge/ros2_frost/install/ydlidar_sdk/share/ydlidar_sdk/hook/cmake_prefix_path.ps1'
[5.570s] DEBUG:colcon.colcon_core.event_handler.log_command:Invoked command in '/home/olympusforge/ros2_frost/build/ydlidar_sdk' returned '0': /usr/bin/cmake --install /home/olympusforge/ros2_frost/build/ydlidar_sdk
[5.575s] INFO:colcon.colcon_core.shell:Creating environment descriptor '/home/olympusforge/ros2_frost/install/ydlidar_sdk/share/ydlidar_sdk/hook/cmake_prefix_path.dsv'
[5.575s] INFO:colcon.colcon_core.shell:Creating environment hook '/home/olympusforge/ros2_frost/install/ydlidar_sdk/share/ydlidar_sdk/hook/cmake_prefix_path.sh'
[5.577s] Level 1:colcon.colcon_core.environment:checking '/home/olympusforge/ros2_frost/install/ydlidar_sdk/lib'
[5.577s] Level 1:colcon.colcon_core.environment:checking '/home/olympusforge/ros2_frost/install/ydlidar_sdk/bin'
[5.578s] Level 1:colcon.colcon_core.shell:create_environment_hook('ydlidar_sdk', 'path')
[5.578s] INFO:colcon.colcon_core.shell:Creating environment hook '/home/olympusforge/ros2_frost/install/ydlidar_sdk/share/ydlidar_sdk/hook/path.ps1'
[5.579s] INFO:colcon.colcon_core.shell:Creating environment descriptor '/home/olympusforge/ros2_frost/install/ydlidar_sdk/share/ydlidar_sdk/hook/path.dsv'
[5.586s] INFO:colcon.colcon_core.shell:Creating environment hook '/home/olympusforge/ros2_frost/install/ydlidar_sdk/share/ydlidar_sdk/hook/path.sh'
[5.592s] Level 1:colcon.colcon_core.environment:checking '/home/olympusforge/ros2_frost/install/ydlidar_sdk/lib/pkgconfig/ydlidar_sdk.pc'
[5.593s] Level 1:colcon.colcon_core.environment:checking '/home/olympusforge/ros2_frost/install/ydlidar_sdk/lib/python3.10/site-packages'
[5.593s] Level 1:colcon.colcon_core.environment:checking '/home/olympusforge/ros2_frost/install/ydlidar_sdk/bin'
[5.594s] Level 1:colcon.colcon_core.shell:create_environment_hook('ydlidar_sdk', 'pythonscriptspath')
[5.594s] INFO:colcon.colcon_core.shell:Creating environment hook '/home/olympusforge/ros2_frost/install/ydlidar_sdk/share/ydlidar_sdk/hook/pythonscriptspath.ps1'
[5.594s] INFO:colcon.colcon_core.shell:Creating environment descriptor '/home/olympusforge/ros2_frost/install/ydlidar_sdk/share/ydlidar_sdk/hook/pythonscriptspath.dsv'
[5.595s] INFO:colcon.colcon_core.shell:Creating environment hook '/home/olympusforge/ros2_frost/install/ydlidar_sdk/share/ydlidar_sdk/hook/pythonscriptspath.sh'
[5.596s] INFO:colcon.colcon_core.shell:Creating package script '/home/olympusforge/ros2_frost/install/ydlidar_sdk/share/ydlidar_sdk/package.ps1'
[5.596s] INFO:colcon.colcon_core.shell:Creating package descriptor '/home/olympusforge/ros2_frost/install/ydlidar_sdk/share/ydlidar_sdk/package.dsv'
[5.597s] INFO:colcon.colcon_core.shell:Creating package script '/home/olympusforge/ros2_frost/install/ydlidar_sdk/share/ydlidar_sdk/package.sh'
[5.597s] INFO:colcon.colcon_core.shell:Creating package script '/home/olympusforge/ros2_frost/install/ydlidar_sdk/share/ydlidar_sdk/package.bash'
[5.598s] INFO:colcon.colcon_core.shell:Creating package script '/home/olympusforge/ros2_frost/install/ydlidar_sdk/share/ydlidar_sdk/package.zsh'
[5.598s] Level 1:colcon.colcon_core.environment:create_file_with_runtime_dependencies(/home/olympusforge/ros2_frost/install/ydlidar_sdk/share/colcon-core/packages/ydlidar_sdk)
[5.607s] Level 1:colcon.colcon_core.shell:create_environment_hook('tortoisebot_control', 'pythonpath_develop')
[5.607s] INFO:colcon.colcon_core.shell:Creating environment hook '/home/olympusforge/ros2_frost/build/tortoisebot_control/share/tortoisebot_control/hook/pythonpath_develop.ps1'
[5.608s] DEBUG:colcon.colcon_core.event_handler.log_command:Invoked command in '/home/olympusforge/ros2_frost/build/tortoisebot_control' returned '0': PYTHONPATH=/home/olympusforge/ros2_frost/build/tortoisebot_control/prefix_override:/usr/lib/python3/dist-packages/colcon_core/task/python/colcon_distutils_commands:/home/olympusforge/ros2_frost/install/tortoisebot_control/lib/python3.10/site-packages:${PYTHONPATH} /usr/bin/python3 -W ignore:setup.py install is deprecated -W ignore:easy_install command is deprecated setup.py develop --editable --build-directory /home/olympusforge/ros2_frost/build/tortoisebot_control/build --no-deps symlink_data --force
[5.609s] INFO:colcon.colcon_core.shell:Creating environment descriptor '/home/olympusforge/ros2_frost/build/tortoisebot_control/share/tortoisebot_control/hook/pythonpath_develop.dsv'
[5.610s] INFO:colcon.colcon_core.shell:Creating environment hook '/home/olympusforge/ros2_frost/build/tortoisebot_control/share/tortoisebot_control/hook/pythonpath_develop.sh'
[5.611s] Level 1:colcon.colcon_core.environment:checking '/home/olympusforge/ros2_frost/install/tortoisebot_control' for CMake module files
[5.612s] Level 1:colcon.colcon_core.environment:checking '/home/olympusforge/ros2_frost/install/tortoisebot_control' for CMake config files
[5.612s] Level 1:colcon.colcon_core.environment:checking '/home/olympusforge/ros2_frost/install/tortoisebot_control/lib'
[5.612s] Level 1:colcon.colcon_core.environment:checking '/home/olympusforge/ros2_frost/install/tortoisebot_control/bin'
[5.612s] Level 1:colcon.colcon_core.environment:checking '/home/olympusforge/ros2_frost/install/tortoisebot_control/lib/pkgconfig/tortoisebot_control.pc'
[5.612s] Level 1:colcon.colcon_core.environment:checking '/home/olympusforge/ros2_frost/install/tortoisebot_control/lib/python3.10/site-packages'
[5.612s] Level 1:colcon.colcon_core.shell:create_environment_hook('tortoisebot_control', 'pythonpath')
[5.612s] INFO:colcon.colcon_core.shell:Creating environment hook '/home/olympusforge/ros2_frost/install/tortoisebot_control/share/tortoisebot_control/hook/pythonpath.ps1'
[5.613s] INFO:colcon.colcon_core.shell:Creating environment descriptor '/home/olympusforge/ros2_frost/install/tortoisebot_control/share/tortoisebot_control/hook/pythonpath.dsv'
[5.613s] INFO:colcon.colcon_core.shell:Creating environment hook '/home/olympusforge/ros2_frost/install/tortoisebot_control/share/tortoisebot_control/hook/pythonpath.sh'
[5.614s] Level 1:colcon.colcon_core.environment:checking '/home/olympusforge/ros2_frost/install/tortoisebot_control/bin'
[5.614s] Level 1:colcon.colcon_core.environment:create_environment_scripts_only(tortoisebot_control)
[5.614s] INFO:colcon.colcon_core.shell:Creating package script '/home/olympusforge/ros2_frost/install/tortoisebot_control/share/tortoisebot_control/package.ps1'
[5.615s] INFO:colcon.colcon_core.shell:Creating package descriptor '/home/olympusforge/ros2_frost/install/tortoisebot_control/share/tortoisebot_control/package.dsv'
[5.616s] INFO:colcon.colcon_core.shell:Creating package script '/home/olympusforge/ros2_frost/install/tortoisebot_control/share/tortoisebot_control/package.sh'
[5.616s] INFO:colcon.colcon_core.shell:Creating package script '/home/olympusforge/ros2_frost/install/tortoisebot_control/share/tortoisebot_control/package.bash'
[5.617s] INFO:colcon.colcon_core.shell:Creating package script '/home/olympusforge/ros2_frost/install/tortoisebot_control/share/tortoisebot_control/package.zsh'
[5.617s] Level 1:colcon.colcon_core.environment:create_file_with_runtime_dependencies(/home/olympusforge/ros2_frost/install/tortoisebot_control/share/colcon-core/packages/tortoisebot_control)
[5.627s] DEBUG:colcon.colcon_core.event_handler.log_command:Invoked command in '/home/olympusforge/ros2_frost/build/v4l2_camera' returned '0': CMAKE_PREFIX_PATH=${CMAKE_PREFIX_PATH}:/home/olympusforge/ros2_frost/install/tortoisebot_control:/opt/ros/humble /usr/bin/cmake /home/olympusforge/ros2_frost/src/tortoisebot/v4l2_camera -DAMENT_CMAKE_SYMLINK_INSTALL=1 -DCMAKE_INSTALL_PREFIX=/home/olympusforge/ros2_frost/install/v4l2_camera
[5.628s] DEBUG:colcon.colcon_core.event_handler.log_command:Invoking command in '/home/olympusforge/ros2_frost/build/v4l2_camera': CMAKE_PREFIX_PATH=${CMAKE_PREFIX_PATH}:/home/olympusforge/ros2_frost/install/tortoisebot_control:/opt/ros/humble /usr/bin/cmake --build /home/olympusforge/ros2_frost/build/v4l2_camera -- -j8 -l8
[5.752s] DEBUG:colcon.colcon_core.event_handler.log_command:Invoked command in '/home/olympusforge/ros2_frost/build/tortoisebot_firmware' returned '0': CMAKE_PREFIX_PATH=${CMAKE_PREFIX_PATH}:/home/olympusforge/ros2_frost/install/tortoisebot_control:/opt/ros/humble /usr/bin/cmake --build /home/olympusforge/ros2_frost/build/tortoisebot_firmware -- -j8 -l8
[5.754s] DEBUG:colcon.colcon_core.event_handler.log_command:Invoking command in '/home/olympusforge/ros2_frost/build/tortoisebot_firmware': CMAKE_PREFIX_PATH=${CMAKE_PREFIX_PATH}:/home/olympusforge/ros2_frost/install/tortoisebot_control:/opt/ros/humble /usr/bin/cmake --install /home/olympusforge/ros2_frost/build/tortoisebot_firmware
[5.789s] DEBUG:colcon.colcon_core.event_handler.log_command:Invoked command in '/home/olympusforge/ros2_frost/build/v4l2_camera' returned '0': CMAKE_PREFIX_PATH=${CMAKE_PREFIX_PATH}:/home/olympusforge/ros2_frost/install/tortoisebot_control:/opt/ros/humble /usr/bin/cmake --build /home/olympusforge/ros2_frost/build/v4l2_camera -- -j8 -l8
[5.792s] DEBUG:colcon.colcon_core.event_handler.log_command:Invoking command in '/home/olympusforge/ros2_frost/build/v4l2_camera': CMAKE_PREFIX_PATH=${CMAKE_PREFIX_PATH}:/home/olympusforge/ros2_frost/install/tortoisebot_control:/opt/ros/humble /usr/bin/cmake --install /home/olympusforge/ros2_frost/build/v4l2_camera
[5.795s] DEBUG:colcon.colcon_core.event_handler.log_command:Invoked command in '/home/olympusforge/ros2_frost/build/ydlidar_ros2_driver' returned '0': CMAKE_PREFIX_PATH=${CMAKE_PREFIX_PATH}:/home/olympusforge/ros2_frost/install/tortoisebot_control:/opt/ros/humble /usr/bin/cmake /home/olympusforge/ros2_frost/src/tortoisebot/ydlidar_ros2_driver -DAMENT_CMAKE_SYMLINK_INSTALL=1 -DCMAKE_INSTALL_PREFIX=/home/olympusforge/ros2_frost/install/ydlidar_ros2_driver
[5.795s] DEBUG:colcon.colcon_core.event_handler.log_command:Invoking command in '/home/olympusforge/ros2_frost/build/ydlidar_ros2_driver': CMAKE_PREFIX_PATH=${CMAKE_PREFIX_PATH}:/home/olympusforge/ros2_frost/install/tortoisebot_control:/opt/ros/humble /usr/bin/cmake --build /home/olympusforge/ros2_frost/build/ydlidar_ros2_driver -- -j8 -l8
[5.825s] Level 1:colcon.colcon_core.environment:create_environment_scripts_only(tortoisebot_firmware)
[5.826s] Level 1:colcon.colcon_core.environment:checking '/home/olympusforge/ros2_frost/install/tortoisebot_firmware' for CMake module files
[5.826s] DEBUG:colcon.colcon_core.event_handler.log_command:Invoked command in '/home/olympusforge/ros2_frost/build/tortoisebot_firmware' returned '0': CMAKE_PREFIX_PATH=${CMAKE_PREFIX_PATH}:/home/olympusforge/ros2_frost/install/tortoisebot_control:/opt/ros/humble /usr/bin/cmake --install /home/olympusforge/ros2_frost/build/tortoisebot_firmware
[5.827s] Level 1:colcon.colcon_core.environment:checking '/home/olympusforge/ros2_frost/install/tortoisebot_firmware' for CMake config files
[5.827s] Level 1:colcon.colcon_core.shell:create_environment_hook('tortoisebot_firmware', 'cmake_prefix_path')
[5.828s] INFO:colcon.colcon_core.shell:Creating environment hook '/home/olympusforge/ros2_frost/install/tortoisebot_firmware/share/tortoisebot_firmware/hook/cmake_prefix_path.ps1'
[5.828s] INFO:colcon.colcon_core.shell:Creating environment descriptor '/home/olympusforge/ros2_frost/install/tortoisebot_firmware/share/tortoisebot_firmware/hook/cmake_prefix_path.dsv'
[5.829s] INFO:colcon.colcon_core.shell:Creating environment hook '/home/olympusforge/ros2_frost/install/tortoisebot_firmware/share/tortoisebot_firmware/hook/cmake_prefix_path.sh'
[5.831s] Level 1:colcon.colcon_core.environment:checking '/home/olympusforge/ros2_frost/install/tortoisebot_firmware/lib'
[5.831s] Level 1:colcon.colcon_core.environment:checking '/home/olympusforge/ros2_frost/install/tortoisebot_firmware/bin'
[5.831s] Level 1:colcon.colcon_core.environment:checking '/home/olympusforge/ros2_frost/install/tortoisebot_firmware/lib/pkgconfig/tortoisebot_firmware.pc'
[5.831s] Level 1:colcon.colcon_core.environment:checking '/home/olympusforge/ros2_frost/install/tortoisebot_firmware/lib/python3.10/site-packages'
[5.831s] Level 1:colcon.colcon_core.environment:checking '/home/olympusforge/ros2_frost/install/tortoisebot_firmware/bin'
[5.831s] INFO:colcon.colcon_core.shell:Creating package script '/home/olympusforge/ros2_frost/install/tortoisebot_firmware/share/tortoisebot_firmware/package.ps1'
[5.832s] INFO:colcon.colcon_core.shell:Creating package descriptor '/home/olympusforge/ros2_frost/install/tortoisebot_firmware/share/tortoisebot_firmware/package.dsv'
[5.832s] INFO:colcon.colcon_core.shell:Creating package script '/home/olympusforge/ros2_frost/install/tortoisebot_firmware/share/tortoisebot_firmware/package.sh'
[5.834s] INFO:colcon.colcon_core.shell:Creating package script '/home/olympusforge/ros2_frost/install/tortoisebot_firmware/share/tortoisebot_firmware/package.bash'
[5.834s] INFO:colcon.colcon_core.shell:Creating package script '/home/olympusforge/ros2_frost/install/tortoisebot_firmware/share/tortoisebot_firmware/package.zsh'
[5.834s] Level 1:colcon.colcon_core.environment:create_file_with_runtime_dependencies(/home/olympusforge/ros2_frost/install/tortoisebot_firmware/share/colcon-core/packages/tortoisebot_firmware)
[5.835s] Level 1:colcon.colcon_core.environment:create_environment_scripts_only(tortoisebot_firmware)
[5.836s] Level 1:colcon.colcon_core.environment:checking '/home/olympusforge/ros2_frost/install/tortoisebot_firmware' for CMake module files
[5.836s] Level 1:colcon.colcon_core.environment:checking '/home/olympusforge/ros2_frost/install/tortoisebot_firmware' for CMake config files
[5.837s] Level 1:colcon.colcon_core.shell:create_environment_hook('tortoisebot_firmware', 'cmake_prefix_path')
[5.837s] INFO:colcon.colcon_core.shell:Creating environment hook '/home/olympusforge/ros2_frost/install/tortoisebot_firmware/share/tortoisebot_firmware/hook/cmake_prefix_path.ps1'
[5.837s] INFO:colcon.colcon_core.shell:Creating environment descriptor '/home/olympusforge/ros2_frost/install/tortoisebot_firmware/share/tortoisebot_firmware/hook/cmake_prefix_path.dsv'
[5.837s] INFO:colcon.colcon_core.shell:Creating environment hook '/home/olympusforge/ros2_frost/install/tortoisebot_firmware/share/tortoisebot_firmware/hook/cmake_prefix_path.sh'
[5.838s] Level 1:colcon.colcon_core.environment:checking '/home/olympusforge/ros2_frost/install/tortoisebot_firmware/lib'
[5.839s] Level 1:colcon.colcon_core.environment:checking '/home/olympusforge/ros2_frost/install/tortoisebot_firmware/bin'
[5.839s] Level 1:colcon.colcon_core.environment:checking '/home/olympusforge/ros2_frost/install/tortoisebot_firmware/lib/pkgconfig/tortoisebot_firmware.pc'
[5.839s] Level 1:colcon.colcon_core.environment:checking '/home/olympusforge/ros2_frost/install/tortoisebot_firmware/lib/python3.10/site-packages'
[5.839s] Level 1:colcon.colcon_core.environment:checking '/home/olympusforge/ros2_frost/install/tortoisebot_firmware/bin'
[5.839s] INFO:colcon.colcon_core.shell:Creating package script '/home/olympusforge/ros2_frost/install/tortoisebot_firmware/share/tortoisebot_firmware/package.ps1'
[5.840s] INFO:colcon.colcon_core.shell:Creating package descriptor '/home/olympusforge/ros2_frost/install/tortoisebot_firmware/share/tortoisebot_firmware/package.dsv'
[5.842s] INFO:colcon.colcon_core.shell:Creating package script '/home/olympusforge/ros2_frost/install/tortoisebot_firmware/share/tortoisebot_firmware/package.sh'
[5.842s] INFO:colcon.colcon_core.shell:Creating package script '/home/olympusforge/ros2_frost/install/tortoisebot_firmware/share/tortoisebot_firmware/package.bash'
[5.843s] INFO:colcon.colcon_core.shell:Creating package script '/home/olympusforge/ros2_frost/install/tortoisebot_firmware/share/tortoisebot_firmware/package.zsh'
[5.844s] Level 1:colcon.colcon_core.environment:create_file_with_runtime_dependencies(/home/olympusforge/ros2_frost/install/tortoisebot_firmware/share/colcon-core/packages/tortoisebot_firmware)
[5.846s] Level 1:colcon.colcon_core.environment:create_environment_scripts_only(v4l2_camera)
[5.846s] Level 1:colcon.colcon_core.environment:checking '/home/olympusforge/ros2_frost/install/v4l2_camera' for CMake module files
[5.847s] Level 1:colcon.colcon_core.environment:checking '/home/olympusforge/ros2_frost/install/v4l2_camera' for CMake config files
[5.847s] Level 1:colcon.colcon_core.shell:create_environment_hook('v4l2_camera', 'cmake_prefix_path')
[5.847s] INFO:colcon.colcon_core.shell:Creating environment hook '/home/olympusforge/ros2_frost/install/v4l2_camera/share/v4l2_camera/hook/cmake_prefix_path.ps1'
[5.848s] INFO:colcon.colcon_core.shell:Creating environment descriptor '/home/olympusforge/ros2_frost/install/v4l2_camera/share/v4l2_camera/hook/cmake_prefix_path.dsv'
[5.848s] INFO:colcon.colcon_core.shell:Creating environment hook '/home/olympusforge/ros2_frost/install/v4l2_camera/share/v4l2_camera/hook/cmake_prefix_path.sh'
[5.849s] DEBUG:colcon.colcon_core.event_handler.log_command:Invoked command in '/home/olympusforge/ros2_frost/build/v4l2_camera' returned '0': CMAKE_PREFIX_PATH=${CMAKE_PREFIX_PATH}:/home/olympusforge/ros2_frost/install/tortoisebot_control:/opt/ros/humble /usr/bin/cmake --install /home/olympusforge/ros2_frost/build/v4l2_camera
[5.849s] Level 1:colcon.colcon_core.environment:checking '/home/olympusforge/ros2_frost/install/v4l2_camera/lib'
[5.849s] Level 1:colcon.colcon_core.shell:create_environment_hook('v4l2_camera', 'ld_library_path_lib')
[5.850s] INFO:colcon.colcon_core.shell:Creating environment hook '/home/olympusforge/ros2_frost/install/v4l2_camera/share/v4l2_camera/hook/ld_library_path_lib.ps1'
[5.850s] INFO:colcon.colcon_core.shell:Creating environment descriptor '/home/olympusforge/ros2_frost/install/v4l2_camera/share/v4l2_camera/hook/ld_library_path_lib.dsv'
[5.850s] INFO:colcon.colcon_core.shell:Creating environment hook '/home/olympusforge/ros2_frost/install/v4l2_camera/share/v4l2_camera/hook/ld_library_path_lib.sh'
[5.851s] Level 1:colcon.colcon_core.environment:checking '/home/olympusforge/ros2_frost/install/v4l2_camera/bin'
[5.851s] Level 1:colcon.colcon_core.environment:checking '/home/olympusforge/ros2_frost/install/v4l2_camera/lib/pkgconfig/v4l2_camera.pc'
[5.851s] Level 1:colcon.colcon_core.environment:checking '/home/olympusforge/ros2_frost/install/v4l2_camera/lib/python3.10/site-packages'
[5.851s] Level 1:colcon.colcon_core.environment:checking '/home/olympusforge/ros2_frost/install/v4l2_camera/bin'
[5.852s] INFO:colcon.colcon_core.shell:Creating package script '/home/olympusforge/ros2_frost/install/v4l2_camera/share/v4l2_camera/package.ps1'
[5.852s] INFO:colcon.colcon_core.shell:Creating package descriptor '/home/olympusforge/ros2_frost/install/v4l2_camera/share/v4l2_camera/package.dsv'
[5.853s] INFO:colcon.colcon_core.shell:Creating package script '/home/olympusforge/ros2_frost/install/v4l2_camera/share/v4l2_camera/package.sh'
[5.854s] INFO:colcon.colcon_core.shell:Creating package script '/home/olympusforge/ros2_frost/install/v4l2_camera/share/v4l2_camera/package.bash'
[5.855s] INFO:colcon.colcon_core.shell:Creating package script '/home/olympusforge/ros2_frost/install/v4l2_camera/share/v4l2_camera/package.zsh'
[5.856s] Level 1:colcon.colcon_core.environment:create_file_with_runtime_dependencies(/home/olympusforge/ros2_frost/install/v4l2_camera/share/colcon-core/packages/v4l2_camera)
[5.857s] Level 1:colcon.colcon_core.environment:create_environment_scripts_only(v4l2_camera)
[5.857s] Level 1:colcon.colcon_core.environment:checking '/home/olympusforge/ros2_frost/install/v4l2_camera' for CMake module files
[5.858s] Level 1:colcon.colcon_core.environment:checking '/home/olympusforge/ros2_frost/install/v4l2_camera' for CMake config files
[5.858s] Level 1:colcon.colcon_core.shell:create_environment_hook('v4l2_camera', 'cmake_prefix_path')
[5.858s] INFO:colcon.colcon_core.shell:Creating environment hook '/home/olympusforge/ros2_frost/install/v4l2_camera/share/v4l2_camera/hook/cmake_prefix_path.ps1'
[5.859s] INFO:colcon.colcon_core.shell:Creating environment descriptor '/home/olympusforge/ros2_frost/install/v4l2_camera/share/v4l2_camera/hook/cmake_prefix_path.dsv'
[5.859s] INFO:colcon.colcon_core.shell:Creating environment hook '/home/olympusforge/ros2_frost/install/v4l2_camera/share/v4l2_camera/hook/cmake_prefix_path.sh'
[5.860s] Level 1:colcon.colcon_core.environment:checking '/home/olympusforge/ros2_frost/install/v4l2_camera/lib'
[5.860s] Level 1:colcon.colcon_core.shell:create_environment_hook('v4l2_camera', 'ld_library_path_lib')
[5.860s] INFO:colcon.colcon_core.shell:Creating environment hook '/home/olympusforge/ros2_frost/install/v4l2_camera/share/v4l2_camera/hook/ld_library_path_lib.ps1'
[5.860s] INFO:colcon.colcon_core.shell:Creating environment descriptor '/home/olympusforge/ros2_frost/install/v4l2_camera/share/v4l2_camera/hook/ld_library_path_lib.dsv'
[5.860s] INFO:colcon.colcon_core.shell:Creating environment hook '/home/olympusforge/ros2_frost/install/v4l2_camera/share/v4l2_camera/hook/ld_library_path_lib.sh'
[5.863s] Level 1:colcon.colcon_core.environment:checking '/home/olympusforge/ros2_frost/install/v4l2_camera/bin'
[5.863s] Level 1:colcon.colcon_core.environment:checking '/home/olympusforge/ros2_frost/install/v4l2_camera/lib/pkgconfig/v4l2_camera.pc'
[5.864s] Level 1:colcon.colcon_core.environment:checking '/home/olympusforge/ros2_frost/install/v4l2_camera/lib/python3.10/site-packages'
[5.864s] Level 1:colcon.colcon_core.environment:checking '/home/olympusforge/ros2_frost/install/v4l2_camera/bin'
[5.864s] INFO:colcon.colcon_core.shell:Creating package script '/home/olympusforge/ros2_frost/install/v4l2_camera/share/v4l2_camera/package.ps1'
[5.864s] INFO:colcon.colcon_core.shell:Creating package descriptor '/home/olympusforge/ros2_frost/install/v4l2_camera/share/v4l2_camera/package.dsv'
[5.866s] INFO:colcon.colcon_core.shell:Creating package script '/home/olympusforge/ros2_frost/install/v4l2_camera/share/v4l2_camera/package.sh'
[5.866s] INFO:colcon.colcon_core.shell:Creating package script '/home/olympusforge/ros2_frost/install/v4l2_camera/share/v4l2_camera/package.bash'
[5.867s] INFO:colcon.colcon_core.shell:Creating package script '/home/olympusforge/ros2_frost/install/v4l2_camera/share/v4l2_camera/package.zsh'
[5.867s] Level 1:colcon.colcon_core.environment:create_file_with_runtime_dependencies(/home/olympusforge/ros2_frost/install/v4l2_camera/share/colcon-core/packages/v4l2_camera)
[5.879s] DEBUG:colcon.colcon_core.event_handler.log_command:Invoked command in '/home/olympusforge/ros2_frost/build/ydlidar_ros2_driver' returned '0': CMAKE_PREFIX_PATH=${CMAKE_PREFIX_PATH}:/home/olympusforge/ros2_frost/install/tortoisebot_control:/opt/ros/humble /usr/bin/cmake --build /home/olympusforge/ros2_frost/build/ydlidar_ros2_driver -- -j8 -l8
[5.883s] DEBUG:colcon.colcon_core.event_handler.log_command:Invoking command in '/home/olympusforge/ros2_frost/build/ydlidar_ros2_driver': CMAKE_PREFIX_PATH=${CMAKE_PREFIX_PATH}:/home/olympusforge/ros2_frost/install/tortoisebot_control:/opt/ros/humble /usr/bin/cmake --install /home/olympusforge/ros2_frost/build/ydlidar_ros2_driver
[5.913s] Level 1:colcon.colcon_core.environment:create_environment_scripts_only(ydlidar_ros2_driver)
[5.913s] Level 1:colcon.colcon_core.environment:checking '/home/olympusforge/ros2_frost/install/ydlidar_ros2_driver' for CMake module files
[5.914s] DEBUG:colcon.colcon_core.event_handler.log_command:Invoked command in '/home/olympusforge/ros2_frost/build/ydlidar_ros2_driver' returned '0': CMAKE_PREFIX_PATH=${CMAKE_PREFIX_PATH}:/home/olympusforge/ros2_frost/install/tortoisebot_control:/opt/ros/humble /usr/bin/cmake --install /home/olympusforge/ros2_frost/build/ydlidar_ros2_driver
[5.914s] Level 1:colcon.colcon_core.environment:checking '/home/olympusforge/ros2_frost/install/ydlidar_ros2_driver' for CMake config files
[5.914s] Level 1:colcon.colcon_core.shell:create_environment_hook('ydlidar_ros2_driver', 'cmake_prefix_path')
[5.914s] INFO:colcon.colcon_core.shell:Creating environment hook '/home/olympusforge/ros2_frost/install/ydlidar_ros2_driver/share/ydlidar_ros2_driver/hook/cmake_prefix_path.ps1'
[5.915s] INFO:colcon.colcon_core.shell:Creating environment descriptor '/home/olympusforge/ros2_frost/install/ydlidar_ros2_driver/share/ydlidar_ros2_driver/hook/cmake_prefix_path.dsv'
[5.915s] INFO:colcon.colcon_core.shell:Creating environment hook '/home/olympusforge/ros2_frost/install/ydlidar_ros2_driver/share/ydlidar_ros2_driver/hook/cmake_prefix_path.sh'
[5.916s] Level 1:colcon.colcon_core.environment:checking '/home/olympusforge/ros2_frost/install/ydlidar_ros2_driver/lib'
[5.916s] Level 1:colcon.colcon_core.environment:checking '/home/olympusforge/ros2_frost/install/ydlidar_ros2_driver/bin'
[5.916s] Level 1:colcon.colcon_core.environment:checking '/home/olympusforge/ros2_frost/install/ydlidar_ros2_driver/lib/pkgconfig/ydlidar_ros2_driver.pc'
[5.916s] Level 1:colcon.colcon_core.environment:checking '/home/olympusforge/ros2_frost/install/ydlidar_ros2_driver/lib/python3.10/site-packages'
[5.916s] Level 1:colcon.colcon_core.environment:checking '/home/olympusforge/ros2_frost/install/ydlidar_ros2_driver/bin'
[5.916s] INFO:colcon.colcon_core.shell:Creating package script '/home/olympusforge/ros2_frost/install/ydlidar_ros2_driver/share/ydlidar_ros2_driver/package.ps1'
[5.917s] INFO:colcon.colcon_core.shell:Creating package descriptor '/home/olympusforge/ros2_frost/install/ydlidar_ros2_driver/share/ydlidar_ros2_driver/package.dsv'
[5.917s] INFO:colcon.colcon_core.shell:Creating package script '/home/olympusforge/ros2_frost/install/ydlidar_ros2_driver/share/ydlidar_ros2_driver/package.sh'
[5.918s] INFO:colcon.colcon_core.shell:Creating package script '/home/olympusforge/ros2_frost/install/ydlidar_ros2_driver/share/ydlidar_ros2_driver/package.bash'
[5.918s] INFO:colcon.colcon_core.shell:Creating package script '/home/olympusforge/ros2_frost/install/ydlidar_ros2_driver/share/ydlidar_ros2_driver/package.zsh'
[5.918s] Level 1:colcon.colcon_core.environment:create_file_with_runtime_dependencies(/home/olympusforge/ros2_frost/install/ydlidar_ros2_driver/share/colcon-core/packages/ydlidar_ros2_driver)
[5.919s] Level 1:colcon.colcon_core.environment:create_environment_scripts_only(ydlidar_ros2_driver)
[5.919s] Level 1:colcon.colcon_core.environment:checking '/home/olympusforge/ros2_frost/install/ydlidar_ros2_driver' for CMake module files
[5.919s] Level 1:colcon.colcon_core.environment:checking '/home/olympusforge/ros2_frost/install/ydlidar_ros2_driver' for CMake config files
[5.920s] Level 1:colcon.colcon_core.shell:create_environment_hook('ydlidar_ros2_driver', 'cmake_prefix_path')
[5.920s] INFO:colcon.colcon_core.shell:Creating environment hook '/home/olympusforge/ros2_frost/install/ydlidar_ros2_driver/share/ydlidar_ros2_driver/hook/cmake_prefix_path.ps1'
[5.920s] INFO:colcon.colcon_core.shell:Creating environment descriptor '/home/olympusforge/ros2_frost/install/ydlidar_ros2_driver/share/ydlidar_ros2_driver/hook/cmake_prefix_path.dsv'
[5.922s] INFO:colcon.colcon_core.shell:Creating environment hook '/home/olympusforge/ros2_frost/install/ydlidar_ros2_driver/share/ydlidar_ros2_driver/hook/cmake_prefix_path.sh'
[5.922s] Level 1:colcon.colcon_core.environment:checking '/home/olympusforge/ros2_frost/install/ydlidar_ros2_driver/lib'
[5.922s] Level 1:colcon.colcon_core.environment:checking '/home/olympusforge/ros2_frost/install/ydlidar_ros2_driver/bin'
[5.922s] Level 1:colcon.colcon_core.environment:checking '/home/olympusforge/ros2_frost/install/ydlidar_ros2_driver/lib/pkgconfig/ydlidar_ros2_driver.pc'
[5.923s] Level 1:colcon.colcon_core.environment:checking '/home/olympusforge/ros2_frost/install/ydlidar_ros2_driver/lib/python3.10/site-packages'
[5.923s] Level 1:colcon.colcon_core.environment:checking '/home/olympusforge/ros2_frost/install/ydlidar_ros2_driver/bin'
[5.923s] INFO:colcon.colcon_core.shell:Creating package script '/home/olympusforge/ros2_frost/install/ydlidar_ros2_driver/share/ydlidar_ros2_driver/package.ps1'
[5.923s] INFO:colcon.colcon_core.shell:Creating package descriptor '/home/olympusforge/ros2_frost/install/ydlidar_ros2_driver/share/ydlidar_ros2_driver/package.dsv'
[5.924s] INFO:colcon.colcon_core.shell:Creating package script '/home/olympusforge/ros2_frost/install/ydlidar_ros2_driver/share/ydlidar_ros2_driver/package.sh'
[5.924s] INFO:colcon.colcon_core.shell:Creating package script '/home/olympusforge/ros2_frost/install/ydlidar_ros2_driver/share/ydlidar_ros2_driver/package.bash'
[5.925s] INFO:colcon.colcon_core.shell:Creating package script '/home/olympusforge/ros2_frost/install/ydlidar_ros2_driver/share/ydlidar_ros2_driver/package.zsh'
[5.925s] Level 1:colcon.colcon_core.environment:create_file_with_runtime_dependencies(/home/olympusforge/ros2_frost/install/ydlidar_ros2_driver/share/colcon-core/packages/ydlidar_ros2_driver)
[5.925s] DEBUG:colcon.colcon_parallel_executor.executor.parallel:closing loop
[5.926s] DEBUG:colcon.colcon_parallel_executor.executor.parallel:loop closed
[5.926s] DEBUG:colcon.colcon_parallel_executor.executor.parallel:run_until_complete finished with '0'
[5.926s] DEBUG:colcon.colcon_core.event_reactor:joining thread
[5.935s] INFO:colcon.colcon_core.plugin_system:Skipping extension 'colcon_notification.desktop_notification.terminal_notifier': Not used on non-Darwin systems
[5.935s] INFO:colcon.colcon_core.plugin_system:Skipping extension 'colcon_notification.desktop_notification.win32': Not used on non-Windows systems
[5.935s] INFO:colcon.colcon_notification.desktop_notification:Sending desktop notification using 'notify2'
[5.955s] DEBUG:colcon.colcon_core.event_reactor:joined thread
[5.956s] INFO:colcon.colcon_core.shell:Creating prefix script '/home/olympusforge/ros2_frost/install/local_setup.ps1'
[5.957s] INFO:colcon.colcon_core.shell:Creating prefix util module '/home/olympusforge/ros2_frost/install/_local_setup_util_ps1.py'
[5.959s] INFO:colcon.colcon_core.shell:Creating prefix chain script '/home/olympusforge/ros2_frost/install/setup.ps1'
[5.962s] INFO:colcon.colcon_core.shell:Creating prefix script '/home/olympusforge/ros2_frost/install/local_setup.sh'
[5.963s] INFO:colcon.colcon_core.shell:Creating prefix util module '/home/olympusforge/ros2_frost/install/_local_setup_util_sh.py'
[5.964s] INFO:colcon.colcon_core.shell:Creating prefix chain script '/home/olympusforge/ros2_frost/install/setup.sh'
[5.966s] INFO:colcon.colcon_core.shell:Creating prefix script '/home/olympusforge/ros2_frost/install/local_setup.bash'
[5.968s] INFO:colcon.colcon_core.shell:Creating prefix chain script '/home/olympusforge/ros2_frost/install/setup.bash'
[5.970s] INFO:colcon.colcon_core.shell:Creating prefix script '/home/olympusforge/ros2_frost/install/local_setup.zsh'
[5.986s] INFO:colcon.colcon_core.shell:Creating prefix chain script '/home/olympusforge/ros2_frost/install/setup.zsh'
