[0.061s] DEBUG:colcon:Command line arguments: ['/usr/bin/colcon', 'build', '--symlink-install']
[0.061s] DEBUG:colcon:Parsed command line arguments: Namespace(log_base=None, log_level=None, verb_name='build', build_base='build', install_base='install', merge_install=False, symlink_install=True, test_result_base=None, continue_on_error=False, executor='parallel', parallel_workers=8, event_handlers=None, ignore_user_meta=False, metas=['./colcon.meta'], base_paths=['.'], packages_ignore=None, packages_ignore_regex=None, paths=None, packages_up_to=None, packages_up_to_regex=None, packages_above=None, packages_above_and_dependencies=None, packages_above_depth=None, packages_select_by_dep=None, packages_skip_by_dep=None, packages_skip_up_to=None, packages_select_build_failed=False, packages_skip_build_finished=False, packages_select_test_failures=False, packages_skip_test_passed=False, packages_select=None, packages_skip=None, packages_select_regex=None, packages_skip_regex=None, packages_start=None, packages_end=None, allow_overriding=[], cmake_args=None, cmake_target=None, cmake_target_skip_unavailable=False, cmake_clean_cache=False, cmake_clean_first=False, cmake_force_configure=False, ament_cmake_args=None, catkin_cmake_args=None, catkin_skip_building_tests=False, mixin_files=None, mixin=None, verb_parser=<colcon_mixin.mixin.mixin_argument.MixinArgumentDecorator object at 0x767ad1e12c20>, verb_extension=<colcon_core.verb.build.BuildVerb object at 0x767ad1f4bbb0>, main=<bound method BuildVerb.main of <colcon_core.verb.build.BuildVerb object at 0x767ad1f4bbb0>>, mixin_verb=('build',))
[0.145s] Level 1:colcon.colcon_core.package_discovery:discover_packages(colcon_meta) check parameters
[0.145s] Level 1:colcon.colcon_core.package_discovery:discover_packages(recursive) check parameters
[0.145s] Level 1:colcon.colcon_core.package_discovery:discover_packages(ignore) check parameters
[0.145s] Level 1:colcon.colcon_core.package_discovery:discover_packages(path) check parameters
[0.145s] Level 1:colcon.colcon_core.package_discovery:discover_packages(colcon_meta) discover
[0.146s] Level 1:colcon.colcon_core.package_discovery:discover_packages(recursive) discover
[0.146s] INFO:colcon.colcon_core.package_discovery:Crawling recursively for packages in '/home/olympusforge/ros2_frost'
[0.146s] Level 1:colcon.colcon_core.package_identification:_identify(.) by extensions ['ignore', 'ignore_ament_install']
[0.146s] Level 1:colcon.colcon_core.package_identification:_identify(.) by extension 'ignore'
[0.146s] Level 1:colcon.colcon_core.package_identification:_identify(.) by extension 'ignore_ament_install'
[0.146s] Level 1:colcon.colcon_core.package_identification:_identify(.) by extensions ['colcon_pkg']
[0.146s] Level 1:colcon.colcon_core.package_identification:_identify(.) by extension 'colcon_pkg'
[0.146s] Level 1:colcon.colcon_core.package_identification:_identify(.) by extensions ['colcon_meta']
[0.146s] Level 1:colcon.colcon_core.package_identification:_identify(.) by extension 'colcon_meta'
[0.146s] Level 1:colcon.colcon_core.package_identification:_identify(.) by extensions ['ros']
[0.146s] Level 1:colcon.colcon_core.package_identification:_identify(.) by extension 'ros'
[0.152s] Level 1:colcon.colcon_core.package_identification:_identify(.) by extensions ['cmake', 'python']
[0.152s] Level 1:colcon.colcon_core.package_identification:_identify(.) by extension 'cmake'
[0.152s] Level 1:colcon.colcon_core.package_identification:_identify(.) by extension 'python'
[0.152s] Level 1:colcon.colcon_core.package_identification:_identify(.) by extensions ['python_setup_py']
[0.152s] Level 1:colcon.colcon_core.package_identification:_identify(.) by extension 'python_setup_py'
[0.152s] Level 1:colcon.colcon_core.package_identification:_identify(build) by extensions ['ignore', 'ignore_ament_install']
[0.152s] Level 1:colcon.colcon_core.package_identification:_identify(build) by extension 'ignore'
[0.152s] Level 1:colcon.colcon_core.package_identification:_identify(build) ignored
[0.153s] Level 1:colcon.colcon_core.package_identification:_identify(install) by extensions ['ignore', 'ignore_ament_install']
[0.153s] Level 1:colcon.colcon_core.package_identification:_identify(install) by extension 'ignore'
[0.153s] Level 1:colcon.colcon_core.package_identification:_identify(install) ignored
[0.153s] Level 1:colcon.colcon_core.package_identification:_identify(log) by extensions ['ignore', 'ignore_ament_install']
[0.153s] Level 1:colcon.colcon_core.package_identification:_identify(log) by extension 'ignore'
[0.153s] Level 1:colcon.colcon_core.package_identification:_identify(log) ignored
[0.153s] Level 1:colcon.colcon_core.package_identification:_identify(src) by extensions ['ignore', 'ignore_ament_install']
[0.153s] Level 1:colcon.colcon_core.package_identification:_identify(src) by extension 'ignore'
[0.153s] Level 1:colcon.colcon_core.package_identification:_identify(src) by extension 'ignore_ament_install'
[0.153s] Level 1:colcon.colcon_core.package_identification:_identify(src) by extensions ['colcon_pkg']
[0.153s] Level 1:colcon.colcon_core.package_identification:_identify(src) by extension 'colcon_pkg'
[0.153s] Level 1:colcon.colcon_core.package_identification:_identify(src) by extensions ['colcon_meta']
[0.153s] Level 1:colcon.colcon_core.package_identification:_identify(src) by extension 'colcon_meta'
[0.153s] Level 1:colcon.colcon_core.package_identification:_identify(src) by extensions ['ros']
[0.153s] Level 1:colcon.colcon_core.package_identification:_identify(src) by extension 'ros'
[0.153s] Level 1:colcon.colcon_core.package_identification:_identify(src) by extensions ['cmake', 'python']
[0.153s] Level 1:colcon.colcon_core.package_identification:_identify(src) by extension 'cmake'
[0.153s] Level 1:colcon.colcon_core.package_identification:_identify(src) by extension 'python'
[0.153s] Level 1:colcon.colcon_core.package_identification:_identify(src) by extensions ['python_setup_py']
[0.153s] Level 1:colcon.colcon_core.package_identification:_identify(src) by extension 'python_setup_py'
[0.153s] Level 1:colcon.colcon_core.package_identification:_identify(src/tortoisebot) by extensions ['ignore', 'ignore_ament_install']
[0.154s] Level 1:colcon.colcon_core.package_identification:_identify(src/tortoisebot) by extension 'ignore'
[0.154s] Level 1:colcon.colcon_core.package_identification:_identify(src/tortoisebot) by extension 'ignore_ament_install'
[0.154s] Level 1:colcon.colcon_core.package_identification:_identify(src/tortoisebot) by extensions ['colcon_pkg']
[0.154s] Level 1:colcon.colcon_core.package_identification:_identify(src/tortoisebot) by extension 'colcon_pkg'
[0.154s] Level 1:colcon.colcon_core.package_identification:_identify(src/tortoisebot) by extensions ['colcon_meta']
[0.154s] Level 1:colcon.colcon_core.package_identification:_identify(src/tortoisebot) by extension 'colcon_meta'
[0.154s] Level 1:colcon.colcon_core.package_identification:_identify(src/tortoisebot) by extensions ['ros']
[0.154s] Level 1:colcon.colcon_core.package_identification:_identify(src/tortoisebot) by extension 'ros'
[0.154s] Level 1:colcon.colcon_core.package_identification:_identify(src/tortoisebot) by extensions ['cmake', 'python']
[0.154s] Level 1:colcon.colcon_core.package_identification:_identify(src/tortoisebot) by extension 'cmake'
[0.154s] Level 1:colcon.colcon_core.package_identification:_identify(src/tortoisebot) by extension 'python'
[0.154s] Level 1:colcon.colcon_core.package_identification:_identify(src/tortoisebot) by extensions ['python_setup_py']
[0.154s] Level 1:colcon.colcon_core.package_identification:_identify(src/tortoisebot) by extension 'python_setup_py'
[0.154s] Level 1:colcon.colcon_core.package_identification:_identify(src/tortoisebot/YDLidar-SDK) by extensions ['ignore', 'ignore_ament_install']
[0.154s] Level 1:colcon.colcon_core.package_identification:_identify(src/tortoisebot/YDLidar-SDK) by extension 'ignore'
[0.154s] Level 1:colcon.colcon_core.package_identification:_identify(src/tortoisebot/YDLidar-SDK) by extension 'ignore_ament_install'
[0.154s] Level 1:colcon.colcon_core.package_identification:_identify(src/tortoisebot/YDLidar-SDK) by extensions ['colcon_pkg']
[0.154s] Level 1:colcon.colcon_core.package_identification:_identify(src/tortoisebot/YDLidar-SDK) by extension 'colcon_pkg'
[0.154s] Level 1:colcon.colcon_core.package_identification:_identify(src/tortoisebot/YDLidar-SDK) by extensions ['colcon_meta']
[0.154s] Level 1:colcon.colcon_core.package_identification:_identify(src/tortoisebot/YDLidar-SDK) by extension 'colcon_meta'
[0.154s] Level 1:colcon.colcon_core.package_identification:_identify(src/tortoisebot/YDLidar-SDK) by extensions ['ros']
[0.154s] Level 1:colcon.colcon_core.package_identification:_identify(src/tortoisebot/YDLidar-SDK) by extension 'ros'
[0.154s] Level 1:colcon.colcon_core.package_identification:_identify(src/tortoisebot/YDLidar-SDK) by extensions ['cmake', 'python']
[0.154s] Level 1:colcon.colcon_core.package_identification:_identify(src/tortoisebot/YDLidar-SDK) by extension 'cmake'
[0.163s] Level 1:colcon.colcon_core.package_identification:_identify(src/tortoisebot/YDLidar-SDK) by extension 'python'
[0.163s] DEBUG:colcon.colcon_core.package_identification:Package 'src/tortoisebot/YDLidar-SDK' with type 'cmake' and name 'ydlidar_sdk'
[0.163s] Level 1:colcon.colcon_core.package_identification:_identify(src/tortoisebot/maps) by extensions ['ignore', 'ignore_ament_install']
[0.164s] Level 1:colcon.colcon_core.package_identification:_identify(src/tortoisebot/maps) by extension 'ignore'
[0.164s] Level 1:colcon.colcon_core.package_identification:_identify(src/tortoisebot/maps) by extension 'ignore_ament_install'
[0.164s] Level 1:colcon.colcon_core.package_identification:_identify(src/tortoisebot/maps) by extensions ['colcon_pkg']
[0.164s] Level 1:colcon.colcon_core.package_identification:_identify(src/tortoisebot/maps) by extension 'colcon_pkg'
[0.164s] Level 1:colcon.colcon_core.package_identification:_identify(src/tortoisebot/maps) by extensions ['colcon_meta']
[0.164s] Level 1:colcon.colcon_core.package_identification:_identify(src/tortoisebot/maps) by extension 'colcon_meta'
[0.164s] Level 1:colcon.colcon_core.package_identification:_identify(src/tortoisebot/maps) by extensions ['ros']
[0.164s] Level 1:colcon.colcon_core.package_identification:_identify(src/tortoisebot/maps) by extension 'ros'
[0.164s] Level 1:colcon.colcon_core.package_identification:_identify(src/tortoisebot/maps) by extensions ['cmake', 'python']
[0.164s] Level 1:colcon.colcon_core.package_identification:_identify(src/tortoisebot/maps) by extension 'cmake'
[0.164s] Level 1:colcon.colcon_core.package_identification:_identify(src/tortoisebot/maps) by extension 'python'
[0.164s] Level 1:colcon.colcon_core.package_identification:_identify(src/tortoisebot/maps) by extensions ['python_setup_py']
[0.164s] Level 1:colcon.colcon_core.package_identification:_identify(src/tortoisebot/maps) by extension 'python_setup_py'
[0.164s] Level 1:colcon.colcon_core.package_identification:_identify(src/tortoisebot/tortoisebot_bringup) by extensions ['ignore', 'ignore_ament_install']
[0.164s] Level 1:colcon.colcon_core.package_identification:_identify(src/tortoisebot/tortoisebot_bringup) by extension 'ignore'
[0.164s] Level 1:colcon.colcon_core.package_identification:_identify(src/tortoisebot/tortoisebot_bringup) by extension 'ignore_ament_install'
[0.164s] Level 1:colcon.colcon_core.package_identification:_identify(src/tortoisebot/tortoisebot_bringup) by extensions ['colcon_pkg']
[0.164s] Level 1:colcon.colcon_core.package_identification:_identify(src/tortoisebot/tortoisebot_bringup) by extension 'colcon_pkg'
[0.164s] Level 1:colcon.colcon_core.package_identification:_identify(src/tortoisebot/tortoisebot_bringup) by extensions ['colcon_meta']
[0.164s] Level 1:colcon.colcon_core.package_identification:_identify(src/tortoisebot/tortoisebot_bringup) by extension 'colcon_meta'
[0.164s] Level 1:colcon.colcon_core.package_identification:_identify(src/tortoisebot/tortoisebot_bringup) by extensions ['ros']
[0.164s] Level 1:colcon.colcon_core.package_identification:_identify(src/tortoisebot/tortoisebot_bringup) by extension 'ros'
[0.165s] DEBUG:colcon.colcon_core.package_identification:Package 'src/tortoisebot/tortoisebot_bringup' with type 'ros.ament_cmake' and name 'tortoisebot_bringup'
[0.166s] Level 1:colcon.colcon_core.package_identification:_identify(src/tortoisebot/tortoisebot_control) by extensions ['ignore', 'ignore_ament_install']
[0.166s] Level 1:colcon.colcon_core.package_identification:_identify(src/tortoisebot/tortoisebot_control) by extension 'ignore'
[0.166s] Level 1:colcon.colcon_core.package_identification:_identify(src/tortoisebot/tortoisebot_control) by extension 'ignore_ament_install'
[0.166s] Level 1:colcon.colcon_core.package_identification:_identify(src/tortoisebot/tortoisebot_control) by extensions ['colcon_pkg']
[0.166s] Level 1:colcon.colcon_core.package_identification:_identify(src/tortoisebot/tortoisebot_control) by extension 'colcon_pkg'
[0.166s] Level 1:colcon.colcon_core.package_identification:_identify(src/tortoisebot/tortoisebot_control) by extensions ['colcon_meta']
[0.166s] Level 1:colcon.colcon_core.package_identification:_identify(src/tortoisebot/tortoisebot_control) by extension 'colcon_meta'
[0.166s] Level 1:colcon.colcon_core.package_identification:_identify(src/tortoisebot/tortoisebot_control) by extensions ['ros']
[0.166s] Level 1:colcon.colcon_core.package_identification:_identify(src/tortoisebot/tortoisebot_control) by extension 'ros'
[0.166s] DEBUG:colcon.colcon_core.package_identification:Package 'src/tortoisebot/tortoisebot_control' with type 'ros.ament_python' and name 'tortoisebot_control'
[0.166s] Level 1:colcon.colcon_core.package_identification:_identify(src/tortoisebot/tortoisebot_description) by extensions ['ignore', 'ignore_ament_install']
[0.166s] Level 1:colcon.colcon_core.package_identification:_identify(src/tortoisebot/tortoisebot_description) by extension 'ignore'
[0.166s] Level 1:colcon.colcon_core.package_identification:_identify(src/tortoisebot/tortoisebot_description) by extension 'ignore_ament_install'
[0.166s] Level 1:colcon.colcon_core.package_identification:_identify(src/tortoisebot/tortoisebot_description) by extensions ['colcon_pkg']
[0.166s] Level 1:colcon.colcon_core.package_identification:_identify(src/tortoisebot/tortoisebot_description) by extension 'colcon_pkg'
[0.167s] Level 1:colcon.colcon_core.package_identification:_identify(src/tortoisebot/tortoisebot_description) by extensions ['colcon_meta']
[0.167s] Level 1:colcon.colcon_core.package_identification:_identify(src/tortoisebot/tortoisebot_description) by extension 'colcon_meta'
[0.167s] Level 1:colcon.colcon_core.package_identification:_identify(src/tortoisebot/tortoisebot_description) by extensions ['ros']
[0.167s] Level 1:colcon.colcon_core.package_identification:_identify(src/tortoisebot/tortoisebot_description) by extension 'ros'
[0.167s] DEBUG:colcon.colcon_core.package_identification:Package 'src/tortoisebot/tortoisebot_description' with type 'ros.ament_cmake' and name 'tortoisebot_description'
[0.167s] Level 1:colcon.colcon_core.package_identification:_identify(src/tortoisebot/tortoisebot_firmware) by extensions ['ignore', 'ignore_ament_install']
[0.167s] Level 1:colcon.colcon_core.package_identification:_identify(src/tortoisebot/tortoisebot_firmware) by extension 'ignore'
[0.167s] Level 1:colcon.colcon_core.package_identification:_identify(src/tortoisebot/tortoisebot_firmware) by extension 'ignore_ament_install'
[0.167s] Level 1:colcon.colcon_core.package_identification:_identify(src/tortoisebot/tortoisebot_firmware) by extensions ['colcon_pkg']
[0.167s] Level 1:colcon.colcon_core.package_identification:_identify(src/tortoisebot/tortoisebot_firmware) by extension 'colcon_pkg'
[0.167s] Level 1:colcon.colcon_core.package_identification:_identify(src/tortoisebot/tortoisebot_firmware) by extensions ['colcon_meta']
[0.167s] Level 1:colcon.colcon_core.package_identification:_identify(src/tortoisebot/tortoisebot_firmware) by extension 'colcon_meta'
[0.167s] Level 1:colcon.colcon_core.package_identification:_identify(src/tortoisebot/tortoisebot_firmware) by extensions ['ros']
[0.167s] Level 1:colcon.colcon_core.package_identification:_identify(src/tortoisebot/tortoisebot_firmware) by extension 'ros'
[0.168s] DEBUG:colcon.colcon_core.package_identification:Package 'src/tortoisebot/tortoisebot_firmware' with type 'ros.ament_cmake' and name 'tortoisebot_firmware'
[0.168s] Level 1:colcon.colcon_core.package_identification:_identify(src/tortoisebot/tortoisebot_gazebo) by extensions ['ignore', 'ignore_ament_install']
[0.168s] Level 1:colcon.colcon_core.package_identification:_identify(src/tortoisebot/tortoisebot_gazebo) by extension 'ignore'
[0.168s] Level 1:colcon.colcon_core.package_identification:_identify(src/tortoisebot/tortoisebot_gazebo) by extension 'ignore_ament_install'
[0.168s] Level 1:colcon.colcon_core.package_identification:_identify(src/tortoisebot/tortoisebot_gazebo) by extensions ['colcon_pkg']
[0.168s] Level 1:colcon.colcon_core.package_identification:_identify(src/tortoisebot/tortoisebot_gazebo) by extension 'colcon_pkg'
[0.168s] Level 1:colcon.colcon_core.package_identification:_identify(src/tortoisebot/tortoisebot_gazebo) by extensions ['colcon_meta']
[0.168s] Level 1:colcon.colcon_core.package_identification:_identify(src/tortoisebot/tortoisebot_gazebo) by extension 'colcon_meta'
[0.168s] Level 1:colcon.colcon_core.package_identification:_identify(src/tortoisebot/tortoisebot_gazebo) by extensions ['ros']
[0.168s] Level 1:colcon.colcon_core.package_identification:_identify(src/tortoisebot/tortoisebot_gazebo) by extension 'ros'
[0.169s] DEBUG:colcon.colcon_core.package_identification:Package 'src/tortoisebot/tortoisebot_gazebo' with type 'ros.ament_cmake' and name 'tortoisebot_gazebo'
[0.169s] Level 1:colcon.colcon_core.package_identification:_identify(src/tortoisebot/tortoisebot_navigation) by extensions ['ignore', 'ignore_ament_install']
[0.169s] Level 1:colcon.colcon_core.package_identification:_identify(src/tortoisebot/tortoisebot_navigation) by extension 'ignore'
[0.169s] Level 1:colcon.colcon_core.package_identification:_identify(src/tortoisebot/tortoisebot_navigation) by extension 'ignore_ament_install'
[0.169s] Level 1:colcon.colcon_core.package_identification:_identify(src/tortoisebot/tortoisebot_navigation) by extensions ['colcon_pkg']
[0.169s] Level 1:colcon.colcon_core.package_identification:_identify(src/tortoisebot/tortoisebot_navigation) by extension 'colcon_pkg'
[0.169s] Level 1:colcon.colcon_core.package_identification:_identify(src/tortoisebot/tortoisebot_navigation) by extensions ['colcon_meta']
[0.169s] Level 1:colcon.colcon_core.package_identification:_identify(src/tortoisebot/tortoisebot_navigation) by extension 'colcon_meta'
[0.169s] Level 1:colcon.colcon_core.package_identification:_identify(src/tortoisebot/tortoisebot_navigation) by extensions ['ros']
[0.169s] Level 1:colcon.colcon_core.package_identification:_identify(src/tortoisebot/tortoisebot_navigation) by extension 'ros'
[0.169s] DEBUG:colcon.colcon_core.package_identification:Package 'src/tortoisebot/tortoisebot_navigation' with type 'ros.ament_cmake' and name 'tortoisebot_navigation'
[0.169s] Level 1:colcon.colcon_core.package_identification:_identify(src/tortoisebot/tortoisebot_slam) by extensions ['ignore', 'ignore_ament_install']
[0.169s] Level 1:colcon.colcon_core.package_identification:_identify(src/tortoisebot/tortoisebot_slam) by extension 'ignore'
[0.169s] Level 1:colcon.colcon_core.package_identification:_identify(src/tortoisebot/tortoisebot_slam) by extension 'ignore_ament_install'
[0.169s] Level 1:colcon.colcon_core.package_identification:_identify(src/tortoisebot/tortoisebot_slam) by extensions ['colcon_pkg']
[0.170s] Level 1:colcon.colcon_core.package_identification:_identify(src/tortoisebot/tortoisebot_slam) by extension 'colcon_pkg'
[0.170s] Level 1:colcon.colcon_core.package_identification:_identify(src/tortoisebot/tortoisebot_slam) by extensions ['colcon_meta']
[0.170s] Level 1:colcon.colcon_core.package_identification:_identify(src/tortoisebot/tortoisebot_slam) by extension 'colcon_meta'
[0.170s] Level 1:colcon.colcon_core.package_identification:_identify(src/tortoisebot/tortoisebot_slam) by extensions ['ros']
[0.170s] Level 1:colcon.colcon_core.package_identification:_identify(src/tortoisebot/tortoisebot_slam) by extension 'ros'
[0.170s] DEBUG:colcon.colcon_core.package_identification:Package 'src/tortoisebot/tortoisebot_slam' with type 'ros.ament_cmake' and name 'tortoisebot_slam'
[0.170s] Level 1:colcon.colcon_core.package_identification:_identify(src/tortoisebot/v4l2_camera) by extensions ['ignore', 'ignore_ament_install']
[0.170s] Level 1:colcon.colcon_core.package_identification:_identify(src/tortoisebot/v4l2_camera) by extension 'ignore'
[0.170s] Level 1:colcon.colcon_core.package_identification:_identify(src/tortoisebot/v4l2_camera) by extension 'ignore_ament_install'
[0.170s] Level 1:colcon.colcon_core.package_identification:_identify(src/tortoisebot/v4l2_camera) by extensions ['colcon_pkg']
[0.170s] Level 1:colcon.colcon_core.package_identification:_identify(src/tortoisebot/v4l2_camera) by extension 'colcon_pkg'
[0.170s] Level 1:colcon.colcon_core.package_identification:_identify(src/tortoisebot/v4l2_camera) by extensions ['colcon_meta']
[0.170s] Level 1:colcon.colcon_core.package_identification:_identify(src/tortoisebot/v4l2_camera) by extension 'colcon_meta'
[0.170s] Level 1:colcon.colcon_core.package_identification:_identify(src/tortoisebot/v4l2_camera) by extensions ['ros']
[0.170s] Level 1:colcon.colcon_core.package_identification:_identify(src/tortoisebot/v4l2_camera) by extension 'ros'
[0.171s] DEBUG:colcon.colcon_core.package_identification:Package 'src/tortoisebot/v4l2_camera' with type 'ros.ament_cmake' and name 'v4l2_camera'
[0.171s] Level 1:colcon.colcon_core.package_identification:_identify(src/tortoisebot/ydlidar_ros2_driver) by extensions ['ignore', 'ignore_ament_install']
[0.171s] Level 1:colcon.colcon_core.package_identification:_identify(src/tortoisebot/ydlidar_ros2_driver) by extension 'ignore'
[0.171s] Level 1:colcon.colcon_core.package_identification:_identify(src/tortoisebot/ydlidar_ros2_driver) by extension 'ignore_ament_install'
[0.171s] Level 1:colcon.colcon_core.package_identification:_identify(src/tortoisebot/ydlidar_ros2_driver) by extensions ['colcon_pkg']
[0.171s] Level 1:colcon.colcon_core.package_identification:_identify(src/tortoisebot/ydlidar_ros2_driver) by extension 'colcon_pkg'
[0.171s] Level 1:colcon.colcon_core.package_identification:_identify(src/tortoisebot/ydlidar_ros2_driver) by extensions ['colcon_meta']
[0.171s] Level 1:colcon.colcon_core.package_identification:_identify(src/tortoisebot/ydlidar_ros2_driver) by extension 'colcon_meta'
[0.171s] Level 1:colcon.colcon_core.package_identification:_identify(src/tortoisebot/ydlidar_ros2_driver) by extensions ['ros']
[0.171s] Level 1:colcon.colcon_core.package_identification:_identify(src/tortoisebot/ydlidar_ros2_driver) by extension 'ros'
[0.171s] DEBUG:colcon.colcon_core.package_identification:Package 'src/tortoisebot/ydlidar_ros2_driver' with type 'ros.ament_cmake' and name 'ydlidar_ros2_driver'
[0.172s] Level 1:colcon.colcon_core.package_discovery:discover_packages(recursive) using defaults
[0.172s] Level 1:colcon.colcon_core.package_discovery:discover_packages(ignore) discover
[0.172s] Level 1:colcon.colcon_core.package_discovery:discover_packages(ignore) using defaults
[0.172s] Level 1:colcon.colcon_core.package_discovery:discover_packages(path) discover
[0.172s] Level 1:colcon.colcon_core.package_discovery:discover_packages(path) using defaults
[0.192s] Level 1:colcon.colcon_core.package_discovery:discover_packages(prefix_path) check parameters
[0.193s] Level 1:colcon.colcon_core.package_discovery:discover_packages(prefix_path) discover
[0.194s] DEBUG:colcon.colcon_installed_package_information.package_discovery:Found 10 installed packages in /home/olympusforge/ros2_frost/install
[0.195s] DEBUG:colcon.colcon_installed_package_information.package_discovery:Found 330 installed packages in /opt/ros/humble
[0.195s] Level 1:colcon.colcon_core.package_discovery:discover_packages(prefix_path) using defaults
[0.217s] Level 5:colcon.colcon_core.verb:set package 'tortoisebot_bringup' build argument 'cmake_args' from command line to 'None'
[0.217s] Level 5:colcon.colcon_core.verb:set package 'tortoisebot_bringup' build argument 'cmake_target' from command line to 'None'
[0.217s] Level 5:colcon.colcon_core.verb:set package 'tortoisebot_bringup' build argument 'cmake_target_skip_unavailable' from command line to 'False'
[0.217s] Level 5:colcon.colcon_core.verb:set package 'tortoisebot_bringup' build argument 'cmake_clean_cache' from command line to 'False'
[0.217s] Level 5:colcon.colcon_core.verb:set package 'tortoisebot_bringup' build argument 'cmake_clean_first' from command line to 'False'
[0.217s] Level 5:colcon.colcon_core.verb:set package 'tortoisebot_bringup' build argument 'cmake_force_configure' from command line to 'False'
[0.217s] Level 5:colcon.colcon_core.verb:set package 'tortoisebot_bringup' build argument 'ament_cmake_args' from command line to 'None'
[0.217s] Level 5:colcon.colcon_core.verb:set package 'tortoisebot_bringup' build argument 'catkin_cmake_args' from command line to 'None'
[0.217s] Level 5:colcon.colcon_core.verb:set package 'tortoisebot_bringup' build argument 'catkin_skip_building_tests' from command line to 'False'
[0.217s] DEBUG:colcon.colcon_core.verb:Building package 'tortoisebot_bringup' with the following arguments: {'ament_cmake_args': None, 'build_base': '/home/olympusforge/ros2_frost/build/tortoisebot_bringup', 'catkin_cmake_args': None, 'catkin_skip_building_tests': False, 'cmake_args': None, 'cmake_clean_cache': False, 'cmake_clean_first': False, 'cmake_force_configure': False, 'cmake_target': None, 'cmake_target_skip_unavailable': False, 'install_base': '/home/olympusforge/ros2_frost/install/tortoisebot_bringup', 'merge_install': False, 'path': '/home/olympusforge/ros2_frost/src/tortoisebot/tortoisebot_bringup', 'symlink_install': True, 'test_result_base': None}
[0.217s] Level 5:colcon.colcon_core.verb:set package 'tortoisebot_control' build argument 'cmake_args' from command line to 'None'
[0.217s] Level 5:colcon.colcon_core.verb:set package 'tortoisebot_control' build argument 'cmake_target' from command line to 'None'
[0.217s] Level 5:colcon.colcon_core.verb:set package 'tortoisebot_control' build argument 'cmake_target_skip_unavailable' from command line to 'False'
[0.217s] Level 5:colcon.colcon_core.verb:set package 'tortoisebot_control' build argument 'cmake_clean_cache' from command line to 'False'
[0.217s] Level 5:colcon.colcon_core.verb:set package 'tortoisebot_control' build argument 'cmake_clean_first' from command line to 'False'
[0.217s] Level 5:colcon.colcon_core.verb:set package 'tortoisebot_control' build argument 'cmake_force_configure' from command line to 'False'
[0.217s] Level 5:colcon.colcon_core.verb:set package 'tortoisebot_control' build argument 'ament_cmake_args' from command line to 'None'
[0.217s] Level 5:colcon.colcon_core.verb:set package 'tortoisebot_control' build argument 'catkin_cmake_args' from command line to 'None'
[0.217s] Level 5:colcon.colcon_core.verb:set package 'tortoisebot_control' build argument 'catkin_skip_building_tests' from command line to 'False'
[0.217s] DEBUG:colcon.colcon_core.verb:Building package 'tortoisebot_control' with the following arguments: {'ament_cmake_args': None, 'build_base': '/home/olympusforge/ros2_frost/build/tortoisebot_control', 'catkin_cmake_args': None, 'catkin_skip_building_tests': False, 'cmake_args': None, 'cmake_clean_cache': False, 'cmake_clean_first': False, 'cmake_force_configure': False, 'cmake_target': None, 'cmake_target_skip_unavailable': False, 'install_base': '/home/olympusforge/ros2_frost/install/tortoisebot_control', 'merge_install': False, 'path': '/home/olympusforge/ros2_frost/src/tortoisebot/tortoisebot_control', 'symlink_install': True, 'test_result_base': None}
[0.218s] Level 5:colcon.colcon_core.verb:set package 'tortoisebot_description' build argument 'cmake_args' from command line to 'None'
[0.218s] Level 5:colcon.colcon_core.verb:set package 'tortoisebot_description' build argument 'cmake_target' from command line to 'None'
[0.218s] Level 5:colcon.colcon_core.verb:set package 'tortoisebot_description' build argument 'cmake_target_skip_unavailable' from command line to 'False'
[0.218s] Level 5:colcon.colcon_core.verb:set package 'tortoisebot_description' build argument 'cmake_clean_cache' from command line to 'False'
[0.218s] Level 5:colcon.colcon_core.verb:set package 'tortoisebot_description' build argument 'cmake_clean_first' from command line to 'False'
[0.218s] Level 5:colcon.colcon_core.verb:set package 'tortoisebot_description' build argument 'cmake_force_configure' from command line to 'False'
[0.218s] Level 5:colcon.colcon_core.verb:set package 'tortoisebot_description' build argument 'ament_cmake_args' from command line to 'None'
[0.218s] Level 5:colcon.colcon_core.verb:set package 'tortoisebot_description' build argument 'catkin_cmake_args' from command line to 'None'
[0.218s] Level 5:colcon.colcon_core.verb:set package 'tortoisebot_description' build argument 'catkin_skip_building_tests' from command line to 'False'
[0.218s] DEBUG:colcon.colcon_core.verb:Building package 'tortoisebot_description' with the following arguments: {'ament_cmake_args': None, 'build_base': '/home/olympusforge/ros2_frost/build/tortoisebot_description', 'catkin_cmake_args': None, 'catkin_skip_building_tests': False, 'cmake_args': None, 'cmake_clean_cache': False, 'cmake_clean_first': False, 'cmake_force_configure': False, 'cmake_target': None, 'cmake_target_skip_unavailable': False, 'install_base': '/home/olympusforge/ros2_frost/install/tortoisebot_description', 'merge_install': False, 'path': '/home/olympusforge/ros2_frost/src/tortoisebot/tortoisebot_description', 'symlink_install': True, 'test_result_base': None}
[0.218s] Level 5:colcon.colcon_core.verb:set package 'tortoisebot_firmware' build argument 'cmake_args' from command line to 'None'
[0.218s] Level 5:colcon.colcon_core.verb:set package 'tortoisebot_firmware' build argument 'cmake_target' from command line to 'None'
[0.218s] Level 5:colcon.colcon_core.verb:set package 'tortoisebot_firmware' build argument 'cmake_target_skip_unavailable' from command line to 'False'
[0.218s] Level 5:colcon.colcon_core.verb:set package 'tortoisebot_firmware' build argument 'cmake_clean_cache' from command line to 'False'
[0.218s] Level 5:colcon.colcon_core.verb:set package 'tortoisebot_firmware' build argument 'cmake_clean_first' from command line to 'False'
[0.218s] Level 5:colcon.colcon_core.verb:set package 'tortoisebot_firmware' build argument 'cmake_force_configure' from command line to 'False'
[0.218s] Level 5:colcon.colcon_core.verb:set package 'tortoisebot_firmware' build argument 'ament_cmake_args' from command line to 'None'
[0.218s] Level 5:colcon.colcon_core.verb:set package 'tortoisebot_firmware' build argument 'catkin_cmake_args' from command line to 'None'
[0.218s] Level 5:colcon.colcon_core.verb:set package 'tortoisebot_firmware' build argument 'catkin_skip_building_tests' from command line to 'False'
[0.218s] DEBUG:colcon.colcon_core.verb:Building package 'tortoisebot_firmware' with the following arguments: {'ament_cmake_args': None, 'build_base': '/home/olympusforge/ros2_frost/build/tortoisebot_firmware', 'catkin_cmake_args': None, 'catkin_skip_building_tests': False, 'cmake_args': None, 'cmake_clean_cache': False, 'cmake_clean_first': False, 'cmake_force_configure': False, 'cmake_target': None, 'cmake_target_skip_unavailable': False, 'install_base': '/home/olympusforge/ros2_frost/install/tortoisebot_firmware', 'merge_install': False, 'path': '/home/olympusforge/ros2_frost/src/tortoisebot/tortoisebot_firmware', 'symlink_install': True, 'test_result_base': None}
[0.218s] Level 5:colcon.colcon_core.verb:set package 'tortoisebot_gazebo' build argument 'cmake_args' from command line to 'None'
[0.218s] Level 5:colcon.colcon_core.verb:set package 'tortoisebot_gazebo' build argument 'cmake_target' from command line to 'None'
[0.218s] Level 5:colcon.colcon_core.verb:set package 'tortoisebot_gazebo' build argument 'cmake_target_skip_unavailable' from command line to 'False'
[0.218s] Level 5:colcon.colcon_core.verb:set package 'tortoisebot_gazebo' build argument 'cmake_clean_cache' from command line to 'False'
[0.218s] Level 5:colcon.colcon_core.verb:set package 'tortoisebot_gazebo' build argument 'cmake_clean_first' from command line to 'False'
[0.218s] Level 5:colcon.colcon_core.verb:set package 'tortoisebot_gazebo' build argument 'cmake_force_configure' from command line to 'False'
[0.219s] Level 5:colcon.colcon_core.verb:set package 'tortoisebot_gazebo' build argument 'ament_cmake_args' from command line to 'None'
[0.219s] Level 5:colcon.colcon_core.verb:set package 'tortoisebot_gazebo' build argument 'catkin_cmake_args' from command line to 'None'
[0.219s] Level 5:colcon.colcon_core.verb:set package 'tortoisebot_gazebo' build argument 'catkin_skip_building_tests' from command line to 'False'
[0.219s] DEBUG:colcon.colcon_core.verb:Building package 'tortoisebot_gazebo' with the following arguments: {'ament_cmake_args': None, 'build_base': '/home/olympusforge/ros2_frost/build/tortoisebot_gazebo', 'catkin_cmake_args': None, 'catkin_skip_building_tests': False, 'cmake_args': None, 'cmake_clean_cache': False, 'cmake_clean_first': False, 'cmake_force_configure': False, 'cmake_target': None, 'cmake_target_skip_unavailable': False, 'install_base': '/home/olympusforge/ros2_frost/install/tortoisebot_gazebo', 'merge_install': False, 'path': '/home/olympusforge/ros2_frost/src/tortoisebot/tortoisebot_gazebo', 'symlink_install': True, 'test_result_base': None}
[0.219s] Level 5:colcon.colcon_core.verb:set package 'tortoisebot_navigation' build argument 'cmake_args' from command line to 'None'
[0.219s] Level 5:colcon.colcon_core.verb:set package 'tortoisebot_navigation' build argument 'cmake_target' from command line to 'None'
[0.219s] Level 5:colcon.colcon_core.verb:set package 'tortoisebot_navigation' build argument 'cmake_target_skip_unavailable' from command line to 'False'
[0.219s] Level 5:colcon.colcon_core.verb:set package 'tortoisebot_navigation' build argument 'cmake_clean_cache' from command line to 'False'
[0.219s] Level 5:colcon.colcon_core.verb:set package 'tortoisebot_navigation' build argument 'cmake_clean_first' from command line to 'False'
[0.219s] Level 5:colcon.colcon_core.verb:set package 'tortoisebot_navigation' build argument 'cmake_force_configure' from command line to 'False'
[0.219s] Level 5:colcon.colcon_core.verb:set package 'tortoisebot_navigation' build argument 'ament_cmake_args' from command line to 'None'
[0.219s] Level 5:colcon.colcon_core.verb:set package 'tortoisebot_navigation' build argument 'catkin_cmake_args' from command line to 'None'
[0.219s] Level 5:colcon.colcon_core.verb:set package 'tortoisebot_navigation' build argument 'catkin_skip_building_tests' from command line to 'False'
[0.219s] DEBUG:colcon.colcon_core.verb:Building package 'tortoisebot_navigation' with the following arguments: {'ament_cmake_args': None, 'build_base': '/home/olympusforge/ros2_frost/build/tortoisebot_navigation', 'catkin_cmake_args': None, 'catkin_skip_building_tests': False, 'cmake_args': None, 'cmake_clean_cache': False, 'cmake_clean_first': False, 'cmake_force_configure': False, 'cmake_target': None, 'cmake_target_skip_unavailable': False, 'install_base': '/home/olympusforge/ros2_frost/install/tortoisebot_navigation', 'merge_install': False, 'path': '/home/olympusforge/ros2_frost/src/tortoisebot/tortoisebot_navigation', 'symlink_install': True, 'test_result_base': None}
[0.219s] Level 5:colcon.colcon_core.verb:set package 'tortoisebot_slam' build argument 'cmake_args' from command line to 'None'
[0.219s] Level 5:colcon.colcon_core.verb:set package 'tortoisebot_slam' build argument 'cmake_target' from command line to 'None'
[0.219s] Level 5:colcon.colcon_core.verb:set package 'tortoisebot_slam' build argument 'cmake_target_skip_unavailable' from command line to 'False'
[0.219s] Level 5:colcon.colcon_core.verb:set package 'tortoisebot_slam' build argument 'cmake_clean_cache' from command line to 'False'
[0.219s] Level 5:colcon.colcon_core.verb:set package 'tortoisebot_slam' build argument 'cmake_clean_first' from command line to 'False'
[0.219s] Level 5:colcon.colcon_core.verb:set package 'tortoisebot_slam' build argument 'cmake_force_configure' from command line to 'False'
[0.219s] Level 5:colcon.colcon_core.verb:set package 'tortoisebot_slam' build argument 'ament_cmake_args' from command line to 'None'
[0.219s] Level 5:colcon.colcon_core.verb:set package 'tortoisebot_slam' build argument 'catkin_cmake_args' from command line to 'None'
[0.219s] Level 5:colcon.colcon_core.verb:set package 'tortoisebot_slam' build argument 'catkin_skip_building_tests' from command line to 'False'
[0.219s] DEBUG:colcon.colcon_core.verb:Building package 'tortoisebot_slam' with the following arguments: {'ament_cmake_args': None, 'build_base': '/home/olympusforge/ros2_frost/build/tortoisebot_slam', 'catkin_cmake_args': None, 'catkin_skip_building_tests': False, 'cmake_args': None, 'cmake_clean_cache': False, 'cmake_clean_first': False, 'cmake_force_configure': False, 'cmake_target': None, 'cmake_target_skip_unavailable': False, 'install_base': '/home/olympusforge/ros2_frost/install/tortoisebot_slam', 'merge_install': False, 'path': '/home/olympusforge/ros2_frost/src/tortoisebot/tortoisebot_slam', 'symlink_install': True, 'test_result_base': None}
[0.219s] Level 5:colcon.colcon_core.verb:set package 'v4l2_camera' build argument 'cmake_args' from command line to 'None'
[0.220s] Level 5:colcon.colcon_core.verb:set package 'v4l2_camera' build argument 'cmake_target' from command line to 'None'
[0.220s] Level 5:colcon.colcon_core.verb:set package 'v4l2_camera' build argument 'cmake_target_skip_unavailable' from command line to 'False'
[0.220s] Level 5:colcon.colcon_core.verb:set package 'v4l2_camera' build argument 'cmake_clean_cache' from command line to 'False'
[0.220s] Level 5:colcon.colcon_core.verb:set package 'v4l2_camera' build argument 'cmake_clean_first' from command line to 'False'
[0.220s] Level 5:colcon.colcon_core.verb:set package 'v4l2_camera' build argument 'cmake_force_configure' from command line to 'False'
[0.220s] Level 5:colcon.colcon_core.verb:set package 'v4l2_camera' build argument 'ament_cmake_args' from command line to 'None'
[0.220s] Level 5:colcon.colcon_core.verb:set package 'v4l2_camera' build argument 'catkin_cmake_args' from command line to 'None'
[0.220s] Level 5:colcon.colcon_core.verb:set package 'v4l2_camera' build argument 'catkin_skip_building_tests' from command line to 'False'
[0.220s] DEBUG:colcon.colcon_core.verb:Building package 'v4l2_camera' with the following arguments: {'ament_cmake_args': None, 'build_base': '/home/olympusforge/ros2_frost/build/v4l2_camera', 'catkin_cmake_args': None, 'catkin_skip_building_tests': False, 'cmake_args': None, 'cmake_clean_cache': False, 'cmake_clean_first': False, 'cmake_force_configure': False, 'cmake_target': None, 'cmake_target_skip_unavailable': False, 'install_base': '/home/olympusforge/ros2_frost/install/v4l2_camera', 'merge_install': False, 'path': '/home/olympusforge/ros2_frost/src/tortoisebot/v4l2_camera', 'symlink_install': True, 'test_result_base': None}
[0.220s] Level 5:colcon.colcon_core.verb:set package 'ydlidar_ros2_driver' build argument 'cmake_args' from command line to 'None'
[0.220s] Level 5:colcon.colcon_core.verb:set package 'ydlidar_ros2_driver' build argument 'cmake_target' from command line to 'None'
[0.220s] Level 5:colcon.colcon_core.verb:set package 'ydlidar_ros2_driver' build argument 'cmake_target_skip_unavailable' from command line to 'False'
[0.220s] Level 5:colcon.colcon_core.verb:set package 'ydlidar_ros2_driver' build argument 'cmake_clean_cache' from command line to 'False'
[0.220s] Level 5:colcon.colcon_core.verb:set package 'ydlidar_ros2_driver' build argument 'cmake_clean_first' from command line to 'False'
[0.220s] Level 5:colcon.colcon_core.verb:set package 'ydlidar_ros2_driver' build argument 'cmake_force_configure' from command line to 'False'
[0.220s] Level 5:colcon.colcon_core.verb:set package 'ydlidar_ros2_driver' build argument 'ament_cmake_args' from command line to 'None'
[0.220s] Level 5:colcon.colcon_core.verb:set package 'ydlidar_ros2_driver' build argument 'catkin_cmake_args' from command line to 'None'
[0.220s] Level 5:colcon.colcon_core.verb:set package 'ydlidar_ros2_driver' build argument 'catkin_skip_building_tests' from command line to 'False'
[0.220s] DEBUG:colcon.colcon_core.verb:Building package 'ydlidar_ros2_driver' with the following arguments: {'ament_cmake_args': None, 'build_base': '/home/olympusforge/ros2_frost/build/ydlidar_ros2_driver', 'catkin_cmake_args': None, 'catkin_skip_building_tests': False, 'cmake_args': None, 'cmake_clean_cache': False, 'cmake_clean_first': False, 'cmake_force_configure': False, 'cmake_target': None, 'cmake_target_skip_unavailable': False, 'install_base': '/home/olympusforge/ros2_frost/install/ydlidar_ros2_driver', 'merge_install': False, 'path': '/home/olympusforge/ros2_frost/src/tortoisebot/ydlidar_ros2_driver', 'symlink_install': True, 'test_result_base': None}
[0.220s] Level 5:colcon.colcon_core.verb:set package 'ydlidar_sdk' build argument 'cmake_args' from command line to 'None'
[0.220s] Level 5:colcon.colcon_core.verb:set package 'ydlidar_sdk' build argument 'cmake_target' from command line to 'None'
[0.220s] Level 5:colcon.colcon_core.verb:set package 'ydlidar_sdk' build argument 'cmake_target_skip_unavailable' from command line to 'False'
[0.220s] Level 5:colcon.colcon_core.verb:set package 'ydlidar_sdk' build argument 'cmake_clean_cache' from command line to 'False'
[0.220s] Level 5:colcon.colcon_core.verb:set package 'ydlidar_sdk' build argument 'cmake_clean_first' from command line to 'False'
[0.220s] Level 5:colcon.colcon_core.verb:set package 'ydlidar_sdk' build argument 'cmake_force_configure' from command line to 'False'
[0.220s] Level 5:colcon.colcon_core.verb:set package 'ydlidar_sdk' build argument 'ament_cmake_args' from command line to 'None'
[0.220s] Level 5:colcon.colcon_core.verb:set package 'ydlidar_sdk' build argument 'catkin_cmake_args' from command line to 'None'
[0.220s] Level 5:colcon.colcon_core.verb:set package 'ydlidar_sdk' build argument 'catkin_skip_building_tests' from command line to 'False'
[0.220s] DEBUG:colcon.colcon_core.verb:Building package 'ydlidar_sdk' with the following arguments: {'ament_cmake_args': None, 'build_base': '/home/olympusforge/ros2_frost/build/ydlidar_sdk', 'catkin_cmake_args': None, 'catkin_skip_building_tests': False, 'cmake_args': None, 'cmake_clean_cache': False, 'cmake_clean_first': False, 'cmake_force_configure': False, 'cmake_target': None, 'cmake_target_skip_unavailable': False, 'install_base': '/home/olympusforge/ros2_frost/install/ydlidar_sdk', 'merge_install': False, 'path': '/home/olympusforge/ros2_frost/src/tortoisebot/YDLidar-SDK', 'symlink_install': True, 'test_result_base': None}
[0.220s] INFO:colcon.colcon_core.executor:Executing jobs using 'parallel' executor
[0.221s] DEBUG:colcon.colcon_parallel_executor.executor.parallel:run_until_complete
[0.222s] INFO:colcon.colcon_ros.task.ament_cmake.build:Building ROS package in '/home/olympusforge/ros2_frost/src/tortoisebot/tortoisebot_bringup' with build type 'ament_cmake'
[0.222s] INFO:colcon.colcon_cmake.task.cmake.build:Building CMake package in '/home/olympusforge/ros2_frost/src/tortoisebot/tortoisebot_bringup'
[0.224s] INFO:colcon.colcon_core.plugin_system:Skipping extension 'colcon_core.shell.bat': Not used on non-Windows systems
[0.224s] INFO:colcon.colcon_core.shell:Skip shell extension 'powershell' for command environment: Not usable outside of PowerShell
[0.224s] DEBUG:colcon.colcon_core.shell:Skip shell extension 'dsv' for command environment
[0.228s] INFO:colcon.colcon_ros.task.ament_python.build:Building ROS package in '/home/olympusforge/ros2_frost/src/tortoisebot/tortoisebot_control' with build type 'ament_python'
[0.228s] Level 1:colcon.colcon_core.shell:create_environment_hook('tortoisebot_control', 'ament_prefix_path')
[0.229s] INFO:colcon.colcon_core.shell:Creating environment hook '/home/olympusforge/ros2_frost/install/tortoisebot_control/share/tortoisebot_control/hook/ament_prefix_path.ps1'
[0.229s] INFO:colcon.colcon_core.shell:Creating environment descriptor '/home/olympusforge/ros2_frost/install/tortoisebot_control/share/tortoisebot_control/hook/ament_prefix_path.dsv'
[0.230s] INFO:colcon.colcon_core.shell:Creating environment hook '/home/olympusforge/ros2_frost/install/tortoisebot_control/share/tortoisebot_control/hook/ament_prefix_path.sh'
[0.230s] INFO:colcon.colcon_core.shell:Skip shell extension 'powershell' for command environment: Not usable outside of PowerShell
[0.230s] DEBUG:colcon.colcon_core.shell:Skip shell extension 'dsv' for command environment
[0.233s] INFO:colcon.colcon_ros.task.ament_cmake.build:Building ROS package in '/home/olympusforge/ros2_frost/src/tortoisebot/tortoisebot_description' with build type 'ament_cmake'
[0.233s] INFO:colcon.colcon_cmake.task.cmake.build:Building CMake package in '/home/olympusforge/ros2_frost/src/tortoisebot/tortoisebot_description'
[0.233s] INFO:colcon.colcon_core.shell:Skip shell extension 'powershell' for command environment: Not usable outside of PowerShell
[0.234s] DEBUG:colcon.colcon_core.shell:Skip shell extension 'dsv' for command environment
[0.241s] INFO:colcon.colcon_ros.task.ament_cmake.build:Building ROS package in '/home/olympusforge/ros2_frost/src/tortoisebot/tortoisebot_firmware' with build type 'ament_cmake'
[0.241s] INFO:colcon.colcon_cmake.task.cmake.build:Building CMake package in '/home/olympusforge/ros2_frost/src/tortoisebot/tortoisebot_firmware'
[0.241s] INFO:colcon.colcon_core.shell:Skip shell extension 'powershell' for command environment: Not usable outside of PowerShell
[0.242s] DEBUG:colcon.colcon_core.shell:Skip shell extension 'dsv' for command environment
[0.245s] INFO:colcon.colcon_ros.task.ament_cmake.build:Building ROS package in '/home/olympusforge/ros2_frost/src/tortoisebot/tortoisebot_gazebo' with build type 'ament_cmake'
[0.245s] INFO:colcon.colcon_cmake.task.cmake.build:Building CMake package in '/home/olympusforge/ros2_frost/src/tortoisebot/tortoisebot_gazebo'
[0.245s] INFO:colcon.colcon_core.shell:Skip shell extension 'powershell' for command environment: Not usable outside of PowerShell
[0.245s] DEBUG:colcon.colcon_core.shell:Skip shell extension 'dsv' for command environment
[0.266s] INFO:colcon.colcon_ros.task.ament_cmake.build:Building ROS package in '/home/olympusforge/ros2_frost/src/tortoisebot/tortoisebot_navigation' with build type 'ament_cmake'
[0.266s] INFO:colcon.colcon_cmake.task.cmake.build:Building CMake package in '/home/olympusforge/ros2_frost/src/tortoisebot/tortoisebot_navigation'
[0.267s] INFO:colcon.colcon_core.shell:Skip shell extension 'powershell' for command environment: Not usable outside of PowerShell
[0.267s] DEBUG:colcon.colcon_core.shell:Skip shell extension 'dsv' for command environment
[0.272s] INFO:colcon.colcon_ros.task.ament_cmake.build:Building ROS package in '/home/olympusforge/ros2_frost/src/tortoisebot/tortoisebot_slam' with build type 'ament_cmake'
[0.279s] INFO:colcon.colcon_cmake.task.cmake.build:Building CMake package in '/home/olympusforge/ros2_frost/src/tortoisebot/tortoisebot_slam'
[0.280s] INFO:colcon.colcon_core.shell:Skip shell extension 'powershell' for command environment: Not usable outside of PowerShell
[0.280s] DEBUG:colcon.colcon_core.shell:Skip shell extension 'dsv' for command environment
[0.285s] INFO:colcon.colcon_ros.task.ament_cmake.build:Building ROS package in '/home/olympusforge/ros2_frost/src/tortoisebot/v4l2_camera' with build type 'ament_cmake'
[0.285s] INFO:colcon.colcon_cmake.task.cmake.build:Building CMake package in '/home/olympusforge/ros2_frost/src/tortoisebot/v4l2_camera'
[0.286s] INFO:colcon.colcon_core.shell:Skip shell extension 'powershell' for command environment: Not usable outside of PowerShell
[0.286s] DEBUG:colcon.colcon_core.shell:Skip shell extension 'dsv' for command environment
[0.304s] DEBUG:colcon.colcon_core.event_handler.log_command:Invoking command in '/home/olympusforge/ros2_frost/build/tortoisebot_bringup': CMAKE_PREFIX_PATH=${CMAKE_PREFIX_PATH}:/home/olympusforge/ros2_frost/install/tortoisebot_control:/opt/ros/humble /usr/bin/cmake --build /home/olympusforge/ros2_frost/build/tortoisebot_bringup -- -j8 -l8
[0.459s] INFO:colcon.colcon_core.task.python.build:Building Python package in '/home/olympusforge/ros2_frost/src/tortoisebot/tortoisebot_control'
[0.459s] INFO:colcon.colcon_core.shell:Skip shell extension 'powershell' for command environment: Not usable outside of PowerShell
[0.459s] DEBUG:colcon.colcon_core.shell:Skip shell extension 'dsv' for command environment
[0.466s] DEBUG:colcon.colcon_core.event_handler.log_command:Invoking command in '/home/olympusforge/ros2_frost/build/tortoisebot_description': CMAKE_PREFIX_PATH=${CMAKE_PREFIX_PATH}:/home/olympusforge/ros2_frost/install/tortoisebot_control:/opt/ros/humble /usr/bin/cmake --build /home/olympusforge/ros2_frost/build/tortoisebot_description -- -j8 -l8
[0.470s] DEBUG:colcon.colcon_core.event_handler.log_command:Invoking command in '/home/olympusforge/ros2_frost/build/tortoisebot_firmware': CMAKE_PREFIX_PATH=${CMAKE_PREFIX_PATH}:/home/olympusforge/ros2_frost/install/tortoisebot_control:/opt/ros/humble /usr/bin/cmake --build /home/olympusforge/ros2_frost/build/tortoisebot_firmware -- -j8 -l8
[0.477s] DEBUG:colcon.colcon_core.event_handler.log_command:Invoking command in '/home/olympusforge/ros2_frost/build/tortoisebot_gazebo': CMAKE_PREFIX_PATH=${CMAKE_PREFIX_PATH}:/home/olympusforge/ros2_frost/install/tortoisebot_control:/opt/ros/humble /usr/bin/cmake --build /home/olympusforge/ros2_frost/build/tortoisebot_gazebo -- -j8 -l8
[0.491s] DEBUG:colcon.colcon_core.event_handler.log_command:Invoking command in '/home/olympusforge/ros2_frost/build/tortoisebot_navigation': CMAKE_PREFIX_PATH=${CMAKE_PREFIX_PATH}:/home/olympusforge/ros2_frost/install/tortoisebot_control:/opt/ros/humble /usr/bin/cmake --build /home/olympusforge/ros2_frost/build/tortoisebot_navigation -- -j8 -l8
[0.524s] DEBUG:colcon.colcon_core.event_handler.log_command:Invoking command in '/home/olympusforge/ros2_frost/build/tortoisebot_slam': CMAKE_PREFIX_PATH=${CMAKE_PREFIX_PATH}:/home/olympusforge/ros2_frost/install/tortoisebot_control:/opt/ros/humble /usr/bin/cmake --build /home/olympusforge/ros2_frost/build/tortoisebot_slam -- -j8 -l8
[0.548s] DEBUG:colcon.colcon_core.event_handler.log_command:Invoking command in '/home/olympusforge/ros2_frost/build/v4l2_camera': CMAKE_PREFIX_PATH=${CMAKE_PREFIX_PATH}:/home/olympusforge/ros2_frost/install/tortoisebot_control:/opt/ros/humble /usr/bin/cmake --build /home/olympusforge/ros2_frost/build/v4l2_camera -- -j8 -l8
[0.556s] DEBUG:colcon.colcon_core.event_handler.log_command:Invoked command in '/home/olympusforge/ros2_frost/build/tortoisebot_bringup' returned '0': CMAKE_PREFIX_PATH=${CMAKE_PREFIX_PATH}:/home/olympusforge/ros2_frost/install/tortoisebot_control:/opt/ros/humble /usr/bin/cmake --build /home/olympusforge/ros2_frost/build/tortoisebot_bringup -- -j8 -l8
[0.568s] DEBUG:colcon.colcon_core.event_handler.log_command:Invoking command in '/home/olympusforge/ros2_frost/build/tortoisebot_bringup': CMAKE_PREFIX_PATH=${CMAKE_PREFIX_PATH}:/home/olympusforge/ros2_frost/install/tortoisebot_control:/opt/ros/humble /usr/bin/cmake --install /home/olympusforge/ros2_frost/build/tortoisebot_bringup
[0.605s] DEBUG:colcon.colcon_core.event_handler.log_command:Invoked command in '/home/olympusforge/ros2_frost/build/tortoisebot_description' returned '0': CMAKE_PREFIX_PATH=${CMAKE_PREFIX_PATH}:/home/olympusforge/ros2_frost/install/tortoisebot_control:/opt/ros/humble /usr/bin/cmake --build /home/olympusforge/ros2_frost/build/tortoisebot_description -- -j8 -l8
[0.606s] DEBUG:colcon.colcon_core.event_handler.log_command:Invoking command in '/home/olympusforge/ros2_frost/build/tortoisebot_description': CMAKE_PREFIX_PATH=${CMAKE_PREFIX_PATH}:/home/olympusforge/ros2_frost/install/tortoisebot_control:/opt/ros/humble /usr/bin/cmake --install /home/olympusforge/ros2_frost/build/tortoisebot_description
[0.619s] DEBUG:colcon.colcon_core.event_handler.log_command:Invoked command in '/home/olympusforge/ros2_frost/build/tortoisebot_navigation' returned '0': CMAKE_PREFIX_PATH=${CMAKE_PREFIX_PATH}:/home/olympusforge/ros2_frost/install/tortoisebot_control:/opt/ros/humble /usr/bin/cmake --build /home/olympusforge/ros2_frost/build/tortoisebot_navigation -- -j8 -l8
[0.624s] DEBUG:colcon.colcon_core.event_handler.log_command:Invoking command in '/home/olympusforge/ros2_frost/build/tortoisebot_navigation': CMAKE_PREFIX_PATH=${CMAKE_PREFIX_PATH}:/home/olympusforge/ros2_frost/install/tortoisebot_control:/opt/ros/humble /usr/bin/cmake --install /home/olympusforge/ros2_frost/build/tortoisebot_navigation
[0.697s] DEBUG:colcon.colcon_core.event_handler.log_command:Invoked command in '/home/olympusforge/ros2_frost/build/tortoisebot_slam' returned '0': CMAKE_PREFIX_PATH=${CMAKE_PREFIX_PATH}:/home/olympusforge/ros2_frost/install/tortoisebot_control:/opt/ros/humble /usr/bin/cmake --build /home/olympusforge/ros2_frost/build/tortoisebot_slam -- -j8 -l8
[0.697s] DEBUG:colcon.colcon_core.event_handler.log_command:Invoking command in '/home/olympusforge/ros2_frost/build/tortoisebot_slam': CMAKE_PREFIX_PATH=${CMAKE_PREFIX_PATH}:/home/olympusforge/ros2_frost/install/tortoisebot_control:/opt/ros/humble /usr/bin/cmake --install /home/olympusforge/ros2_frost/build/tortoisebot_slam
[0.697s] DEBUG:colcon.colcon_core.event_handler.log_command:Invoked command in '/home/olympusforge/ros2_frost/build/tortoisebot_gazebo' returned '0': CMAKE_PREFIX_PATH=${CMAKE_PREFIX_PATH}:/home/olympusforge/ros2_frost/install/tortoisebot_control:/opt/ros/humble /usr/bin/cmake --build /home/olympusforge/ros2_frost/build/tortoisebot_gazebo -- -j8 -l8
[0.702s] DEBUG:colcon.colcon_core.event_handler.log_command:Invoking command in '/home/olympusforge/ros2_frost/build/tortoisebot_gazebo': CMAKE_PREFIX_PATH=${CMAKE_PREFIX_PATH}:/home/olympusforge/ros2_frost/install/tortoisebot_control:/opt/ros/humble /usr/bin/cmake --install /home/olympusforge/ros2_frost/build/tortoisebot_gazebo
[0.704s] Level 1:colcon.colcon_core.environment:create_environment_scripts_only(tortoisebot_bringup)
[0.713s] Level 1:colcon.colcon_core.environment:checking '/home/olympusforge/ros2_frost/install/tortoisebot_bringup' for CMake module files
[0.715s] DEBUG:colcon.colcon_core.event_handler.log_command:Invoked command in '/home/olympusforge/ros2_frost/build/tortoisebot_bringup' returned '0': CMAKE_PREFIX_PATH=${CMAKE_PREFIX_PATH}:/home/olympusforge/ros2_frost/install/tortoisebot_control:/opt/ros/humble /usr/bin/cmake --install /home/olympusforge/ros2_frost/build/tortoisebot_bringup
[0.716s] Level 1:colcon.colcon_core.environment:checking '/home/olympusforge/ros2_frost/install/tortoisebot_bringup' for CMake config files
[0.717s] Level 1:colcon.colcon_core.shell:create_environment_hook('tortoisebot_bringup', 'cmake_prefix_path')
[0.717s] INFO:colcon.colcon_core.shell:Creating environment hook '/home/olympusforge/ros2_frost/install/tortoisebot_bringup/share/tortoisebot_bringup/hook/cmake_prefix_path.ps1'
[0.717s] INFO:colcon.colcon_core.shell:Creating environment descriptor '/home/olympusforge/ros2_frost/install/tortoisebot_bringup/share/tortoisebot_bringup/hook/cmake_prefix_path.dsv'
[0.719s] INFO:colcon.colcon_core.shell:Creating environment hook '/home/olympusforge/ros2_frost/install/tortoisebot_bringup/share/tortoisebot_bringup/hook/cmake_prefix_path.sh'
[0.723s] Level 1:colcon.colcon_core.environment:checking '/home/olympusforge/ros2_frost/install/tortoisebot_bringup/bin'
[0.724s] Level 1:colcon.colcon_core.environment:checking '/home/olympusforge/ros2_frost/install/tortoisebot_bringup/lib/pkgconfig/tortoisebot_bringup.pc'
[0.724s] Level 1:colcon.colcon_core.environment:checking '/home/olympusforge/ros2_frost/install/tortoisebot_bringup/lib/python3.10/site-packages'
[0.727s] Level 1:colcon.colcon_core.environment:checking '/home/olympusforge/ros2_frost/install/tortoisebot_bringup/bin'
[0.727s] INFO:colcon.colcon_core.shell:Creating package script '/home/olympusforge/ros2_frost/install/tortoisebot_bringup/share/tortoisebot_bringup/package.ps1'
[0.736s] INFO:colcon.colcon_core.shell:Creating package descriptor '/home/olympusforge/ros2_frost/install/tortoisebot_bringup/share/tortoisebot_bringup/package.dsv'
[0.743s] INFO:colcon.colcon_core.shell:Creating package script '/home/olympusforge/ros2_frost/install/tortoisebot_bringup/share/tortoisebot_bringup/package.sh'
[0.744s] INFO:colcon.colcon_core.shell:Creating package script '/home/olympusforge/ros2_frost/install/tortoisebot_bringup/share/tortoisebot_bringup/package.bash'
[0.745s] INFO:colcon.colcon_core.shell:Creating package script '/home/olympusforge/ros2_frost/install/tortoisebot_bringup/share/tortoisebot_bringup/package.zsh'
[0.746s] Level 1:colcon.colcon_core.environment:create_file_with_runtime_dependencies(/home/olympusforge/ros2_frost/install/tortoisebot_bringup/share/colcon-core/packages/tortoisebot_bringup)
[0.748s] Level 1:colcon.colcon_core.environment:create_environment_scripts_only(tortoisebot_bringup)
[0.748s] Level 1:colcon.colcon_core.environment:checking '/home/olympusforge/ros2_frost/install/tortoisebot_bringup' for CMake module files
[0.752s] Level 1:colcon.colcon_core.environment:checking '/home/olympusforge/ros2_frost/install/tortoisebot_bringup' for CMake config files
[0.752s] Level 1:colcon.colcon_core.shell:create_environment_hook('tortoisebot_bringup', 'cmake_prefix_path')
[0.753s] INFO:colcon.colcon_core.shell:Creating environment hook '/home/olympusforge/ros2_frost/install/tortoisebot_bringup/share/tortoisebot_bringup/hook/cmake_prefix_path.ps1'
[0.753s] INFO:colcon.colcon_core.shell:Creating environment descriptor '/home/olympusforge/ros2_frost/install/tortoisebot_bringup/share/tortoisebot_bringup/hook/cmake_prefix_path.dsv'
[0.754s] INFO:colcon.colcon_core.shell:Creating environment hook '/home/olympusforge/ros2_frost/install/tortoisebot_bringup/share/tortoisebot_bringup/hook/cmake_prefix_path.sh'
[0.755s] Level 1:colcon.colcon_core.environment:checking '/home/olympusforge/ros2_frost/install/tortoisebot_bringup/bin'
[0.755s] Level 1:colcon.colcon_core.environment:checking '/home/olympusforge/ros2_frost/install/tortoisebot_bringup/lib/pkgconfig/tortoisebot_bringup.pc'
[0.755s] Level 1:colcon.colcon_core.environment:checking '/home/olympusforge/ros2_frost/install/tortoisebot_bringup/lib/python3.10/site-packages'
[0.755s] Level 1:colcon.colcon_core.environment:checking '/home/olympusforge/ros2_frost/install/tortoisebot_bringup/bin'
[0.756s] INFO:colcon.colcon_core.shell:Creating package script '/home/olympusforge/ros2_frost/install/tortoisebot_bringup/share/tortoisebot_bringup/package.ps1'
[0.756s] INFO:colcon.colcon_core.shell:Creating package descriptor '/home/olympusforge/ros2_frost/install/tortoisebot_bringup/share/tortoisebot_bringup/package.dsv'
[0.757s] INFO:colcon.colcon_core.shell:Creating package script '/home/olympusforge/ros2_frost/install/tortoisebot_bringup/share/tortoisebot_bringup/package.sh'
[0.759s] INFO:colcon.colcon_core.shell:Creating package script '/home/olympusforge/ros2_frost/install/tortoisebot_bringup/share/tortoisebot_bringup/package.bash'
[0.765s] INFO:colcon.colcon_core.shell:Creating package script '/home/olympusforge/ros2_frost/install/tortoisebot_bringup/share/tortoisebot_bringup/package.zsh'
[0.770s] Level 1:colcon.colcon_core.environment:create_file_with_runtime_dependencies(/home/olympusforge/ros2_frost/install/tortoisebot_bringup/share/colcon-core/packages/tortoisebot_bringup)
[0.773s] Level 1:colcon.colcon_core.environment:create_environment_scripts_only(tortoisebot_navigation)
[0.774s] Level 1:colcon.colcon_core.environment:checking '/home/olympusforge/ros2_frost/install/tortoisebot_navigation' for CMake module files
[0.776s] Level 1:colcon.colcon_core.environment:checking '/home/olympusforge/ros2_frost/install/tortoisebot_navigation' for CMake config files
[0.778s] Level 1:colcon.colcon_core.shell:create_environment_hook('tortoisebot_navigation', 'cmake_prefix_path')
[0.778s] INFO:colcon.colcon_core.shell:Creating environment hook '/home/olympusforge/ros2_frost/install/tortoisebot_navigation/share/tortoisebot_navigation/hook/cmake_prefix_path.ps1'
[0.782s] INFO:colcon.colcon_core.shell:Creating environment descriptor '/home/olympusforge/ros2_frost/install/tortoisebot_navigation/share/tortoisebot_navigation/hook/cmake_prefix_path.dsv'
[0.784s] INFO:colcon.colcon_core.shell:Creating environment hook '/home/olympusforge/ros2_frost/install/tortoisebot_navigation/share/tortoisebot_navigation/hook/cmake_prefix_path.sh'
[0.794s] Level 1:colcon.colcon_core.environment:checking '/home/olympusforge/ros2_frost/install/tortoisebot_navigation/bin'
[0.794s] Level 1:colcon.colcon_core.environment:checking '/home/olympusforge/ros2_frost/install/tortoisebot_navigation/lib/pkgconfig/tortoisebot_navigation.pc'
[0.794s] Level 1:colcon.colcon_core.environment:checking '/home/olympusforge/ros2_frost/install/tortoisebot_navigation/lib/python3.10/site-packages'
[0.794s] Level 1:colcon.colcon_core.environment:checking '/home/olympusforge/ros2_frost/install/tortoisebot_navigation/bin'
[0.799s] INFO:colcon.colcon_core.shell:Creating package script '/home/olympusforge/ros2_frost/install/tortoisebot_navigation/share/tortoisebot_navigation/package.ps1'
[0.801s] INFO:colcon.colcon_core.shell:Creating package descriptor '/home/olympusforge/ros2_frost/install/tortoisebot_navigation/share/tortoisebot_navigation/package.dsv'
[0.804s] INFO:colcon.colcon_core.shell:Creating package script '/home/olympusforge/ros2_frost/install/tortoisebot_navigation/share/tortoisebot_navigation/package.sh'
[0.808s] INFO:colcon.colcon_core.shell:Creating package script '/home/olympusforge/ros2_frost/install/tortoisebot_navigation/share/tortoisebot_navigation/package.bash'
[0.810s] DEBUG:colcon.colcon_core.event_handler.log_command:Invoked command in '/home/olympusforge/ros2_frost/build/tortoisebot_navigation' returned '0': CMAKE_PREFIX_PATH=${CMAKE_PREFIX_PATH}:/home/olympusforge/ros2_frost/install/tortoisebot_control:/opt/ros/humble /usr/bin/cmake --install /home/olympusforge/ros2_frost/build/tortoisebot_navigation
[0.811s] INFO:colcon.colcon_core.shell:Creating package script '/home/olympusforge/ros2_frost/install/tortoisebot_navigation/share/tortoisebot_navigation/package.zsh'
[0.815s] Level 1:colcon.colcon_core.environment:create_file_with_runtime_dependencies(/home/olympusforge/ros2_frost/install/tortoisebot_navigation/share/colcon-core/packages/tortoisebot_navigation)
[0.817s] Level 1:colcon.colcon_core.environment:create_environment_scripts_only(tortoisebot_navigation)
[0.819s] Level 1:colcon.colcon_core.environment:checking '/home/olympusforge/ros2_frost/install/tortoisebot_navigation' for CMake module files
[0.819s] Level 1:colcon.colcon_core.environment:checking '/home/olympusforge/ros2_frost/install/tortoisebot_navigation' for CMake config files
[0.819s] Level 1:colcon.colcon_core.shell:create_environment_hook('tortoisebot_navigation', 'cmake_prefix_path')
[0.819s] INFO:colcon.colcon_core.shell:Creating environment hook '/home/olympusforge/ros2_frost/install/tortoisebot_navigation/share/tortoisebot_navigation/hook/cmake_prefix_path.ps1'
[0.825s] INFO:colcon.colcon_core.shell:Creating environment descriptor '/home/olympusforge/ros2_frost/install/tortoisebot_navigation/share/tortoisebot_navigation/hook/cmake_prefix_path.dsv'
[0.830s] INFO:colcon.colcon_core.shell:Creating environment hook '/home/olympusforge/ros2_frost/install/tortoisebot_navigation/share/tortoisebot_navigation/hook/cmake_prefix_path.sh'
[0.836s] Level 1:colcon.colcon_core.environment:checking '/home/olympusforge/ros2_frost/install/tortoisebot_navigation/bin'
[0.840s] Level 1:colcon.colcon_core.environment:checking '/home/olympusforge/ros2_frost/install/tortoisebot_navigation/lib/pkgconfig/tortoisebot_navigation.pc'
[0.840s] Level 1:colcon.colcon_core.environment:checking '/home/olympusforge/ros2_frost/install/tortoisebot_navigation/lib/python3.10/site-packages'
[0.840s] Level 1:colcon.colcon_core.environment:checking '/home/olympusforge/ros2_frost/install/tortoisebot_navigation/bin'
[0.840s] INFO:colcon.colcon_core.shell:Creating package script '/home/olympusforge/ros2_frost/install/tortoisebot_navigation/share/tortoisebot_navigation/package.ps1'
[0.842s] INFO:colcon.colcon_core.shell:Creating package descriptor '/home/olympusforge/ros2_frost/install/tortoisebot_navigation/share/tortoisebot_navigation/package.dsv'
[0.845s] INFO:colcon.colcon_core.shell:Creating package script '/home/olympusforge/ros2_frost/install/tortoisebot_navigation/share/tortoisebot_navigation/package.sh'
[0.848s] INFO:colcon.colcon_core.shell:Creating package script '/home/olympusforge/ros2_frost/install/tortoisebot_navigation/share/tortoisebot_navigation/package.bash'
[0.849s] INFO:colcon.colcon_core.shell:Creating package script '/home/olympusforge/ros2_frost/install/tortoisebot_navigation/share/tortoisebot_navigation/package.zsh'
[0.852s] Level 1:colcon.colcon_core.environment:create_file_with_runtime_dependencies(/home/olympusforge/ros2_frost/install/tortoisebot_navigation/share/colcon-core/packages/tortoisebot_navigation)
[0.860s] INFO:colcon.colcon_ros.task.ament_cmake.build:Building ROS package in '/home/olympusforge/ros2_frost/src/tortoisebot/ydlidar_ros2_driver' with build type 'ament_cmake'
[0.862s] INFO:colcon.colcon_cmake.task.cmake.build:Building CMake package in '/home/olympusforge/ros2_frost/src/tortoisebot/ydlidar_ros2_driver'
[0.868s] INFO:colcon.colcon_core.shell:Skip shell extension 'powershell' for command environment: Not usable outside of PowerShell
[0.906s] DEBUG:colcon.colcon_core.shell:Skip shell extension 'dsv' for command environment
[0.948s] INFO:colcon.colcon_cmake.task.cmake.build:Building CMake package in '/home/olympusforge/ros2_frost/src/tortoisebot/YDLidar-SDK'
[0.950s] INFO:colcon.colcon_core.shell:Skip shell extension 'powershell' for command environment: Not usable outside of PowerShell
[0.950s] DEBUG:colcon.colcon_core.shell:Skip shell extension 'dsv' for command environment
[1.013s] Level 1:colcon.colcon_core.environment:create_environment_scripts_only(tortoisebot_slam)
[1.013s] Level 1:colcon.colcon_core.environment:checking '/home/olympusforge/ros2_frost/install/tortoisebot_slam' for CMake module files
[1.027s] DEBUG:colcon.colcon_core.event_handler.log_command:Invoked command in '/home/olympusforge/ros2_frost/build/tortoisebot_slam' returned '0': CMAKE_PREFIX_PATH=${CMAKE_PREFIX_PATH}:/home/olympusforge/ros2_frost/install/tortoisebot_control:/opt/ros/humble /usr/bin/cmake --install /home/olympusforge/ros2_frost/build/tortoisebot_slam
[1.028s] Level 1:colcon.colcon_core.environment:checking '/home/olympusforge/ros2_frost/install/tortoisebot_slam' for CMake config files
[1.028s] Level 1:colcon.colcon_core.shell:create_environment_hook('tortoisebot_slam', 'cmake_prefix_path')
[1.028s] INFO:colcon.colcon_core.shell:Creating environment hook '/home/olympusforge/ros2_frost/install/tortoisebot_slam/share/tortoisebot_slam/hook/cmake_prefix_path.ps1'
[1.029s] INFO:colcon.colcon_core.shell:Creating environment descriptor '/home/olympusforge/ros2_frost/install/tortoisebot_slam/share/tortoisebot_slam/hook/cmake_prefix_path.dsv'
[1.029s] INFO:colcon.colcon_core.shell:Creating environment hook '/home/olympusforge/ros2_frost/install/tortoisebot_slam/share/tortoisebot_slam/hook/cmake_prefix_path.sh'
[1.030s] Level 1:colcon.colcon_core.environment:checking '/home/olympusforge/ros2_frost/install/tortoisebot_slam/bin'
[1.030s] Level 1:colcon.colcon_core.environment:checking '/home/olympusforge/ros2_frost/install/tortoisebot_slam/lib/pkgconfig/tortoisebot_slam.pc'
[1.030s] Level 1:colcon.colcon_core.environment:checking '/home/olympusforge/ros2_frost/install/tortoisebot_slam/lib/python3.10/site-packages'
[1.030s] Level 1:colcon.colcon_core.environment:checking '/home/olympusforge/ros2_frost/install/tortoisebot_slam/bin'
[1.030s] INFO:colcon.colcon_core.shell:Creating package script '/home/olympusforge/ros2_frost/install/tortoisebot_slam/share/tortoisebot_slam/package.ps1'
[1.031s] INFO:colcon.colcon_core.shell:Creating package descriptor '/home/olympusforge/ros2_frost/install/tortoisebot_slam/share/tortoisebot_slam/package.dsv'
[1.031s] INFO:colcon.colcon_core.shell:Creating package script '/home/olympusforge/ros2_frost/install/tortoisebot_slam/share/tortoisebot_slam/package.sh'
[1.031s] INFO:colcon.colcon_core.shell:Creating package script '/home/olympusforge/ros2_frost/install/tortoisebot_slam/share/tortoisebot_slam/package.bash'
[1.032s] INFO:colcon.colcon_core.shell:Creating package script '/home/olympusforge/ros2_frost/install/tortoisebot_slam/share/tortoisebot_slam/package.zsh'
[1.032s] Level 1:colcon.colcon_core.environment:create_file_with_runtime_dependencies(/home/olympusforge/ros2_frost/install/tortoisebot_slam/share/colcon-core/packages/tortoisebot_slam)
[1.040s] Level 1:colcon.colcon_core.environment:create_environment_scripts_only(tortoisebot_slam)
[1.042s] Level 1:colcon.colcon_core.environment:checking '/home/olympusforge/ros2_frost/install/tortoisebot_slam' for CMake module files
[1.048s] Level 1:colcon.colcon_core.environment:checking '/home/olympusforge/ros2_frost/install/tortoisebot_slam' for CMake config files
[1.048s] Level 1:colcon.colcon_core.shell:create_environment_hook('tortoisebot_slam', 'cmake_prefix_path')
[1.048s] INFO:colcon.colcon_core.shell:Creating environment hook '/home/olympusforge/ros2_frost/install/tortoisebot_slam/share/tortoisebot_slam/hook/cmake_prefix_path.ps1'
[1.057s] INFO:colcon.colcon_core.shell:Creating environment descriptor '/home/olympusforge/ros2_frost/install/tortoisebot_slam/share/tortoisebot_slam/hook/cmake_prefix_path.dsv'
[1.059s] INFO:colcon.colcon_core.shell:Creating environment hook '/home/olympusforge/ros2_frost/install/tortoisebot_slam/share/tortoisebot_slam/hook/cmake_prefix_path.sh'
[1.065s] Level 1:colcon.colcon_core.environment:checking '/home/olympusforge/ros2_frost/install/tortoisebot_slam/bin'
[1.065s] Level 1:colcon.colcon_core.environment:checking '/home/olympusforge/ros2_frost/install/tortoisebot_slam/lib/pkgconfig/tortoisebot_slam.pc'
[1.067s] Level 1:colcon.colcon_core.environment:checking '/home/olympusforge/ros2_frost/install/tortoisebot_slam/lib/python3.10/site-packages'
[1.067s] Level 1:colcon.colcon_core.environment:checking '/home/olympusforge/ros2_frost/install/tortoisebot_slam/bin'
[1.068s] INFO:colcon.colcon_core.shell:Creating package script '/home/olympusforge/ros2_frost/install/tortoisebot_slam/share/tortoisebot_slam/package.ps1'
[1.074s] INFO:colcon.colcon_core.shell:Creating package descriptor '/home/olympusforge/ros2_frost/install/tortoisebot_slam/share/tortoisebot_slam/package.dsv'
[1.079s] INFO:colcon.colcon_core.shell:Creating package script '/home/olympusforge/ros2_frost/install/tortoisebot_slam/share/tortoisebot_slam/package.sh'
[1.083s] INFO:colcon.colcon_core.shell:Creating package script '/home/olympusforge/ros2_frost/install/tortoisebot_slam/share/tortoisebot_slam/package.bash'
[1.085s] INFO:colcon.colcon_core.shell:Creating package script '/home/olympusforge/ros2_frost/install/tortoisebot_slam/share/tortoisebot_slam/package.zsh'
[1.090s] Level 1:colcon.colcon_core.environment:create_file_with_runtime_dependencies(/home/olympusforge/ros2_frost/install/tortoisebot_slam/share/colcon-core/packages/tortoisebot_slam)
[1.099s] Level 1:colcon.colcon_core.environment:create_environment_scripts_only(tortoisebot_gazebo)
[1.104s] Level 1:colcon.colcon_core.environment:checking '/home/olympusforge/ros2_frost/install/tortoisebot_gazebo' for CMake module files
[1.104s] Level 1:colcon.colcon_core.environment:checking '/home/olympusforge/ros2_frost/install/tortoisebot_gazebo' for CMake config files
[1.113s] Level 1:colcon.colcon_core.shell:create_environment_hook('tortoisebot_gazebo', 'cmake_prefix_path')
[1.115s] INFO:colcon.colcon_core.shell:Creating environment hook '/home/olympusforge/ros2_frost/install/tortoisebot_gazebo/share/tortoisebot_gazebo/hook/cmake_prefix_path.ps1'
[1.116s] DEBUG:colcon.colcon_core.event_handler.log_command:Invoked command in '/home/olympusforge/ros2_frost/build/tortoisebot_gazebo' returned '0': CMAKE_PREFIX_PATH=${CMAKE_PREFIX_PATH}:/home/olympusforge/ros2_frost/install/tortoisebot_control:/opt/ros/humble /usr/bin/cmake --install /home/olympusforge/ros2_frost/build/tortoisebot_gazebo
[1.117s] INFO:colcon.colcon_core.shell:Creating environment descriptor '/home/olympusforge/ros2_frost/install/tortoisebot_gazebo/share/tortoisebot_gazebo/hook/cmake_prefix_path.dsv'
[1.118s] INFO:colcon.colcon_core.shell:Creating environment hook '/home/olympusforge/ros2_frost/install/tortoisebot_gazebo/share/tortoisebot_gazebo/hook/cmake_prefix_path.sh'
[1.118s] Level 1:colcon.colcon_core.environment:checking '/home/olympusforge/ros2_frost/install/tortoisebot_gazebo/bin'
[1.119s] Level 1:colcon.colcon_core.environment:checking '/home/olympusforge/ros2_frost/install/tortoisebot_gazebo/lib/pkgconfig/tortoisebot_gazebo.pc'
[1.119s] Level 1:colcon.colcon_core.environment:checking '/home/olympusforge/ros2_frost/install/tortoisebot_gazebo/lib/python3.10/site-packages'
[1.120s] Level 1:colcon.colcon_core.environment:checking '/home/olympusforge/ros2_frost/install/tortoisebot_gazebo/bin'
[1.120s] INFO:colcon.colcon_core.shell:Creating package script '/home/olympusforge/ros2_frost/install/tortoisebot_gazebo/share/tortoisebot_gazebo/package.ps1'
[1.120s] INFO:colcon.colcon_core.shell:Creating package descriptor '/home/olympusforge/ros2_frost/install/tortoisebot_gazebo/share/tortoisebot_gazebo/package.dsv'
[1.121s] INFO:colcon.colcon_core.shell:Creating package script '/home/olympusforge/ros2_frost/install/tortoisebot_gazebo/share/tortoisebot_gazebo/package.sh'
[1.121s] INFO:colcon.colcon_core.shell:Creating package script '/home/olympusforge/ros2_frost/install/tortoisebot_gazebo/share/tortoisebot_gazebo/package.bash'
[1.122s] INFO:colcon.colcon_core.shell:Creating package script '/home/olympusforge/ros2_frost/install/tortoisebot_gazebo/share/tortoisebot_gazebo/package.zsh'
[1.122s] Level 1:colcon.colcon_core.environment:create_file_with_runtime_dependencies(/home/olympusforge/ros2_frost/install/tortoisebot_gazebo/share/colcon-core/packages/tortoisebot_gazebo)
[1.123s] Level 1:colcon.colcon_core.environment:create_environment_scripts_only(tortoisebot_gazebo)
[1.123s] Level 1:colcon.colcon_core.environment:checking '/home/olympusforge/ros2_frost/install/tortoisebot_gazebo' for CMake module files
[1.124s] Level 1:colcon.colcon_core.environment:checking '/home/olympusforge/ros2_frost/install/tortoisebot_gazebo' for CMake config files
[1.124s] Level 1:colcon.colcon_core.shell:create_environment_hook('tortoisebot_gazebo', 'cmake_prefix_path')
[1.124s] INFO:colcon.colcon_core.shell:Creating environment hook '/home/olympusforge/ros2_frost/install/tortoisebot_gazebo/share/tortoisebot_gazebo/hook/cmake_prefix_path.ps1'
[1.124s] INFO:colcon.colcon_core.shell:Creating environment descriptor '/home/olympusforge/ros2_frost/install/tortoisebot_gazebo/share/tortoisebot_gazebo/hook/cmake_prefix_path.dsv'
[1.125s] INFO:colcon.colcon_core.shell:Creating environment hook '/home/olympusforge/ros2_frost/install/tortoisebot_gazebo/share/tortoisebot_gazebo/hook/cmake_prefix_path.sh'
[1.126s] Level 1:colcon.colcon_core.environment:checking '/home/olympusforge/ros2_frost/install/tortoisebot_gazebo/bin'
[1.126s] Level 1:colcon.colcon_core.environment:checking '/home/olympusforge/ros2_frost/install/tortoisebot_gazebo/lib/pkgconfig/tortoisebot_gazebo.pc'
[1.126s] Level 1:colcon.colcon_core.environment:checking '/home/olympusforge/ros2_frost/install/tortoisebot_gazebo/lib/python3.10/site-packages'
[1.126s] Level 1:colcon.colcon_core.environment:checking '/home/olympusforge/ros2_frost/install/tortoisebot_gazebo/bin'
[1.126s] INFO:colcon.colcon_core.shell:Creating package script '/home/olympusforge/ros2_frost/install/tortoisebot_gazebo/share/tortoisebot_gazebo/package.ps1'
[1.127s] INFO:colcon.colcon_core.shell:Creating package descriptor '/home/olympusforge/ros2_frost/install/tortoisebot_gazebo/share/tortoisebot_gazebo/package.dsv'
[1.128s] INFO:colcon.colcon_core.shell:Creating package script '/home/olympusforge/ros2_frost/install/tortoisebot_gazebo/share/tortoisebot_gazebo/package.sh'
[1.128s] INFO:colcon.colcon_core.shell:Creating package script '/home/olympusforge/ros2_frost/install/tortoisebot_gazebo/share/tortoisebot_gazebo/package.bash'
[1.129s] INFO:colcon.colcon_core.shell:Creating package script '/home/olympusforge/ros2_frost/install/tortoisebot_gazebo/share/tortoisebot_gazebo/package.zsh'
[1.130s] Level 1:colcon.colcon_core.environment:create_file_with_runtime_dependencies(/home/olympusforge/ros2_frost/install/tortoisebot_gazebo/share/colcon-core/packages/tortoisebot_gazebo)
[1.130s] Level 1:colcon.colcon_core.environment:create_environment_scripts_only(tortoisebot_description)
[1.141s] Level 1:colcon.colcon_core.environment:checking '/home/olympusforge/ros2_frost/install/tortoisebot_description' for CMake module files
[1.143s] Level 1:colcon.colcon_core.environment:checking '/home/olympusforge/ros2_frost/install/tortoisebot_description' for CMake config files
[1.143s] Level 1:colcon.colcon_core.shell:create_environment_hook('tortoisebot_description', 'cmake_prefix_path')
[1.143s] INFO:colcon.colcon_core.shell:Creating environment hook '/home/olympusforge/ros2_frost/install/tortoisebot_description/share/tortoisebot_description/hook/cmake_prefix_path.ps1'
[1.145s] INFO:colcon.colcon_core.shell:Creating environment descriptor '/home/olympusforge/ros2_frost/install/tortoisebot_description/share/tortoisebot_description/hook/cmake_prefix_path.dsv'
[1.146s] DEBUG:colcon.colcon_core.event_handler.log_command:Invoked command in '/home/olympusforge/ros2_frost/build/tortoisebot_description' returned '0': CMAKE_PREFIX_PATH=${CMAKE_PREFIX_PATH}:/home/olympusforge/ros2_frost/install/tortoisebot_control:/opt/ros/humble /usr/bin/cmake --install /home/olympusforge/ros2_frost/build/tortoisebot_description
[1.147s] INFO:colcon.colcon_core.shell:Creating environment hook '/home/olympusforge/ros2_frost/install/tortoisebot_description/share/tortoisebot_description/hook/cmake_prefix_path.sh'
[1.154s] Level 1:colcon.colcon_core.environment:checking '/home/olympusforge/ros2_frost/install/tortoisebot_description/bin'
[1.156s] Level 1:colcon.colcon_core.environment:checking '/home/olympusforge/ros2_frost/install/tortoisebot_description/lib/pkgconfig/tortoisebot_description.pc'
[1.156s] Level 1:colcon.colcon_core.environment:checking '/home/olympusforge/ros2_frost/install/tortoisebot_description/lib/python3.10/site-packages'
[1.157s] Level 1:colcon.colcon_core.environment:checking '/home/olympusforge/ros2_frost/install/tortoisebot_description/bin'
[1.157s] INFO:colcon.colcon_core.shell:Creating package script '/home/olympusforge/ros2_frost/install/tortoisebot_description/share/tortoisebot_description/package.ps1'
[1.160s] INFO:colcon.colcon_core.shell:Creating package descriptor '/home/olympusforge/ros2_frost/install/tortoisebot_description/share/tortoisebot_description/package.dsv'
[1.162s] INFO:colcon.colcon_core.shell:Creating package script '/home/olympusforge/ros2_frost/install/tortoisebot_description/share/tortoisebot_description/package.sh'
[1.167s] INFO:colcon.colcon_core.shell:Creating package script '/home/olympusforge/ros2_frost/install/tortoisebot_description/share/tortoisebot_description/package.bash'
[1.177s] INFO:colcon.colcon_core.shell:Creating package script '/home/olympusforge/ros2_frost/install/tortoisebot_description/share/tortoisebot_description/package.zsh'
[1.181s] Level 1:colcon.colcon_core.environment:create_file_with_runtime_dependencies(/home/olympusforge/ros2_frost/install/tortoisebot_description/share/colcon-core/packages/tortoisebot_description)
[1.183s] Level 1:colcon.colcon_core.environment:create_environment_scripts_only(tortoisebot_description)
[1.186s] Level 1:colcon.colcon_core.environment:checking '/home/olympusforge/ros2_frost/install/tortoisebot_description' for CMake module files
[1.186s] Level 1:colcon.colcon_core.environment:checking '/home/olympusforge/ros2_frost/install/tortoisebot_description' for CMake config files
[1.186s] Level 1:colcon.colcon_core.shell:create_environment_hook('tortoisebot_description', 'cmake_prefix_path')
[1.186s] INFO:colcon.colcon_core.shell:Creating environment hook '/home/olympusforge/ros2_frost/install/tortoisebot_description/share/tortoisebot_description/hook/cmake_prefix_path.ps1'
[1.187s] INFO:colcon.colcon_core.shell:Creating environment descriptor '/home/olympusforge/ros2_frost/install/tortoisebot_description/share/tortoisebot_description/hook/cmake_prefix_path.dsv'
[1.187s] INFO:colcon.colcon_core.shell:Creating environment hook '/home/olympusforge/ros2_frost/install/tortoisebot_description/share/tortoisebot_description/hook/cmake_prefix_path.sh'
[1.188s] Level 1:colcon.colcon_core.environment:checking '/home/olympusforge/ros2_frost/install/tortoisebot_description/bin'
[1.189s] Level 1:colcon.colcon_core.environment:checking '/home/olympusforge/ros2_frost/install/tortoisebot_description/lib/pkgconfig/tortoisebot_description.pc'
[1.189s] Level 1:colcon.colcon_core.environment:checking '/home/olympusforge/ros2_frost/install/tortoisebot_description/lib/python3.10/site-packages'
[1.189s] Level 1:colcon.colcon_core.environment:checking '/home/olympusforge/ros2_frost/install/tortoisebot_description/bin'
[1.189s] INFO:colcon.colcon_core.shell:Creating package script '/home/olympusforge/ros2_frost/install/tortoisebot_description/share/tortoisebot_description/package.ps1'
[1.190s] INFO:colcon.colcon_core.shell:Creating package descriptor '/home/olympusforge/ros2_frost/install/tortoisebot_description/share/tortoisebot_description/package.dsv'
[1.191s] INFO:colcon.colcon_core.shell:Creating package script '/home/olympusforge/ros2_frost/install/tortoisebot_description/share/tortoisebot_description/package.sh'
[1.193s] INFO:colcon.colcon_core.shell:Creating package script '/home/olympusforge/ros2_frost/install/tortoisebot_description/share/tortoisebot_description/package.bash'
[1.195s] INFO:colcon.colcon_core.shell:Creating package script '/home/olympusforge/ros2_frost/install/tortoisebot_description/share/tortoisebot_description/package.zsh'
[1.199s] Level 1:colcon.colcon_core.environment:create_file_with_runtime_dependencies(/home/olympusforge/ros2_frost/install/tortoisebot_description/share/colcon-core/packages/tortoisebot_description)
[1.231s] DEBUG:colcon.colcon_core.event_handler.log_command:Invoked command in '/home/olympusforge/ros2_frost/build/v4l2_camera' returned '0': CMAKE_PREFIX_PATH=${CMAKE_PREFIX_PATH}:/home/olympusforge/ros2_frost/install/tortoisebot_control:/opt/ros/humble /usr/bin/cmake --build /home/olympusforge/ros2_frost/build/v4l2_camera -- -j8 -l8
[1.231s] DEBUG:colcon.colcon_core.event_handler.log_command:Invoking command in '/home/olympusforge/ros2_frost/build/v4l2_camera': CMAKE_PREFIX_PATH=${CMAKE_PREFIX_PATH}:/home/olympusforge/ros2_frost/install/tortoisebot_control:/opt/ros/humble /usr/bin/cmake --install /home/olympusforge/ros2_frost/build/v4l2_camera
[1.264s] DEBUG:colcon.colcon_core.event_handler.log_command:Invoking command in '/home/olympusforge/ros2_frost/build/ydlidar_ros2_driver': CMAKE_PREFIX_PATH=${CMAKE_PREFIX_PATH}:/home/olympusforge/ros2_frost/install/tortoisebot_control:/opt/ros/humble /usr/bin/cmake --build /home/olympusforge/ros2_frost/build/ydlidar_ros2_driver -- -j8 -l8
[1.310s] DEBUG:colcon.colcon_core.event_handler.log_command:Invoking command in '/home/olympusforge/ros2_frost/build/ydlidar_sdk': /usr/bin/cmake --build /home/olympusforge/ros2_frost/build/ydlidar_sdk -- -j8 -l8
[1.369s] Level 1:colcon.colcon_core.environment:create_environment_scripts_only(v4l2_camera)
[1.370s] DEBUG:colcon.colcon_core.event_handler.log_command:Invoked command in '/home/olympusforge/ros2_frost/build/v4l2_camera' returned '0': CMAKE_PREFIX_PATH=${CMAKE_PREFIX_PATH}:/home/olympusforge/ros2_frost/install/tortoisebot_control:/opt/ros/humble /usr/bin/cmake --install /home/olympusforge/ros2_frost/build/v4l2_camera
[1.370s] Level 1:colcon.colcon_core.environment:checking '/home/olympusforge/ros2_frost/install/v4l2_camera' for CMake module files
[1.370s] Level 1:colcon.colcon_core.environment:checking '/home/olympusforge/ros2_frost/install/v4l2_camera' for CMake config files
[1.371s] Level 1:colcon.colcon_core.shell:create_environment_hook('v4l2_camera', 'cmake_prefix_path')
[1.371s] INFO:colcon.colcon_core.shell:Creating environment hook '/home/olympusforge/ros2_frost/install/v4l2_camera/share/v4l2_camera/hook/cmake_prefix_path.ps1'
[1.371s] INFO:colcon.colcon_core.shell:Creating environment descriptor '/home/olympusforge/ros2_frost/install/v4l2_camera/share/v4l2_camera/hook/cmake_prefix_path.dsv'
[1.372s] INFO:colcon.colcon_core.shell:Creating environment hook '/home/olympusforge/ros2_frost/install/v4l2_camera/share/v4l2_camera/hook/cmake_prefix_path.sh'
[1.373s] Level 1:colcon.colcon_core.environment:checking '/home/olympusforge/ros2_frost/install/v4l2_camera/lib'
[1.374s] Level 1:colcon.colcon_core.shell:create_environment_hook('v4l2_camera', 'ld_library_path_lib')
[1.374s] INFO:colcon.colcon_core.shell:Creating environment hook '/home/olympusforge/ros2_frost/install/v4l2_camera/share/v4l2_camera/hook/ld_library_path_lib.ps1'
[1.375s] INFO:colcon.colcon_core.shell:Creating environment descriptor '/home/olympusforge/ros2_frost/install/v4l2_camera/share/v4l2_camera/hook/ld_library_path_lib.dsv'
[1.375s] INFO:colcon.colcon_core.shell:Creating environment hook '/home/olympusforge/ros2_frost/install/v4l2_camera/share/v4l2_camera/hook/ld_library_path_lib.sh'
[1.377s] Level 1:colcon.colcon_core.environment:checking '/home/olympusforge/ros2_frost/install/v4l2_camera/bin'
[1.378s] Level 1:colcon.colcon_core.environment:checking '/home/olympusforge/ros2_frost/install/v4l2_camera/lib/pkgconfig/v4l2_camera.pc'
[1.378s] Level 1:colcon.colcon_core.environment:checking '/home/olympusforge/ros2_frost/install/v4l2_camera/lib/python3.10/site-packages'
[1.378s] Level 1:colcon.colcon_core.environment:checking '/home/olympusforge/ros2_frost/install/v4l2_camera/bin'
[1.379s] INFO:colcon.colcon_core.shell:Creating package script '/home/olympusforge/ros2_frost/install/v4l2_camera/share/v4l2_camera/package.ps1'
[1.379s] INFO:colcon.colcon_core.shell:Creating package descriptor '/home/olympusforge/ros2_frost/install/v4l2_camera/share/v4l2_camera/package.dsv'
[1.380s] INFO:colcon.colcon_core.shell:Creating package script '/home/olympusforge/ros2_frost/install/v4l2_camera/share/v4l2_camera/package.sh'
[1.380s] INFO:colcon.colcon_core.shell:Creating package script '/home/olympusforge/ros2_frost/install/v4l2_camera/share/v4l2_camera/package.bash'
[1.381s] INFO:colcon.colcon_core.shell:Creating package script '/home/olympusforge/ros2_frost/install/v4l2_camera/share/v4l2_camera/package.zsh'
[1.382s] Level 1:colcon.colcon_core.environment:create_file_with_runtime_dependencies(/home/olympusforge/ros2_frost/install/v4l2_camera/share/colcon-core/packages/v4l2_camera)
[1.390s] Level 1:colcon.colcon_core.environment:create_environment_scripts_only(v4l2_camera)
[1.390s] Level 1:colcon.colcon_core.environment:checking '/home/olympusforge/ros2_frost/install/v4l2_camera' for CMake module files
[1.393s] Level 1:colcon.colcon_core.environment:checking '/home/olympusforge/ros2_frost/install/v4l2_camera' for CMake config files
[1.393s] Level 1:colcon.colcon_core.shell:create_environment_hook('v4l2_camera', 'cmake_prefix_path')
[1.393s] INFO:colcon.colcon_core.shell:Creating environment hook '/home/olympusforge/ros2_frost/install/v4l2_camera/share/v4l2_camera/hook/cmake_prefix_path.ps1'
[1.394s] INFO:colcon.colcon_core.shell:Creating environment descriptor '/home/olympusforge/ros2_frost/install/v4l2_camera/share/v4l2_camera/hook/cmake_prefix_path.dsv'
[1.395s] INFO:colcon.colcon_core.shell:Creating environment hook '/home/olympusforge/ros2_frost/install/v4l2_camera/share/v4l2_camera/hook/cmake_prefix_path.sh'
[1.396s] Level 1:colcon.colcon_core.environment:checking '/home/olympusforge/ros2_frost/install/v4l2_camera/lib'
[1.396s] Level 1:colcon.colcon_core.shell:create_environment_hook('v4l2_camera', 'ld_library_path_lib')
[1.396s] INFO:colcon.colcon_core.shell:Creating environment hook '/home/olympusforge/ros2_frost/install/v4l2_camera/share/v4l2_camera/hook/ld_library_path_lib.ps1'
[1.397s] INFO:colcon.colcon_core.shell:Creating environment descriptor '/home/olympusforge/ros2_frost/install/v4l2_camera/share/v4l2_camera/hook/ld_library_path_lib.dsv'
[1.398s] INFO:colcon.colcon_core.shell:Creating environment hook '/home/olympusforge/ros2_frost/install/v4l2_camera/share/v4l2_camera/hook/ld_library_path_lib.sh'
[1.398s] Level 1:colcon.colcon_core.environment:checking '/home/olympusforge/ros2_frost/install/v4l2_camera/bin'
[1.398s] Level 1:colcon.colcon_core.environment:checking '/home/olympusforge/ros2_frost/install/v4l2_camera/lib/pkgconfig/v4l2_camera.pc'
[1.398s] Level 1:colcon.colcon_core.environment:checking '/home/olympusforge/ros2_frost/install/v4l2_camera/lib/python3.10/site-packages'
[1.399s] Level 1:colcon.colcon_core.environment:checking '/home/olympusforge/ros2_frost/install/v4l2_camera/bin'
[1.399s] INFO:colcon.colcon_core.shell:Creating package script '/home/olympusforge/ros2_frost/install/v4l2_camera/share/v4l2_camera/package.ps1'
[1.400s] INFO:colcon.colcon_core.shell:Creating package descriptor '/home/olympusforge/ros2_frost/install/v4l2_camera/share/v4l2_camera/package.dsv'
[1.405s] INFO:colcon.colcon_core.shell:Creating package script '/home/olympusforge/ros2_frost/install/v4l2_camera/share/v4l2_camera/package.sh'
[1.406s] INFO:colcon.colcon_core.shell:Creating package script '/home/olympusforge/ros2_frost/install/v4l2_camera/share/v4l2_camera/package.bash'
[1.406s] INFO:colcon.colcon_core.shell:Creating package script '/home/olympusforge/ros2_frost/install/v4l2_camera/share/v4l2_camera/package.zsh'
[1.407s] Level 1:colcon.colcon_core.environment:create_file_with_runtime_dependencies(/home/olympusforge/ros2_frost/install/v4l2_camera/share/colcon-core/packages/v4l2_camera)
[1.411s] DEBUG:colcon.colcon_core.event_handler.log_command:Invoking command in '/home/olympusforge/ros2_frost/build/tortoisebot_control': PYTHONPATH=/home/olympusforge/ros2_frost/build/tortoisebot_control/prefix_override:/usr/lib/python3/dist-packages/colcon_core/task/python/colcon_distutils_commands:/home/olympusforge/ros2_frost/install/tortoisebot_control/lib/python3.10/site-packages:${PYTHONPATH} /usr/bin/python3 -W ignore:setup.py install is deprecated -W ignore:easy_install command is deprecated setup.py develop --editable --build-directory /home/olympusforge/ros2_frost/build/tortoisebot_control/build --no-deps symlink_data
[1.413s] DEBUG:colcon.colcon_core.event_handler.log_command:Invoked command in '/home/olympusforge/ros2_frost/build/tortoisebot_firmware' returned '0': CMAKE_PREFIX_PATH=${CMAKE_PREFIX_PATH}:/home/olympusforge/ros2_frost/install/tortoisebot_control:/opt/ros/humble /usr/bin/cmake --build /home/olympusforge/ros2_frost/build/tortoisebot_firmware -- -j8 -l8
[1.413s] DEBUG:colcon.colcon_core.event_handler.log_command:Invoking command in '/home/olympusforge/ros2_frost/build/tortoisebot_firmware': CMAKE_PREFIX_PATH=${CMAKE_PREFIX_PATH}:/home/olympusforge/ros2_frost/install/tortoisebot_control:/opt/ros/humble /usr/bin/cmake --install /home/olympusforge/ros2_frost/build/tortoisebot_firmware
[1.585s] DEBUG:colcon.colcon_core.event_handler.log_command:Invoked command in '/home/olympusforge/ros2_frost/build/ydlidar_ros2_driver' returned '0': CMAKE_PREFIX_PATH=${CMAKE_PREFIX_PATH}:/home/olympusforge/ros2_frost/install/tortoisebot_control:/opt/ros/humble /usr/bin/cmake --build /home/olympusforge/ros2_frost/build/ydlidar_ros2_driver -- -j8 -l8
[1.585s] DEBUG:colcon.colcon_core.event_handler.log_command:Invoking command in '/home/olympusforge/ros2_frost/build/ydlidar_ros2_driver': CMAKE_PREFIX_PATH=${CMAKE_PREFIX_PATH}:/home/olympusforge/ros2_frost/install/tortoisebot_control:/opt/ros/humble /usr/bin/cmake --install /home/olympusforge/ros2_frost/build/ydlidar_ros2_driver
[1.712s] Level 1:colcon.colcon_core.environment:create_environment_scripts_only(tortoisebot_firmware)
[1.712s] Level 1:colcon.colcon_core.environment:checking '/home/olympusforge/ros2_frost/install/tortoisebot_firmware' for CMake module files
[1.713s] Level 1:colcon.colcon_core.environment:checking '/home/olympusforge/ros2_frost/install/tortoisebot_firmware' for CMake config files
[1.713s] Level 1:colcon.colcon_core.shell:create_environment_hook('tortoisebot_firmware', 'cmake_prefix_path')
[1.713s] INFO:colcon.colcon_core.shell:Creating environment hook '/home/olympusforge/ros2_frost/install/tortoisebot_firmware/share/tortoisebot_firmware/hook/cmake_prefix_path.ps1'
[1.726s] DEBUG:colcon.colcon_core.event_handler.log_command:Invoked command in '/home/olympusforge/ros2_frost/build/tortoisebot_firmware' returned '0': CMAKE_PREFIX_PATH=${CMAKE_PREFIX_PATH}:/home/olympusforge/ros2_frost/install/tortoisebot_control:/opt/ros/humble /usr/bin/cmake --install /home/olympusforge/ros2_frost/build/tortoisebot_firmware
[1.731s] INFO:colcon.colcon_core.shell:Creating environment descriptor '/home/olympusforge/ros2_frost/install/tortoisebot_firmware/share/tortoisebot_firmware/hook/cmake_prefix_path.dsv'
[1.733s] INFO:colcon.colcon_core.shell:Creating environment hook '/home/olympusforge/ros2_frost/install/tortoisebot_firmware/share/tortoisebot_firmware/hook/cmake_prefix_path.sh'
[1.743s] Level 1:colcon.colcon_core.environment:checking '/home/olympusforge/ros2_frost/install/tortoisebot_firmware/lib'
[1.743s] Level 1:colcon.colcon_core.environment:checking '/home/olympusforge/ros2_frost/install/tortoisebot_firmware/bin'
[1.743s] Level 1:colcon.colcon_core.environment:checking '/home/olympusforge/ros2_frost/install/tortoisebot_firmware/lib/pkgconfig/tortoisebot_firmware.pc'
[1.743s] Level 1:colcon.colcon_core.environment:checking '/home/olympusforge/ros2_frost/install/tortoisebot_firmware/lib/python3.10/site-packages'
[1.743s] Level 1:colcon.colcon_core.environment:checking '/home/olympusforge/ros2_frost/install/tortoisebot_firmware/bin'
[1.744s] INFO:colcon.colcon_core.shell:Creating package script '/home/olympusforge/ros2_frost/install/tortoisebot_firmware/share/tortoisebot_firmware/package.ps1'
[1.748s] INFO:colcon.colcon_core.shell:Creating package descriptor '/home/olympusforge/ros2_frost/install/tortoisebot_firmware/share/tortoisebot_firmware/package.dsv'
[1.749s] INFO:colcon.colcon_core.shell:Creating package script '/home/olympusforge/ros2_frost/install/tortoisebot_firmware/share/tortoisebot_firmware/package.sh'
[1.750s] INFO:colcon.colcon_core.shell:Creating package script '/home/olympusforge/ros2_frost/install/tortoisebot_firmware/share/tortoisebot_firmware/package.bash'
[1.751s] INFO:colcon.colcon_core.shell:Creating package script '/home/olympusforge/ros2_frost/install/tortoisebot_firmware/share/tortoisebot_firmware/package.zsh'
[1.751s] Level 1:colcon.colcon_core.environment:create_file_with_runtime_dependencies(/home/olympusforge/ros2_frost/install/tortoisebot_firmware/share/colcon-core/packages/tortoisebot_firmware)
[1.752s] Level 1:colcon.colcon_core.environment:create_environment_scripts_only(tortoisebot_firmware)
[1.752s] Level 1:colcon.colcon_core.environment:checking '/home/olympusforge/ros2_frost/install/tortoisebot_firmware' for CMake module files
[1.753s] Level 1:colcon.colcon_core.environment:checking '/home/olympusforge/ros2_frost/install/tortoisebot_firmware' for CMake config files
[1.754s] Level 1:colcon.colcon_core.shell:create_environment_hook('tortoisebot_firmware', 'cmake_prefix_path')
[1.754s] INFO:colcon.colcon_core.shell:Creating environment hook '/home/olympusforge/ros2_frost/install/tortoisebot_firmware/share/tortoisebot_firmware/hook/cmake_prefix_path.ps1'
[1.754s] INFO:colcon.colcon_core.shell:Creating environment descriptor '/home/olympusforge/ros2_frost/install/tortoisebot_firmware/share/tortoisebot_firmware/hook/cmake_prefix_path.dsv'
[1.755s] INFO:colcon.colcon_core.shell:Creating environment hook '/home/olympusforge/ros2_frost/install/tortoisebot_firmware/share/tortoisebot_firmware/hook/cmake_prefix_path.sh'
[1.756s] Level 1:colcon.colcon_core.environment:checking '/home/olympusforge/ros2_frost/install/tortoisebot_firmware/lib'
[1.756s] Level 1:colcon.colcon_core.environment:checking '/home/olympusforge/ros2_frost/install/tortoisebot_firmware/bin'
[1.756s] Level 1:colcon.colcon_core.environment:checking '/home/olympusforge/ros2_frost/install/tortoisebot_firmware/lib/pkgconfig/tortoisebot_firmware.pc'
[1.756s] Level 1:colcon.colcon_core.environment:checking '/home/olympusforge/ros2_frost/install/tortoisebot_firmware/lib/python3.10/site-packages'
[1.756s] Level 1:colcon.colcon_core.environment:checking '/home/olympusforge/ros2_frost/install/tortoisebot_firmware/bin'
[1.756s] INFO:colcon.colcon_core.shell:Creating package script '/home/olympusforge/ros2_frost/install/tortoisebot_firmware/share/tortoisebot_firmware/package.ps1'
[1.761s] INFO:colcon.colcon_core.shell:Creating package descriptor '/home/olympusforge/ros2_frost/install/tortoisebot_firmware/share/tortoisebot_firmware/package.dsv'
[1.775s] INFO:colcon.colcon_core.shell:Creating package script '/home/olympusforge/ros2_frost/install/tortoisebot_firmware/share/tortoisebot_firmware/package.sh'
[1.776s] INFO:colcon.colcon_core.shell:Creating package script '/home/olympusforge/ros2_frost/install/tortoisebot_firmware/share/tortoisebot_firmware/package.bash'
[1.776s] INFO:colcon.colcon_core.shell:Creating package script '/home/olympusforge/ros2_frost/install/tortoisebot_firmware/share/tortoisebot_firmware/package.zsh'
[1.776s] Level 1:colcon.colcon_core.environment:create_file_with_runtime_dependencies(/home/olympusforge/ros2_frost/install/tortoisebot_firmware/share/colcon-core/packages/tortoisebot_firmware)
[1.778s] Level 1:colcon.colcon_core.environment:create_environment_scripts_only(ydlidar_ros2_driver)
[1.779s] Level 1:colcon.colcon_core.environment:checking '/home/olympusforge/ros2_frost/install/ydlidar_ros2_driver' for CMake module files
[1.779s] Level 1:colcon.colcon_core.environment:checking '/home/olympusforge/ros2_frost/install/ydlidar_ros2_driver' for CMake config files
[1.779s] Level 1:colcon.colcon_core.shell:create_environment_hook('ydlidar_ros2_driver', 'cmake_prefix_path')
[1.779s] INFO:colcon.colcon_core.shell:Creating environment hook '/home/olympusforge/ros2_frost/install/ydlidar_ros2_driver/share/ydlidar_ros2_driver/hook/cmake_prefix_path.ps1'
[1.782s] DEBUG:colcon.colcon_core.event_handler.log_command:Invoked command in '/home/olympusforge/ros2_frost/build/ydlidar_ros2_driver' returned '0': CMAKE_PREFIX_PATH=${CMAKE_PREFIX_PATH}:/home/olympusforge/ros2_frost/install/tortoisebot_control:/opt/ros/humble /usr/bin/cmake --install /home/olympusforge/ros2_frost/build/ydlidar_ros2_driver
[1.782s] INFO:colcon.colcon_core.shell:Creating environment descriptor '/home/olympusforge/ros2_frost/install/ydlidar_ros2_driver/share/ydlidar_ros2_driver/hook/cmake_prefix_path.dsv'
[1.784s] INFO:colcon.colcon_core.shell:Creating environment hook '/home/olympusforge/ros2_frost/install/ydlidar_ros2_driver/share/ydlidar_ros2_driver/hook/cmake_prefix_path.sh'
[1.785s] Level 1:colcon.colcon_core.environment:checking '/home/olympusforge/ros2_frost/install/ydlidar_ros2_driver/lib'
[1.785s] Level 1:colcon.colcon_core.environment:checking '/home/olympusforge/ros2_frost/install/ydlidar_ros2_driver/bin'
[1.785s] Level 1:colcon.colcon_core.environment:checking '/home/olympusforge/ros2_frost/install/ydlidar_ros2_driver/lib/pkgconfig/ydlidar_ros2_driver.pc'
[1.785s] Level 1:colcon.colcon_core.environment:checking '/home/olympusforge/ros2_frost/install/ydlidar_ros2_driver/lib/python3.10/site-packages'
[1.786s] Level 1:colcon.colcon_core.environment:checking '/home/olympusforge/ros2_frost/install/ydlidar_ros2_driver/bin'
[1.786s] INFO:colcon.colcon_core.shell:Creating package script '/home/olympusforge/ros2_frost/install/ydlidar_ros2_driver/share/ydlidar_ros2_driver/package.ps1'
[1.787s] INFO:colcon.colcon_core.shell:Creating package descriptor '/home/olympusforge/ros2_frost/install/ydlidar_ros2_driver/share/ydlidar_ros2_driver/package.dsv'
[1.787s] INFO:colcon.colcon_core.shell:Creating package script '/home/olympusforge/ros2_frost/install/ydlidar_ros2_driver/share/ydlidar_ros2_driver/package.sh'
[1.787s] INFO:colcon.colcon_core.shell:Creating package script '/home/olympusforge/ros2_frost/install/ydlidar_ros2_driver/share/ydlidar_ros2_driver/package.bash'
[1.788s] INFO:colcon.colcon_core.shell:Creating package script '/home/olympusforge/ros2_frost/install/ydlidar_ros2_driver/share/ydlidar_ros2_driver/package.zsh'
[1.788s] Level 1:colcon.colcon_core.environment:create_file_with_runtime_dependencies(/home/olympusforge/ros2_frost/install/ydlidar_ros2_driver/share/colcon-core/packages/ydlidar_ros2_driver)
[1.789s] Level 1:colcon.colcon_core.environment:create_environment_scripts_only(ydlidar_ros2_driver)
[1.790s] Level 1:colcon.colcon_core.environment:checking '/home/olympusforge/ros2_frost/install/ydlidar_ros2_driver' for CMake module files
[1.790s] Level 1:colcon.colcon_core.environment:checking '/home/olympusforge/ros2_frost/install/ydlidar_ros2_driver' for CMake config files
[1.790s] Level 1:colcon.colcon_core.shell:create_environment_hook('ydlidar_ros2_driver', 'cmake_prefix_path')
[1.790s] INFO:colcon.colcon_core.shell:Creating environment hook '/home/olympusforge/ros2_frost/install/ydlidar_ros2_driver/share/ydlidar_ros2_driver/hook/cmake_prefix_path.ps1'
[1.791s] INFO:colcon.colcon_core.shell:Creating environment descriptor '/home/olympusforge/ros2_frost/install/ydlidar_ros2_driver/share/ydlidar_ros2_driver/hook/cmake_prefix_path.dsv'
[1.791s] INFO:colcon.colcon_core.shell:Creating environment hook '/home/olympusforge/ros2_frost/install/ydlidar_ros2_driver/share/ydlidar_ros2_driver/hook/cmake_prefix_path.sh'
[1.792s] Level 1:colcon.colcon_core.environment:checking '/home/olympusforge/ros2_frost/install/ydlidar_ros2_driver/lib'
[1.792s] Level 1:colcon.colcon_core.environment:checking '/home/olympusforge/ros2_frost/install/ydlidar_ros2_driver/bin'
[1.792s] Level 1:colcon.colcon_core.environment:checking '/home/olympusforge/ros2_frost/install/ydlidar_ros2_driver/lib/pkgconfig/ydlidar_ros2_driver.pc'
[1.793s] Level 1:colcon.colcon_core.environment:checking '/home/olympusforge/ros2_frost/install/ydlidar_ros2_driver/lib/python3.10/site-packages'
[1.793s] Level 1:colcon.colcon_core.environment:checking '/home/olympusforge/ros2_frost/install/ydlidar_ros2_driver/bin'
[1.793s] INFO:colcon.colcon_core.shell:Creating package script '/home/olympusforge/ros2_frost/install/ydlidar_ros2_driver/share/ydlidar_ros2_driver/package.ps1'
[1.794s] INFO:colcon.colcon_core.shell:Creating package descriptor '/home/olympusforge/ros2_frost/install/ydlidar_ros2_driver/share/ydlidar_ros2_driver/package.dsv'
[1.794s] INFO:colcon.colcon_core.shell:Creating package script '/home/olympusforge/ros2_frost/install/ydlidar_ros2_driver/share/ydlidar_ros2_driver/package.sh'
[1.795s] INFO:colcon.colcon_core.shell:Creating package script '/home/olympusforge/ros2_frost/install/ydlidar_ros2_driver/share/ydlidar_ros2_driver/package.bash'
[1.795s] INFO:colcon.colcon_core.shell:Creating package script '/home/olympusforge/ros2_frost/install/ydlidar_ros2_driver/share/ydlidar_ros2_driver/package.zsh'
[1.796s] Level 1:colcon.colcon_core.environment:create_file_with_runtime_dependencies(/home/olympusforge/ros2_frost/install/ydlidar_ros2_driver/share/colcon-core/packages/ydlidar_ros2_driver)
[1.801s] DEBUG:colcon.colcon_core.event_handler.log_command:Invoked command in '/home/olympusforge/ros2_frost/build/ydlidar_sdk' returned '0': /usr/bin/cmake --build /home/olympusforge/ros2_frost/build/ydlidar_sdk -- -j8 -l8
[1.801s] DEBUG:colcon.colcon_core.event_handler.log_command:Invoking command in '/home/olympusforge/ros2_frost/build/ydlidar_sdk': /usr/bin/cmake --install /home/olympusforge/ros2_frost/build/ydlidar_sdk
[1.831s] Level 1:colcon.colcon_core.environment:create_environment_scripts_only(ydlidar_sdk)
[1.831s] Level 1:colcon.colcon_core.environment:checking '/home/olympusforge/ros2_frost/install/ydlidar_sdk' for CMake module files
[1.832s] Level 1:colcon.colcon_core.environment:checking '/home/olympusforge/ros2_frost/install/ydlidar_sdk' for CMake config files
[1.832s] Level 1:colcon.colcon_core.shell:create_environment_hook('ydlidar_sdk', 'cmake_prefix_path')
[1.832s] INFO:colcon.colcon_core.shell:Creating environment hook '/home/olympusforge/ros2_frost/install/ydlidar_sdk/share/ydlidar_sdk/hook/cmake_prefix_path.ps1'
[1.838s] DEBUG:colcon.colcon_core.event_handler.log_command:Invoked command in '/home/olympusforge/ros2_frost/build/ydlidar_sdk' returned '0': /usr/bin/cmake --install /home/olympusforge/ros2_frost/build/ydlidar_sdk
[1.841s] INFO:colcon.colcon_core.shell:Creating environment descriptor '/home/olympusforge/ros2_frost/install/ydlidar_sdk/share/ydlidar_sdk/hook/cmake_prefix_path.dsv'
[1.851s] INFO:colcon.colcon_core.shell:Creating environment hook '/home/olympusforge/ros2_frost/install/ydlidar_sdk/share/ydlidar_sdk/hook/cmake_prefix_path.sh'
[1.853s] Level 1:colcon.colcon_core.environment:checking '/home/olympusforge/ros2_frost/install/ydlidar_sdk/lib'
[1.853s] Level 1:colcon.colcon_core.environment:checking '/home/olympusforge/ros2_frost/install/ydlidar_sdk/bin'
[1.853s] Level 1:colcon.colcon_core.shell:create_environment_hook('ydlidar_sdk', 'path')
[1.853s] INFO:colcon.colcon_core.shell:Creating environment hook '/home/olympusforge/ros2_frost/install/ydlidar_sdk/share/ydlidar_sdk/hook/path.ps1'
[1.859s] INFO:colcon.colcon_core.shell:Creating environment descriptor '/home/olympusforge/ros2_frost/install/ydlidar_sdk/share/ydlidar_sdk/hook/path.dsv'
[1.872s] INFO:colcon.colcon_core.shell:Creating environment hook '/home/olympusforge/ros2_frost/install/ydlidar_sdk/share/ydlidar_sdk/hook/path.sh'
[1.874s] Level 1:colcon.colcon_core.environment:checking '/home/olympusforge/ros2_frost/install/ydlidar_sdk/lib/pkgconfig/ydlidar_sdk.pc'
[1.874s] Level 1:colcon.colcon_core.environment:checking '/home/olympusforge/ros2_frost/install/ydlidar_sdk/lib/python3.10/site-packages'
[1.874s] Level 1:colcon.colcon_core.environment:checking '/home/olympusforge/ros2_frost/install/ydlidar_sdk/bin'
[1.874s] Level 1:colcon.colcon_core.shell:create_environment_hook('ydlidar_sdk', 'pythonscriptspath')
[1.874s] INFO:colcon.colcon_core.shell:Creating environment hook '/home/olympusforge/ros2_frost/install/ydlidar_sdk/share/ydlidar_sdk/hook/pythonscriptspath.ps1'
[1.879s] INFO:colcon.colcon_core.shell:Creating environment descriptor '/home/olympusforge/ros2_frost/install/ydlidar_sdk/share/ydlidar_sdk/hook/pythonscriptspath.dsv'
[1.879s] INFO:colcon.colcon_core.shell:Creating environment hook '/home/olympusforge/ros2_frost/install/ydlidar_sdk/share/ydlidar_sdk/hook/pythonscriptspath.sh'
[1.885s] INFO:colcon.colcon_core.shell:Creating package script '/home/olympusforge/ros2_frost/install/ydlidar_sdk/share/ydlidar_sdk/package.ps1'
[1.886s] INFO:colcon.colcon_core.shell:Creating package descriptor '/home/olympusforge/ros2_frost/install/ydlidar_sdk/share/ydlidar_sdk/package.dsv'
[1.886s] INFO:colcon.colcon_core.shell:Creating package script '/home/olympusforge/ros2_frost/install/ydlidar_sdk/share/ydlidar_sdk/package.sh'
[1.887s] INFO:colcon.colcon_core.shell:Creating package script '/home/olympusforge/ros2_frost/install/ydlidar_sdk/share/ydlidar_sdk/package.bash'
[1.888s] INFO:colcon.colcon_core.shell:Creating package script '/home/olympusforge/ros2_frost/install/ydlidar_sdk/share/ydlidar_sdk/package.zsh'
[1.888s] Level 1:colcon.colcon_core.environment:create_file_with_runtime_dependencies(/home/olympusforge/ros2_frost/install/ydlidar_sdk/share/colcon-core/packages/ydlidar_sdk)
[2.099s] Level 1:colcon.colcon_core.shell:create_environment_hook('tortoisebot_control', 'pythonpath_develop')
[2.100s] INFO:colcon.colcon_core.shell:Creating environment hook '/home/olympusforge/ros2_frost/build/tortoisebot_control/share/tortoisebot_control/hook/pythonpath_develop.ps1'
[2.101s] DEBUG:colcon.colcon_core.event_handler.log_command:Invoked command in '/home/olympusforge/ros2_frost/build/tortoisebot_control' returned '0': PYTHONPATH=/home/olympusforge/ros2_frost/build/tortoisebot_control/prefix_override:/usr/lib/python3/dist-packages/colcon_core/task/python/colcon_distutils_commands:/home/olympusforge/ros2_frost/install/tortoisebot_control/lib/python3.10/site-packages:${PYTHONPATH} /usr/bin/python3 -W ignore:setup.py install is deprecated -W ignore:easy_install command is deprecated setup.py develop --editable --build-directory /home/olympusforge/ros2_frost/build/tortoisebot_control/build --no-deps symlink_data
[2.104s] INFO:colcon.colcon_core.shell:Creating environment descriptor '/home/olympusforge/ros2_frost/build/tortoisebot_control/share/tortoisebot_control/hook/pythonpath_develop.dsv'
[2.110s] INFO:colcon.colcon_core.shell:Creating environment hook '/home/olympusforge/ros2_frost/build/tortoisebot_control/share/tortoisebot_control/hook/pythonpath_develop.sh'
[2.117s] Level 1:colcon.colcon_core.environment:checking '/home/olympusforge/ros2_frost/install/tortoisebot_control' for CMake module files
[2.118s] Level 1:colcon.colcon_core.environment:checking '/home/olympusforge/ros2_frost/install/tortoisebot_control' for CMake config files
[2.119s] Level 1:colcon.colcon_core.environment:checking '/home/olympusforge/ros2_frost/install/tortoisebot_control/lib'
[2.121s] Level 1:colcon.colcon_core.environment:checking '/home/olympusforge/ros2_frost/install/tortoisebot_control/bin'
[2.121s] Level 1:colcon.colcon_core.environment:checking '/home/olympusforge/ros2_frost/install/tortoisebot_control/lib/pkgconfig/tortoisebot_control.pc'
[2.121s] Level 1:colcon.colcon_core.environment:checking '/home/olympusforge/ros2_frost/install/tortoisebot_control/lib/python3.10/site-packages'
[2.121s] Level 1:colcon.colcon_core.shell:create_environment_hook('tortoisebot_control', 'pythonpath')
[2.121s] INFO:colcon.colcon_core.shell:Creating environment hook '/home/olympusforge/ros2_frost/install/tortoisebot_control/share/tortoisebot_control/hook/pythonpath.ps1'
[2.122s] INFO:colcon.colcon_core.shell:Creating environment descriptor '/home/olympusforge/ros2_frost/install/tortoisebot_control/share/tortoisebot_control/hook/pythonpath.dsv'
[2.127s] INFO:colcon.colcon_core.shell:Creating environment hook '/home/olympusforge/ros2_frost/install/tortoisebot_control/share/tortoisebot_control/hook/pythonpath.sh'
[2.135s] Level 1:colcon.colcon_core.environment:checking '/home/olympusforge/ros2_frost/install/tortoisebot_control/bin'
[2.138s] Level 1:colcon.colcon_core.environment:create_environment_scripts_only(tortoisebot_control)
[2.138s] INFO:colcon.colcon_core.shell:Creating package script '/home/olympusforge/ros2_frost/install/tortoisebot_control/share/tortoisebot_control/package.ps1'
[2.141s] INFO:colcon.colcon_core.shell:Creating package descriptor '/home/olympusforge/ros2_frost/install/tortoisebot_control/share/tortoisebot_control/package.dsv'
[2.147s] INFO:colcon.colcon_core.shell:Creating package script '/home/olympusforge/ros2_frost/install/tortoisebot_control/share/tortoisebot_control/package.sh'
[2.151s] INFO:colcon.colcon_core.shell:Creating package script '/home/olympusforge/ros2_frost/install/tortoisebot_control/share/tortoisebot_control/package.bash'
[2.156s] INFO:colcon.colcon_core.shell:Creating package script '/home/olympusforge/ros2_frost/install/tortoisebot_control/share/tortoisebot_control/package.zsh'
[2.156s] Level 1:colcon.colcon_core.environment:create_file_with_runtime_dependencies(/home/olympusforge/ros2_frost/install/tortoisebot_control/share/colcon-core/packages/tortoisebot_control)
[2.157s] DEBUG:colcon.colcon_parallel_executor.executor.parallel:closing loop
[2.157s] DEBUG:colcon.colcon_parallel_executor.executor.parallel:loop closed
[2.157s] DEBUG:colcon.colcon_parallel_executor.executor.parallel:run_until_complete finished with '0'
[2.158s] DEBUG:colcon.colcon_core.event_reactor:joining thread
[2.168s] INFO:colcon.colcon_core.plugin_system:Skipping extension 'colcon_notification.desktop_notification.terminal_notifier': Not used on non-Darwin systems
[2.168s] INFO:colcon.colcon_core.plugin_system:Skipping extension 'colcon_notification.desktop_notification.win32': Not used on non-Windows systems
[2.169s] INFO:colcon.colcon_notification.desktop_notification:Sending desktop notification using 'notify2'
[2.189s] DEBUG:colcon.colcon_core.event_reactor:joined thread
[2.190s] INFO:colcon.colcon_core.shell:Creating prefix script '/home/olympusforge/ros2_frost/install/local_setup.ps1'
[2.190s] INFO:colcon.colcon_core.shell:Creating prefix util module '/home/olympusforge/ros2_frost/install/_local_setup_util_ps1.py'
[2.192s] INFO:colcon.colcon_core.shell:Creating prefix chain script '/home/olympusforge/ros2_frost/install/setup.ps1'
[2.193s] INFO:colcon.colcon_core.shell:Creating prefix script '/home/olympusforge/ros2_frost/install/local_setup.sh'
[2.194s] INFO:colcon.colcon_core.shell:Creating prefix util module '/home/olympusforge/ros2_frost/install/_local_setup_util_sh.py'
[2.199s] INFO:colcon.colcon_core.shell:Creating prefix chain script '/home/olympusforge/ros2_frost/install/setup.sh'
[2.212s] INFO:colcon.colcon_core.shell:Creating prefix script '/home/olympusforge/ros2_frost/install/local_setup.bash'
[2.226s] INFO:colcon.colcon_core.shell:Creating prefix chain script '/home/olympusforge/ros2_frost/install/setup.bash'
[2.230s] INFO:colcon.colcon_core.shell:Creating prefix script '/home/olympusforge/ros2_frost/install/local_setup.zsh'
[2.235s] INFO:colcon.colcon_core.shell:Creating prefix chain script '/home/olympusforge/ros2_frost/install/setup.zsh'
