[0.068s] DEBUG:colcon:Command line arguments: ['/usr/bin/colcon', 'build', '--symlink-install']
[0.068s] DEBUG:colcon:Parsed command line arguments: Namespace(log_base=None, log_level=None, verb_name='build', build_base='build', install_base='install', merge_install=False, symlink_install=True, test_result_base=None, continue_on_error=False, executor='parallel', parallel_workers=8, event_handlers=None, ignore_user_meta=False, metas=['./colcon.meta'], base_paths=['.'], packages_ignore=None, packages_ignore_regex=None, paths=None, packages_up_to=None, packages_up_to_regex=None, packages_above=None, packages_above_and_dependencies=None, packages_above_depth=None, packages_select_by_dep=None, packages_skip_by_dep=None, packages_skip_up_to=None, packages_select_build_failed=False, packages_skip_build_finished=False, packages_select_test_failures=False, packages_skip_test_passed=False, packages_select=None, packages_skip=None, packages_select_regex=None, packages_skip_regex=None, packages_start=None, packages_end=None, allow_overriding=[], cmake_args=None, cmake_target=None, cmake_target_skip_unavailable=False, cmake_clean_cache=False, cmake_clean_first=False, cmake_force_configure=False, ament_cmake_args=None, catkin_cmake_args=None, catkin_skip_building_tests=False, mixin_files=None, mixin=None, verb_parser=<colcon_mixin.mixin.mixin_argument.MixinArgumentDecorator object at 0x761302e6ac20>, verb_extension=<colcon_core.verb.build.BuildVerb object at 0x761302f5fbb0>, main=<bound method BuildVerb.main of <colcon_core.verb.build.BuildVerb object at 0x761302f5fbb0>>, mixin_verb=('build',))
[0.161s] Level 1:colcon.colcon_core.package_discovery:discover_packages(colcon_meta) check parameters
[0.162s] Level 1:colcon.colcon_core.package_discovery:discover_packages(recursive) check parameters
[0.162s] Level 1:colcon.colcon_core.package_discovery:discover_packages(ignore) check parameters
[0.162s] Level 1:colcon.colcon_core.package_discovery:discover_packages(path) check parameters
[0.162s] Level 1:colcon.colcon_core.package_discovery:discover_packages(colcon_meta) discover
[0.162s] Level 1:colcon.colcon_core.package_discovery:discover_packages(recursive) discover
[0.162s] INFO:colcon.colcon_core.package_discovery:Crawling recursively for packages in '/home/olympusforge/ros2_frost'
[0.162s] Level 1:colcon.colcon_core.package_identification:_identify(.) by extensions ['ignore', 'ignore_ament_install']
[0.162s] Level 1:colcon.colcon_core.package_identification:_identify(.) by extension 'ignore'
[0.162s] Level 1:colcon.colcon_core.package_identification:_identify(.) by extension 'ignore_ament_install'
[0.162s] Level 1:colcon.colcon_core.package_identification:_identify(.) by extensions ['colcon_pkg']
[0.162s] Level 1:colcon.colcon_core.package_identification:_identify(.) by extension 'colcon_pkg'
[0.162s] Level 1:colcon.colcon_core.package_identification:_identify(.) by extensions ['colcon_meta']
[0.162s] Level 1:colcon.colcon_core.package_identification:_identify(.) by extension 'colcon_meta'
[0.162s] Level 1:colcon.colcon_core.package_identification:_identify(.) by extensions ['ros']
[0.162s] Level 1:colcon.colcon_core.package_identification:_identify(.) by extension 'ros'
[0.169s] Level 1:colcon.colcon_core.package_identification:_identify(.) by extensions ['cmake', 'python']
[0.169s] Level 1:colcon.colcon_core.package_identification:_identify(.) by extension 'cmake'
[0.169s] Level 1:colcon.colcon_core.package_identification:_identify(.) by extension 'python'
[0.169s] Level 1:colcon.colcon_core.package_identification:_identify(.) by extensions ['python_setup_py']
[0.169s] Level 1:colcon.colcon_core.package_identification:_identify(.) by extension 'python_setup_py'
[0.169s] Level 1:colcon.colcon_core.package_identification:_identify(build) by extensions ['ignore', 'ignore_ament_install']
[0.169s] Level 1:colcon.colcon_core.package_identification:_identify(build) by extension 'ignore'
[0.169s] Level 1:colcon.colcon_core.package_identification:_identify(build) ignored
[0.169s] Level 1:colcon.colcon_core.package_identification:_identify(install) by extensions ['ignore', 'ignore_ament_install']
[0.169s] Level 1:colcon.colcon_core.package_identification:_identify(install) by extension 'ignore'
[0.169s] Level 1:colcon.colcon_core.package_identification:_identify(install) ignored
[0.169s] Level 1:colcon.colcon_core.package_identification:_identify(log) by extensions ['ignore', 'ignore_ament_install']
[0.169s] Level 1:colcon.colcon_core.package_identification:_identify(log) by extension 'ignore'
[0.169s] Level 1:colcon.colcon_core.package_identification:_identify(log) ignored
[0.169s] Level 1:colcon.colcon_core.package_identification:_identify(src) by extensions ['ignore', 'ignore_ament_install']
[0.169s] Level 1:colcon.colcon_core.package_identification:_identify(src) by extension 'ignore'
[0.169s] Level 1:colcon.colcon_core.package_identification:_identify(src) by extension 'ignore_ament_install'
[0.170s] Level 1:colcon.colcon_core.package_identification:_identify(src) by extensions ['colcon_pkg']
[0.170s] Level 1:colcon.colcon_core.package_identification:_identify(src) by extension 'colcon_pkg'
[0.170s] Level 1:colcon.colcon_core.package_identification:_identify(src) by extensions ['colcon_meta']
[0.170s] Level 1:colcon.colcon_core.package_identification:_identify(src) by extension 'colcon_meta'
[0.170s] Level 1:colcon.colcon_core.package_identification:_identify(src) by extensions ['ros']
[0.170s] Level 1:colcon.colcon_core.package_identification:_identify(src) by extension 'ros'
[0.170s] Level 1:colcon.colcon_core.package_identification:_identify(src) by extensions ['cmake', 'python']
[0.170s] Level 1:colcon.colcon_core.package_identification:_identify(src) by extension 'cmake'
[0.170s] Level 1:colcon.colcon_core.package_identification:_identify(src) by extension 'python'
[0.170s] Level 1:colcon.colcon_core.package_identification:_identify(src) by extensions ['python_setup_py']
[0.170s] Level 1:colcon.colcon_core.package_identification:_identify(src) by extension 'python_setup_py'
[0.170s] Level 1:colcon.colcon_core.package_identification:_identify(src/tortoisebot) by extensions ['ignore', 'ignore_ament_install']
[0.170s] Level 1:colcon.colcon_core.package_identification:_identify(src/tortoisebot) by extension 'ignore'
[0.170s] Level 1:colcon.colcon_core.package_identification:_identify(src/tortoisebot) by extension 'ignore_ament_install'
[0.170s] Level 1:colcon.colcon_core.package_identification:_identify(src/tortoisebot) by extensions ['colcon_pkg']
[0.170s] Level 1:colcon.colcon_core.package_identification:_identify(src/tortoisebot) by extension 'colcon_pkg'
[0.170s] Level 1:colcon.colcon_core.package_identification:_identify(src/tortoisebot) by extensions ['colcon_meta']
[0.170s] Level 1:colcon.colcon_core.package_identification:_identify(src/tortoisebot) by extension 'colcon_meta'
[0.170s] Level 1:colcon.colcon_core.package_identification:_identify(src/tortoisebot) by extensions ['ros']
[0.170s] Level 1:colcon.colcon_core.package_identification:_identify(src/tortoisebot) by extension 'ros'
[0.170s] Level 1:colcon.colcon_core.package_identification:_identify(src/tortoisebot) by extensions ['cmake', 'python']
[0.170s] Level 1:colcon.colcon_core.package_identification:_identify(src/tortoisebot) by extension 'cmake'
[0.170s] Level 1:colcon.colcon_core.package_identification:_identify(src/tortoisebot) by extension 'python'
[0.170s] Level 1:colcon.colcon_core.package_identification:_identify(src/tortoisebot) by extensions ['python_setup_py']
[0.170s] Level 1:colcon.colcon_core.package_identification:_identify(src/tortoisebot) by extension 'python_setup_py'
[0.171s] Level 1:colcon.colcon_core.package_identification:_identify(src/tortoisebot/YDLidar-SDK) by extensions ['ignore', 'ignore_ament_install']
[0.171s] Level 1:colcon.colcon_core.package_identification:_identify(src/tortoisebot/YDLidar-SDK) by extension 'ignore'
[0.171s] Level 1:colcon.colcon_core.package_identification:_identify(src/tortoisebot/YDLidar-SDK) by extension 'ignore_ament_install'
[0.171s] Level 1:colcon.colcon_core.package_identification:_identify(src/tortoisebot/YDLidar-SDK) by extensions ['colcon_pkg']
[0.171s] Level 1:colcon.colcon_core.package_identification:_identify(src/tortoisebot/YDLidar-SDK) by extension 'colcon_pkg'
[0.171s] Level 1:colcon.colcon_core.package_identification:_identify(src/tortoisebot/YDLidar-SDK) by extensions ['colcon_meta']
[0.171s] Level 1:colcon.colcon_core.package_identification:_identify(src/tortoisebot/YDLidar-SDK) by extension 'colcon_meta'
[0.171s] Level 1:colcon.colcon_core.package_identification:_identify(src/tortoisebot/YDLidar-SDK) by extensions ['ros']
[0.171s] Level 1:colcon.colcon_core.package_identification:_identify(src/tortoisebot/YDLidar-SDK) by extension 'ros'
[0.171s] Level 1:colcon.colcon_core.package_identification:_identify(src/tortoisebot/YDLidar-SDK) by extensions ['cmake', 'python']
[0.171s] Level 1:colcon.colcon_core.package_identification:_identify(src/tortoisebot/YDLidar-SDK) by extension 'cmake'
[0.181s] Level 1:colcon.colcon_core.package_identification:_identify(src/tortoisebot/YDLidar-SDK) by extension 'python'
[0.181s] DEBUG:colcon.colcon_core.package_identification:Package 'src/tortoisebot/YDLidar-SDK' with type 'cmake' and name 'ydlidar_sdk'
[0.181s] Level 1:colcon.colcon_core.package_identification:_identify(src/tortoisebot/maps) by extensions ['ignore', 'ignore_ament_install']
[0.181s] Level 1:colcon.colcon_core.package_identification:_identify(src/tortoisebot/maps) by extension 'ignore'
[0.181s] Level 1:colcon.colcon_core.package_identification:_identify(src/tortoisebot/maps) by extension 'ignore_ament_install'
[0.181s] Level 1:colcon.colcon_core.package_identification:_identify(src/tortoisebot/maps) by extensions ['colcon_pkg']
[0.181s] Level 1:colcon.colcon_core.package_identification:_identify(src/tortoisebot/maps) by extension 'colcon_pkg'
[0.181s] Level 1:colcon.colcon_core.package_identification:_identify(src/tortoisebot/maps) by extensions ['colcon_meta']
[0.181s] Level 1:colcon.colcon_core.package_identification:_identify(src/tortoisebot/maps) by extension 'colcon_meta'
[0.181s] Level 1:colcon.colcon_core.package_identification:_identify(src/tortoisebot/maps) by extensions ['ros']
[0.181s] Level 1:colcon.colcon_core.package_identification:_identify(src/tortoisebot/maps) by extension 'ros'
[0.182s] Level 1:colcon.colcon_core.package_identification:_identify(src/tortoisebot/maps) by extensions ['cmake', 'python']
[0.182s] Level 1:colcon.colcon_core.package_identification:_identify(src/tortoisebot/maps) by extension 'cmake'
[0.182s] Level 1:colcon.colcon_core.package_identification:_identify(src/tortoisebot/maps) by extension 'python'
[0.182s] Level 1:colcon.colcon_core.package_identification:_identify(src/tortoisebot/maps) by extensions ['python_setup_py']
[0.182s] Level 1:colcon.colcon_core.package_identification:_identify(src/tortoisebot/maps) by extension 'python_setup_py'
[0.182s] Level 1:colcon.colcon_core.package_identification:_identify(src/tortoisebot/tortoisebot_bringup) by extensions ['ignore', 'ignore_ament_install']
[0.182s] Level 1:colcon.colcon_core.package_identification:_identify(src/tortoisebot/tortoisebot_bringup) by extension 'ignore'
[0.182s] Level 1:colcon.colcon_core.package_identification:_identify(src/tortoisebot/tortoisebot_bringup) by extension 'ignore_ament_install'
[0.182s] Level 1:colcon.colcon_core.package_identification:_identify(src/tortoisebot/tortoisebot_bringup) by extensions ['colcon_pkg']
[0.182s] Level 1:colcon.colcon_core.package_identification:_identify(src/tortoisebot/tortoisebot_bringup) by extension 'colcon_pkg'
[0.182s] Level 1:colcon.colcon_core.package_identification:_identify(src/tortoisebot/tortoisebot_bringup) by extensions ['colcon_meta']
[0.182s] Level 1:colcon.colcon_core.package_identification:_identify(src/tortoisebot/tortoisebot_bringup) by extension 'colcon_meta'
[0.182s] Level 1:colcon.colcon_core.package_identification:_identify(src/tortoisebot/tortoisebot_bringup) by extensions ['ros']
[0.182s] Level 1:colcon.colcon_core.package_identification:_identify(src/tortoisebot/tortoisebot_bringup) by extension 'ros'
[0.184s] DEBUG:colcon.colcon_core.package_identification:Package 'src/tortoisebot/tortoisebot_bringup' with type 'ros.ament_cmake' and name 'tortoisebot_bringup'
[0.184s] Level 1:colcon.colcon_core.package_identification:_identify(src/tortoisebot/tortoisebot_control) by extensions ['ignore', 'ignore_ament_install']
[0.184s] Level 1:colcon.colcon_core.package_identification:_identify(src/tortoisebot/tortoisebot_control) by extension 'ignore'
[0.184s] Level 1:colcon.colcon_core.package_identification:_identify(src/tortoisebot/tortoisebot_control) by extension 'ignore_ament_install'
[0.184s] Level 1:colcon.colcon_core.package_identification:_identify(src/tortoisebot/tortoisebot_control) by extensions ['colcon_pkg']
[0.184s] Level 1:colcon.colcon_core.package_identification:_identify(src/tortoisebot/tortoisebot_control) by extension 'colcon_pkg'
[0.184s] Level 1:colcon.colcon_core.package_identification:_identify(src/tortoisebot/tortoisebot_control) by extensions ['colcon_meta']
[0.184s] Level 1:colcon.colcon_core.package_identification:_identify(src/tortoisebot/tortoisebot_control) by extension 'colcon_meta'
[0.184s] Level 1:colcon.colcon_core.package_identification:_identify(src/tortoisebot/tortoisebot_control) by extensions ['ros']
[0.184s] Level 1:colcon.colcon_core.package_identification:_identify(src/tortoisebot/tortoisebot_control) by extension 'ros'
[0.184s] DEBUG:colcon.colcon_core.package_identification:Package 'src/tortoisebot/tortoisebot_control' with type 'ros.ament_python' and name 'tortoisebot_control'
[0.184s] Level 1:colcon.colcon_core.package_identification:_identify(src/tortoisebot/tortoisebot_description) by extensions ['ignore', 'ignore_ament_install']
[0.185s] Level 1:colcon.colcon_core.package_identification:_identify(src/tortoisebot/tortoisebot_description) by extension 'ignore'
[0.185s] Level 1:colcon.colcon_core.package_identification:_identify(src/tortoisebot/tortoisebot_description) by extension 'ignore_ament_install'
[0.185s] Level 1:colcon.colcon_core.package_identification:_identify(src/tortoisebot/tortoisebot_description) by extensions ['colcon_pkg']
[0.185s] Level 1:colcon.colcon_core.package_identification:_identify(src/tortoisebot/tortoisebot_description) by extension 'colcon_pkg'
[0.185s] Level 1:colcon.colcon_core.package_identification:_identify(src/tortoisebot/tortoisebot_description) by extensions ['colcon_meta']
[0.185s] Level 1:colcon.colcon_core.package_identification:_identify(src/tortoisebot/tortoisebot_description) by extension 'colcon_meta'
[0.185s] Level 1:colcon.colcon_core.package_identification:_identify(src/tortoisebot/tortoisebot_description) by extensions ['ros']
[0.185s] Level 1:colcon.colcon_core.package_identification:_identify(src/tortoisebot/tortoisebot_description) by extension 'ros'
[0.185s] DEBUG:colcon.colcon_core.package_identification:Package 'src/tortoisebot/tortoisebot_description' with type 'ros.ament_cmake' and name 'tortoisebot_description'
[0.185s] Level 1:colcon.colcon_core.package_identification:_identify(src/tortoisebot/tortoisebot_firmware) by extensions ['ignore', 'ignore_ament_install']
[0.185s] Level 1:colcon.colcon_core.package_identification:_identify(src/tortoisebot/tortoisebot_firmware) by extension 'ignore'
[0.185s] Level 1:colcon.colcon_core.package_identification:_identify(src/tortoisebot/tortoisebot_firmware) by extension 'ignore_ament_install'
[0.185s] Level 1:colcon.colcon_core.package_identification:_identify(src/tortoisebot/tortoisebot_firmware) by extensions ['colcon_pkg']
[0.185s] Level 1:colcon.colcon_core.package_identification:_identify(src/tortoisebot/tortoisebot_firmware) by extension 'colcon_pkg'
[0.185s] Level 1:colcon.colcon_core.package_identification:_identify(src/tortoisebot/tortoisebot_firmware) by extensions ['colcon_meta']
[0.185s] Level 1:colcon.colcon_core.package_identification:_identify(src/tortoisebot/tortoisebot_firmware) by extension 'colcon_meta'
[0.185s] Level 1:colcon.colcon_core.package_identification:_identify(src/tortoisebot/tortoisebot_firmware) by extensions ['ros']
[0.185s] Level 1:colcon.colcon_core.package_identification:_identify(src/tortoisebot/tortoisebot_firmware) by extension 'ros'
[0.186s] DEBUG:colcon.colcon_core.package_identification:Package 'src/tortoisebot/tortoisebot_firmware' with type 'ros.ament_cmake' and name 'tortoisebot_firmware'
[0.186s] Level 1:colcon.colcon_core.package_identification:_identify(src/tortoisebot/tortoisebot_gazebo) by extensions ['ignore', 'ignore_ament_install']
[0.186s] Level 1:colcon.colcon_core.package_identification:_identify(src/tortoisebot/tortoisebot_gazebo) by extension 'ignore'
[0.186s] Level 1:colcon.colcon_core.package_identification:_identify(src/tortoisebot/tortoisebot_gazebo) by extension 'ignore_ament_install'
[0.186s] Level 1:colcon.colcon_core.package_identification:_identify(src/tortoisebot/tortoisebot_gazebo) by extensions ['colcon_pkg']
[0.186s] Level 1:colcon.colcon_core.package_identification:_identify(src/tortoisebot/tortoisebot_gazebo) by extension 'colcon_pkg'
[0.186s] Level 1:colcon.colcon_core.package_identification:_identify(src/tortoisebot/tortoisebot_gazebo) by extensions ['colcon_meta']
[0.186s] Level 1:colcon.colcon_core.package_identification:_identify(src/tortoisebot/tortoisebot_gazebo) by extension 'colcon_meta'
[0.186s] Level 1:colcon.colcon_core.package_identification:_identify(src/tortoisebot/tortoisebot_gazebo) by extensions ['ros']
[0.186s] Level 1:colcon.colcon_core.package_identification:_identify(src/tortoisebot/tortoisebot_gazebo) by extension 'ros'
[0.187s] DEBUG:colcon.colcon_core.package_identification:Package 'src/tortoisebot/tortoisebot_gazebo' with type 'ros.ament_cmake' and name 'tortoisebot_gazebo'
[0.187s] Level 1:colcon.colcon_core.package_identification:_identify(src/tortoisebot/tortoisebot_navigation) by extensions ['ignore', 'ignore_ament_install']
[0.187s] Level 1:colcon.colcon_core.package_identification:_identify(src/tortoisebot/tortoisebot_navigation) by extension 'ignore'
[0.187s] Level 1:colcon.colcon_core.package_identification:_identify(src/tortoisebot/tortoisebot_navigation) by extension 'ignore_ament_install'
[0.187s] Level 1:colcon.colcon_core.package_identification:_identify(src/tortoisebot/tortoisebot_navigation) by extensions ['colcon_pkg']
[0.187s] Level 1:colcon.colcon_core.package_identification:_identify(src/tortoisebot/tortoisebot_navigation) by extension 'colcon_pkg'
[0.187s] Level 1:colcon.colcon_core.package_identification:_identify(src/tortoisebot/tortoisebot_navigation) by extensions ['colcon_meta']
[0.187s] Level 1:colcon.colcon_core.package_identification:_identify(src/tortoisebot/tortoisebot_navigation) by extension 'colcon_meta'
[0.187s] Level 1:colcon.colcon_core.package_identification:_identify(src/tortoisebot/tortoisebot_navigation) by extensions ['ros']
[0.187s] Level 1:colcon.colcon_core.package_identification:_identify(src/tortoisebot/tortoisebot_navigation) by extension 'ros'
[0.187s] DEBUG:colcon.colcon_core.package_identification:Package 'src/tortoisebot/tortoisebot_navigation' with type 'ros.ament_cmake' and name 'tortoisebot_navigation'
[0.187s] Level 1:colcon.colcon_core.package_identification:_identify(src/tortoisebot/tortoisebot_slam) by extensions ['ignore', 'ignore_ament_install']
[0.187s] Level 1:colcon.colcon_core.package_identification:_identify(src/tortoisebot/tortoisebot_slam) by extension 'ignore'
[0.188s] Level 1:colcon.colcon_core.package_identification:_identify(src/tortoisebot/tortoisebot_slam) by extension 'ignore_ament_install'
[0.188s] Level 1:colcon.colcon_core.package_identification:_identify(src/tortoisebot/tortoisebot_slam) by extensions ['colcon_pkg']
[0.188s] Level 1:colcon.colcon_core.package_identification:_identify(src/tortoisebot/tortoisebot_slam) by extension 'colcon_pkg'
[0.188s] Level 1:colcon.colcon_core.package_identification:_identify(src/tortoisebot/tortoisebot_slam) by extensions ['colcon_meta']
[0.188s] Level 1:colcon.colcon_core.package_identification:_identify(src/tortoisebot/tortoisebot_slam) by extension 'colcon_meta'
[0.188s] Level 1:colcon.colcon_core.package_identification:_identify(src/tortoisebot/tortoisebot_slam) by extensions ['ros']
[0.188s] Level 1:colcon.colcon_core.package_identification:_identify(src/tortoisebot/tortoisebot_slam) by extension 'ros'
[0.188s] DEBUG:colcon.colcon_core.package_identification:Package 'src/tortoisebot/tortoisebot_slam' with type 'ros.ament_cmake' and name 'tortoisebot_slam'
[0.188s] Level 1:colcon.colcon_core.package_identification:_identify(src/tortoisebot/v4l2_camera) by extensions ['ignore', 'ignore_ament_install']
[0.188s] Level 1:colcon.colcon_core.package_identification:_identify(src/tortoisebot/v4l2_camera) by extension 'ignore'
[0.188s] Level 1:colcon.colcon_core.package_identification:_identify(src/tortoisebot/v4l2_camera) by extension 'ignore_ament_install'
[0.188s] Level 1:colcon.colcon_core.package_identification:_identify(src/tortoisebot/v4l2_camera) by extensions ['colcon_pkg']
[0.188s] Level 1:colcon.colcon_core.package_identification:_identify(src/tortoisebot/v4l2_camera) by extension 'colcon_pkg'
[0.188s] Level 1:colcon.colcon_core.package_identification:_identify(src/tortoisebot/v4l2_camera) by extensions ['colcon_meta']
[0.188s] Level 1:colcon.colcon_core.package_identification:_identify(src/tortoisebot/v4l2_camera) by extension 'colcon_meta'
[0.188s] Level 1:colcon.colcon_core.package_identification:_identify(src/tortoisebot/v4l2_camera) by extensions ['ros']
[0.188s] Level 1:colcon.colcon_core.package_identification:_identify(src/tortoisebot/v4l2_camera) by extension 'ros'
[0.189s] DEBUG:colcon.colcon_core.package_identification:Package 'src/tortoisebot/v4l2_camera' with type 'ros.ament_cmake' and name 'v4l2_camera'
[0.189s] Level 1:colcon.colcon_core.package_identification:_identify(src/tortoisebot/ydlidar_ros2_driver) by extensions ['ignore', 'ignore_ament_install']
[0.189s] Level 1:colcon.colcon_core.package_identification:_identify(src/tortoisebot/ydlidar_ros2_driver) by extension 'ignore'
[0.189s] Level 1:colcon.colcon_core.package_identification:_identify(src/tortoisebot/ydlidar_ros2_driver) by extension 'ignore_ament_install'
[0.189s] Level 1:colcon.colcon_core.package_identification:_identify(src/tortoisebot/ydlidar_ros2_driver) by extensions ['colcon_pkg']
[0.189s] Level 1:colcon.colcon_core.package_identification:_identify(src/tortoisebot/ydlidar_ros2_driver) by extension 'colcon_pkg'
[0.189s] Level 1:colcon.colcon_core.package_identification:_identify(src/tortoisebot/ydlidar_ros2_driver) by extensions ['colcon_meta']
[0.189s] Level 1:colcon.colcon_core.package_identification:_identify(src/tortoisebot/ydlidar_ros2_driver) by extension 'colcon_meta'
[0.189s] Level 1:colcon.colcon_core.package_identification:_identify(src/tortoisebot/ydlidar_ros2_driver) by extensions ['ros']
[0.189s] Level 1:colcon.colcon_core.package_identification:_identify(src/tortoisebot/ydlidar_ros2_driver) by extension 'ros'
[0.190s] DEBUG:colcon.colcon_core.package_identification:Package 'src/tortoisebot/ydlidar_ros2_driver' with type 'ros.ament_cmake' and name 'ydlidar_ros2_driver'
[0.190s] Level 1:colcon.colcon_core.package_discovery:discover_packages(recursive) using defaults
[0.190s] Level 1:colcon.colcon_core.package_discovery:discover_packages(ignore) discover
[0.190s] Level 1:colcon.colcon_core.package_discovery:discover_packages(ignore) using defaults
[0.190s] Level 1:colcon.colcon_core.package_discovery:discover_packages(path) discover
[0.190s] Level 1:colcon.colcon_core.package_discovery:discover_packages(path) using defaults
[0.209s] Level 1:colcon.colcon_core.package_discovery:discover_packages(prefix_path) check parameters
[0.209s] Level 1:colcon.colcon_core.package_discovery:discover_packages(prefix_path) discover
[0.210s] DEBUG:colcon.colcon_installed_package_information.package_discovery:Found 10 installed packages in /home/olympusforge/ros2_frost/install
[0.211s] DEBUG:colcon.colcon_installed_package_information.package_discovery:Found 330 installed packages in /opt/ros/humble
[0.212s] Level 1:colcon.colcon_core.package_discovery:discover_packages(prefix_path) using defaults
[0.235s] Level 5:colcon.colcon_core.verb:set package 'tortoisebot_bringup' build argument 'cmake_args' from command line to 'None'
[0.235s] Level 5:colcon.colcon_core.verb:set package 'tortoisebot_bringup' build argument 'cmake_target' from command line to 'None'
[0.235s] Level 5:colcon.colcon_core.verb:set package 'tortoisebot_bringup' build argument 'cmake_target_skip_unavailable' from command line to 'False'
[0.235s] Level 5:colcon.colcon_core.verb:set package 'tortoisebot_bringup' build argument 'cmake_clean_cache' from command line to 'False'
[0.235s] Level 5:colcon.colcon_core.verb:set package 'tortoisebot_bringup' build argument 'cmake_clean_first' from command line to 'False'
[0.235s] Level 5:colcon.colcon_core.verb:set package 'tortoisebot_bringup' build argument 'cmake_force_configure' from command line to 'False'
[0.235s] Level 5:colcon.colcon_core.verb:set package 'tortoisebot_bringup' build argument 'ament_cmake_args' from command line to 'None'
[0.235s] Level 5:colcon.colcon_core.verb:set package 'tortoisebot_bringup' build argument 'catkin_cmake_args' from command line to 'None'
[0.235s] Level 5:colcon.colcon_core.verb:set package 'tortoisebot_bringup' build argument 'catkin_skip_building_tests' from command line to 'False'
[0.235s] DEBUG:colcon.colcon_core.verb:Building package 'tortoisebot_bringup' with the following arguments: {'ament_cmake_args': None, 'build_base': '/home/olympusforge/ros2_frost/build/tortoisebot_bringup', 'catkin_cmake_args': None, 'catkin_skip_building_tests': False, 'cmake_args': None, 'cmake_clean_cache': False, 'cmake_clean_first': False, 'cmake_force_configure': False, 'cmake_target': None, 'cmake_target_skip_unavailable': False, 'install_base': '/home/olympusforge/ros2_frost/install/tortoisebot_bringup', 'merge_install': False, 'path': '/home/olympusforge/ros2_frost/src/tortoisebot/tortoisebot_bringup', 'symlink_install': True, 'test_result_base': None}
[0.235s] Level 5:colcon.colcon_core.verb:set package 'tortoisebot_control' build argument 'cmake_args' from command line to 'None'
[0.235s] Level 5:colcon.colcon_core.verb:set package 'tortoisebot_control' build argument 'cmake_target' from command line to 'None'
[0.235s] Level 5:colcon.colcon_core.verb:set package 'tortoisebot_control' build argument 'cmake_target_skip_unavailable' from command line to 'False'
[0.235s] Level 5:colcon.colcon_core.verb:set package 'tortoisebot_control' build argument 'cmake_clean_cache' from command line to 'False'
[0.235s] Level 5:colcon.colcon_core.verb:set package 'tortoisebot_control' build argument 'cmake_clean_first' from command line to 'False'
[0.235s] Level 5:colcon.colcon_core.verb:set package 'tortoisebot_control' build argument 'cmake_force_configure' from command line to 'False'
[0.235s] Level 5:colcon.colcon_core.verb:set package 'tortoisebot_control' build argument 'ament_cmake_args' from command line to 'None'
[0.235s] Level 5:colcon.colcon_core.verb:set package 'tortoisebot_control' build argument 'catkin_cmake_args' from command line to 'None'
[0.235s] Level 5:colcon.colcon_core.verb:set package 'tortoisebot_control' build argument 'catkin_skip_building_tests' from command line to 'False'
[0.236s] DEBUG:colcon.colcon_core.verb:Building package 'tortoisebot_control' with the following arguments: {'ament_cmake_args': None, 'build_base': '/home/olympusforge/ros2_frost/build/tortoisebot_control', 'catkin_cmake_args': None, 'catkin_skip_building_tests': False, 'cmake_args': None, 'cmake_clean_cache': False, 'cmake_clean_first': False, 'cmake_force_configure': False, 'cmake_target': None, 'cmake_target_skip_unavailable': False, 'install_base': '/home/olympusforge/ros2_frost/install/tortoisebot_control', 'merge_install': False, 'path': '/home/olympusforge/ros2_frost/src/tortoisebot/tortoisebot_control', 'symlink_install': True, 'test_result_base': None}
[0.236s] Level 5:colcon.colcon_core.verb:set package 'tortoisebot_description' build argument 'cmake_args' from command line to 'None'
[0.236s] Level 5:colcon.colcon_core.verb:set package 'tortoisebot_description' build argument 'cmake_target' from command line to 'None'
[0.236s] Level 5:colcon.colcon_core.verb:set package 'tortoisebot_description' build argument 'cmake_target_skip_unavailable' from command line to 'False'
[0.236s] Level 5:colcon.colcon_core.verb:set package 'tortoisebot_description' build argument 'cmake_clean_cache' from command line to 'False'
[0.236s] Level 5:colcon.colcon_core.verb:set package 'tortoisebot_description' build argument 'cmake_clean_first' from command line to 'False'
[0.236s] Level 5:colcon.colcon_core.verb:set package 'tortoisebot_description' build argument 'cmake_force_configure' from command line to 'False'
[0.236s] Level 5:colcon.colcon_core.verb:set package 'tortoisebot_description' build argument 'ament_cmake_args' from command line to 'None'
[0.236s] Level 5:colcon.colcon_core.verb:set package 'tortoisebot_description' build argument 'catkin_cmake_args' from command line to 'None'
[0.236s] Level 5:colcon.colcon_core.verb:set package 'tortoisebot_description' build argument 'catkin_skip_building_tests' from command line to 'False'
[0.236s] DEBUG:colcon.colcon_core.verb:Building package 'tortoisebot_description' with the following arguments: {'ament_cmake_args': None, 'build_base': '/home/olympusforge/ros2_frost/build/tortoisebot_description', 'catkin_cmake_args': None, 'catkin_skip_building_tests': False, 'cmake_args': None, 'cmake_clean_cache': False, 'cmake_clean_first': False, 'cmake_force_configure': False, 'cmake_target': None, 'cmake_target_skip_unavailable': False, 'install_base': '/home/olympusforge/ros2_frost/install/tortoisebot_description', 'merge_install': False, 'path': '/home/olympusforge/ros2_frost/src/tortoisebot/tortoisebot_description', 'symlink_install': True, 'test_result_base': None}
[0.236s] Level 5:colcon.colcon_core.verb:set package 'tortoisebot_firmware' build argument 'cmake_args' from command line to 'None'
[0.236s] Level 5:colcon.colcon_core.verb:set package 'tortoisebot_firmware' build argument 'cmake_target' from command line to 'None'
[0.236s] Level 5:colcon.colcon_core.verb:set package 'tortoisebot_firmware' build argument 'cmake_target_skip_unavailable' from command line to 'False'
[0.236s] Level 5:colcon.colcon_core.verb:set package 'tortoisebot_firmware' build argument 'cmake_clean_cache' from command line to 'False'
[0.236s] Level 5:colcon.colcon_core.verb:set package 'tortoisebot_firmware' build argument 'cmake_clean_first' from command line to 'False'
[0.236s] Level 5:colcon.colcon_core.verb:set package 'tortoisebot_firmware' build argument 'cmake_force_configure' from command line to 'False'
[0.236s] Level 5:colcon.colcon_core.verb:set package 'tortoisebot_firmware' build argument 'ament_cmake_args' from command line to 'None'
[0.236s] Level 5:colcon.colcon_core.verb:set package 'tortoisebot_firmware' build argument 'catkin_cmake_args' from command line to 'None'
[0.236s] Level 5:colcon.colcon_core.verb:set package 'tortoisebot_firmware' build argument 'catkin_skip_building_tests' from command line to 'False'
[0.236s] DEBUG:colcon.colcon_core.verb:Building package 'tortoisebot_firmware' with the following arguments: {'ament_cmake_args': None, 'build_base': '/home/olympusforge/ros2_frost/build/tortoisebot_firmware', 'catkin_cmake_args': None, 'catkin_skip_building_tests': False, 'cmake_args': None, 'cmake_clean_cache': False, 'cmake_clean_first': False, 'cmake_force_configure': False, 'cmake_target': None, 'cmake_target_skip_unavailable': False, 'install_base': '/home/olympusforge/ros2_frost/install/tortoisebot_firmware', 'merge_install': False, 'path': '/home/olympusforge/ros2_frost/src/tortoisebot/tortoisebot_firmware', 'symlink_install': True, 'test_result_base': None}
[0.237s] Level 5:colcon.colcon_core.verb:set package 'tortoisebot_gazebo' build argument 'cmake_args' from command line to 'None'
[0.237s] Level 5:colcon.colcon_core.verb:set package 'tortoisebot_gazebo' build argument 'cmake_target' from command line to 'None'
[0.237s] Level 5:colcon.colcon_core.verb:set package 'tortoisebot_gazebo' build argument 'cmake_target_skip_unavailable' from command line to 'False'
[0.237s] Level 5:colcon.colcon_core.verb:set package 'tortoisebot_gazebo' build argument 'cmake_clean_cache' from command line to 'False'
[0.237s] Level 5:colcon.colcon_core.verb:set package 'tortoisebot_gazebo' build argument 'cmake_clean_first' from command line to 'False'
[0.237s] Level 5:colcon.colcon_core.verb:set package 'tortoisebot_gazebo' build argument 'cmake_force_configure' from command line to 'False'
[0.237s] Level 5:colcon.colcon_core.verb:set package 'tortoisebot_gazebo' build argument 'ament_cmake_args' from command line to 'None'
[0.237s] Level 5:colcon.colcon_core.verb:set package 'tortoisebot_gazebo' build argument 'catkin_cmake_args' from command line to 'None'
[0.237s] Level 5:colcon.colcon_core.verb:set package 'tortoisebot_gazebo' build argument 'catkin_skip_building_tests' from command line to 'False'
[0.237s] DEBUG:colcon.colcon_core.verb:Building package 'tortoisebot_gazebo' with the following arguments: {'ament_cmake_args': None, 'build_base': '/home/olympusforge/ros2_frost/build/tortoisebot_gazebo', 'catkin_cmake_args': None, 'catkin_skip_building_tests': False, 'cmake_args': None, 'cmake_clean_cache': False, 'cmake_clean_first': False, 'cmake_force_configure': False, 'cmake_target': None, 'cmake_target_skip_unavailable': False, 'install_base': '/home/olympusforge/ros2_frost/install/tortoisebot_gazebo', 'merge_install': False, 'path': '/home/olympusforge/ros2_frost/src/tortoisebot/tortoisebot_gazebo', 'symlink_install': True, 'test_result_base': None}
[0.237s] Level 5:colcon.colcon_core.verb:set package 'tortoisebot_navigation' build argument 'cmake_args' from command line to 'None'
[0.237s] Level 5:colcon.colcon_core.verb:set package 'tortoisebot_navigation' build argument 'cmake_target' from command line to 'None'
[0.237s] Level 5:colcon.colcon_core.verb:set package 'tortoisebot_navigation' build argument 'cmake_target_skip_unavailable' from command line to 'False'
[0.237s] Level 5:colcon.colcon_core.verb:set package 'tortoisebot_navigation' build argument 'cmake_clean_cache' from command line to 'False'
[0.237s] Level 5:colcon.colcon_core.verb:set package 'tortoisebot_navigation' build argument 'cmake_clean_first' from command line to 'False'
[0.237s] Level 5:colcon.colcon_core.verb:set package 'tortoisebot_navigation' build argument 'cmake_force_configure' from command line to 'False'
[0.237s] Level 5:colcon.colcon_core.verb:set package 'tortoisebot_navigation' build argument 'ament_cmake_args' from command line to 'None'
[0.237s] Level 5:colcon.colcon_core.verb:set package 'tortoisebot_navigation' build argument 'catkin_cmake_args' from command line to 'None'
[0.237s] Level 5:colcon.colcon_core.verb:set package 'tortoisebot_navigation' build argument 'catkin_skip_building_tests' from command line to 'False'
[0.237s] DEBUG:colcon.colcon_core.verb:Building package 'tortoisebot_navigation' with the following arguments: {'ament_cmake_args': None, 'build_base': '/home/olympusforge/ros2_frost/build/tortoisebot_navigation', 'catkin_cmake_args': None, 'catkin_skip_building_tests': False, 'cmake_args': None, 'cmake_clean_cache': False, 'cmake_clean_first': False, 'cmake_force_configure': False, 'cmake_target': None, 'cmake_target_skip_unavailable': False, 'install_base': '/home/olympusforge/ros2_frost/install/tortoisebot_navigation', 'merge_install': False, 'path': '/home/olympusforge/ros2_frost/src/tortoisebot/tortoisebot_navigation', 'symlink_install': True, 'test_result_base': None}
[0.237s] Level 5:colcon.colcon_core.verb:set package 'tortoisebot_slam' build argument 'cmake_args' from command line to 'None'
[0.238s] Level 5:colcon.colcon_core.verb:set package 'tortoisebot_slam' build argument 'cmake_target' from command line to 'None'
[0.238s] Level 5:colcon.colcon_core.verb:set package 'tortoisebot_slam' build argument 'cmake_target_skip_unavailable' from command line to 'False'
[0.238s] Level 5:colcon.colcon_core.verb:set package 'tortoisebot_slam' build argument 'cmake_clean_cache' from command line to 'False'
[0.238s] Level 5:colcon.colcon_core.verb:set package 'tortoisebot_slam' build argument 'cmake_clean_first' from command line to 'False'
[0.238s] Level 5:colcon.colcon_core.verb:set package 'tortoisebot_slam' build argument 'cmake_force_configure' from command line to 'False'
[0.238s] Level 5:colcon.colcon_core.verb:set package 'tortoisebot_slam' build argument 'ament_cmake_args' from command line to 'None'
[0.238s] Level 5:colcon.colcon_core.verb:set package 'tortoisebot_slam' build argument 'catkin_cmake_args' from command line to 'None'
[0.238s] Level 5:colcon.colcon_core.verb:set package 'tortoisebot_slam' build argument 'catkin_skip_building_tests' from command line to 'False'
[0.238s] DEBUG:colcon.colcon_core.verb:Building package 'tortoisebot_slam' with the following arguments: {'ament_cmake_args': None, 'build_base': '/home/olympusforge/ros2_frost/build/tortoisebot_slam', 'catkin_cmake_args': None, 'catkin_skip_building_tests': False, 'cmake_args': None, 'cmake_clean_cache': False, 'cmake_clean_first': False, 'cmake_force_configure': False, 'cmake_target': None, 'cmake_target_skip_unavailable': False, 'install_base': '/home/olympusforge/ros2_frost/install/tortoisebot_slam', 'merge_install': False, 'path': '/home/olympusforge/ros2_frost/src/tortoisebot/tortoisebot_slam', 'symlink_install': True, 'test_result_base': None}
[0.238s] Level 5:colcon.colcon_core.verb:set package 'v4l2_camera' build argument 'cmake_args' from command line to 'None'
[0.238s] Level 5:colcon.colcon_core.verb:set package 'v4l2_camera' build argument 'cmake_target' from command line to 'None'
[0.238s] Level 5:colcon.colcon_core.verb:set package 'v4l2_camera' build argument 'cmake_target_skip_unavailable' from command line to 'False'
[0.238s] Level 5:colcon.colcon_core.verb:set package 'v4l2_camera' build argument 'cmake_clean_cache' from command line to 'False'
[0.238s] Level 5:colcon.colcon_core.verb:set package 'v4l2_camera' build argument 'cmake_clean_first' from command line to 'False'
[0.238s] Level 5:colcon.colcon_core.verb:set package 'v4l2_camera' build argument 'cmake_force_configure' from command line to 'False'
[0.238s] Level 5:colcon.colcon_core.verb:set package 'v4l2_camera' build argument 'ament_cmake_args' from command line to 'None'
[0.238s] Level 5:colcon.colcon_core.verb:set package 'v4l2_camera' build argument 'catkin_cmake_args' from command line to 'None'
[0.238s] Level 5:colcon.colcon_core.verb:set package 'v4l2_camera' build argument 'catkin_skip_building_tests' from command line to 'False'
[0.238s] DEBUG:colcon.colcon_core.verb:Building package 'v4l2_camera' with the following arguments: {'ament_cmake_args': None, 'build_base': '/home/olympusforge/ros2_frost/build/v4l2_camera', 'catkin_cmake_args': None, 'catkin_skip_building_tests': False, 'cmake_args': None, 'cmake_clean_cache': False, 'cmake_clean_first': False, 'cmake_force_configure': False, 'cmake_target': None, 'cmake_target_skip_unavailable': False, 'install_base': '/home/olympusforge/ros2_frost/install/v4l2_camera', 'merge_install': False, 'path': '/home/olympusforge/ros2_frost/src/tortoisebot/v4l2_camera', 'symlink_install': True, 'test_result_base': None}
[0.239s] Level 5:colcon.colcon_core.verb:set package 'ydlidar_ros2_driver' build argument 'cmake_args' from command line to 'None'
[0.239s] Level 5:colcon.colcon_core.verb:set package 'ydlidar_ros2_driver' build argument 'cmake_target' from command line to 'None'
[0.239s] Level 5:colcon.colcon_core.verb:set package 'ydlidar_ros2_driver' build argument 'cmake_target_skip_unavailable' from command line to 'False'
[0.239s] Level 5:colcon.colcon_core.verb:set package 'ydlidar_ros2_driver' build argument 'cmake_clean_cache' from command line to 'False'
[0.239s] Level 5:colcon.colcon_core.verb:set package 'ydlidar_ros2_driver' build argument 'cmake_clean_first' from command line to 'False'
[0.239s] Level 5:colcon.colcon_core.verb:set package 'ydlidar_ros2_driver' build argument 'cmake_force_configure' from command line to 'False'
[0.239s] Level 5:colcon.colcon_core.verb:set package 'ydlidar_ros2_driver' build argument 'ament_cmake_args' from command line to 'None'
[0.239s] Level 5:colcon.colcon_core.verb:set package 'ydlidar_ros2_driver' build argument 'catkin_cmake_args' from command line to 'None'
[0.239s] Level 5:colcon.colcon_core.verb:set package 'ydlidar_ros2_driver' build argument 'catkin_skip_building_tests' from command line to 'False'
[0.239s] DEBUG:colcon.colcon_core.verb:Building package 'ydlidar_ros2_driver' with the following arguments: {'ament_cmake_args': None, 'build_base': '/home/olympusforge/ros2_frost/build/ydlidar_ros2_driver', 'catkin_cmake_args': None, 'catkin_skip_building_tests': False, 'cmake_args': None, 'cmake_clean_cache': False, 'cmake_clean_first': False, 'cmake_force_configure': False, 'cmake_target': None, 'cmake_target_skip_unavailable': False, 'install_base': '/home/olympusforge/ros2_frost/install/ydlidar_ros2_driver', 'merge_install': False, 'path': '/home/olympusforge/ros2_frost/src/tortoisebot/ydlidar_ros2_driver', 'symlink_install': True, 'test_result_base': None}
[0.239s] Level 5:colcon.colcon_core.verb:set package 'ydlidar_sdk' build argument 'cmake_args' from command line to 'None'
[0.239s] Level 5:colcon.colcon_core.verb:set package 'ydlidar_sdk' build argument 'cmake_target' from command line to 'None'
[0.239s] Level 5:colcon.colcon_core.verb:set package 'ydlidar_sdk' build argument 'cmake_target_skip_unavailable' from command line to 'False'
[0.239s] Level 5:colcon.colcon_core.verb:set package 'ydlidar_sdk' build argument 'cmake_clean_cache' from command line to 'False'
[0.239s] Level 5:colcon.colcon_core.verb:set package 'ydlidar_sdk' build argument 'cmake_clean_first' from command line to 'False'
[0.239s] Level 5:colcon.colcon_core.verb:set package 'ydlidar_sdk' build argument 'cmake_force_configure' from command line to 'False'
[0.239s] Level 5:colcon.colcon_core.verb:set package 'ydlidar_sdk' build argument 'ament_cmake_args' from command line to 'None'
[0.239s] Level 5:colcon.colcon_core.verb:set package 'ydlidar_sdk' build argument 'catkin_cmake_args' from command line to 'None'
[0.239s] Level 5:colcon.colcon_core.verb:set package 'ydlidar_sdk' build argument 'catkin_skip_building_tests' from command line to 'False'
[0.239s] DEBUG:colcon.colcon_core.verb:Building package 'ydlidar_sdk' with the following arguments: {'ament_cmake_args': None, 'build_base': '/home/olympusforge/ros2_frost/build/ydlidar_sdk', 'catkin_cmake_args': None, 'catkin_skip_building_tests': False, 'cmake_args': None, 'cmake_clean_cache': False, 'cmake_clean_first': False, 'cmake_force_configure': False, 'cmake_target': None, 'cmake_target_skip_unavailable': False, 'install_base': '/home/olympusforge/ros2_frost/install/ydlidar_sdk', 'merge_install': False, 'path': '/home/olympusforge/ros2_frost/src/tortoisebot/YDLidar-SDK', 'symlink_install': True, 'test_result_base': None}
[0.239s] INFO:colcon.colcon_core.executor:Executing jobs using 'parallel' executor
[0.240s] DEBUG:colcon.colcon_parallel_executor.executor.parallel:run_until_complete
[0.241s] INFO:colcon.colcon_ros.task.ament_cmake.build:Building ROS package in '/home/olympusforge/ros2_frost/src/tortoisebot/tortoisebot_bringup' with build type 'ament_cmake'
[0.241s] INFO:colcon.colcon_cmake.task.cmake.build:Building CMake package in '/home/olympusforge/ros2_frost/src/tortoisebot/tortoisebot_bringup'
[0.242s] INFO:colcon.colcon_core.plugin_system:Skipping extension 'colcon_core.shell.bat': Not used on non-Windows systems
[0.242s] INFO:colcon.colcon_core.shell:Skip shell extension 'powershell' for command environment: Not usable outside of PowerShell
[0.242s] DEBUG:colcon.colcon_core.shell:Skip shell extension 'dsv' for command environment
[0.246s] INFO:colcon.colcon_ros.task.ament_python.build:Building ROS package in '/home/olympusforge/ros2_frost/src/tortoisebot/tortoisebot_control' with build type 'ament_python'
[0.246s] Level 1:colcon.colcon_core.shell:create_environment_hook('tortoisebot_control', 'ament_prefix_path')
[0.246s] INFO:colcon.colcon_core.shell:Creating environment hook '/home/olympusforge/ros2_frost/install/tortoisebot_control/share/tortoisebot_control/hook/ament_prefix_path.ps1'
[0.247s] INFO:colcon.colcon_core.shell:Creating environment descriptor '/home/olympusforge/ros2_frost/install/tortoisebot_control/share/tortoisebot_control/hook/ament_prefix_path.dsv'
[0.247s] INFO:colcon.colcon_core.shell:Creating environment hook '/home/olympusforge/ros2_frost/install/tortoisebot_control/share/tortoisebot_control/hook/ament_prefix_path.sh'
[0.248s] INFO:colcon.colcon_core.shell:Skip shell extension 'powershell' for command environment: Not usable outside of PowerShell
[0.248s] DEBUG:colcon.colcon_core.shell:Skip shell extension 'dsv' for command environment
[0.252s] INFO:colcon.colcon_ros.task.ament_cmake.build:Building ROS package in '/home/olympusforge/ros2_frost/src/tortoisebot/tortoisebot_description' with build type 'ament_cmake'
[0.253s] INFO:colcon.colcon_cmake.task.cmake.build:Building CMake package in '/home/olympusforge/ros2_frost/src/tortoisebot/tortoisebot_description'
[0.253s] INFO:colcon.colcon_core.shell:Skip shell extension 'powershell' for command environment: Not usable outside of PowerShell
[0.253s] DEBUG:colcon.colcon_core.shell:Skip shell extension 'dsv' for command environment
[0.257s] INFO:colcon.colcon_ros.task.ament_cmake.build:Building ROS package in '/home/olympusforge/ros2_frost/src/tortoisebot/tortoisebot_firmware' with build type 'ament_cmake'
[0.257s] INFO:colcon.colcon_cmake.task.cmake.build:Building CMake package in '/home/olympusforge/ros2_frost/src/tortoisebot/tortoisebot_firmware'
[0.257s] INFO:colcon.colcon_core.shell:Skip shell extension 'powershell' for command environment: Not usable outside of PowerShell
[0.257s] DEBUG:colcon.colcon_core.shell:Skip shell extension 'dsv' for command environment
[0.291s] INFO:colcon.colcon_ros.task.ament_cmake.build:Building ROS package in '/home/olympusforge/ros2_frost/src/tortoisebot/tortoisebot_gazebo' with build type 'ament_cmake'
[0.292s] INFO:colcon.colcon_cmake.task.cmake.build:Building CMake package in '/home/olympusforge/ros2_frost/src/tortoisebot/tortoisebot_gazebo'
[0.292s] INFO:colcon.colcon_core.shell:Skip shell extension 'powershell' for command environment: Not usable outside of PowerShell
[0.292s] DEBUG:colcon.colcon_core.shell:Skip shell extension 'dsv' for command environment
[0.299s] INFO:colcon.colcon_ros.task.ament_cmake.build:Building ROS package in '/home/olympusforge/ros2_frost/src/tortoisebot/tortoisebot_navigation' with build type 'ament_cmake'
[0.299s] INFO:colcon.colcon_cmake.task.cmake.build:Building CMake package in '/home/olympusforge/ros2_frost/src/tortoisebot/tortoisebot_navigation'
[0.300s] INFO:colcon.colcon_core.shell:Skip shell extension 'powershell' for command environment: Not usable outside of PowerShell
[0.300s] DEBUG:colcon.colcon_core.shell:Skip shell extension 'dsv' for command environment
[0.303s] INFO:colcon.colcon_ros.task.ament_cmake.build:Building ROS package in '/home/olympusforge/ros2_frost/src/tortoisebot/tortoisebot_slam' with build type 'ament_cmake'
[0.303s] INFO:colcon.colcon_cmake.task.cmake.build:Building CMake package in '/home/olympusforge/ros2_frost/src/tortoisebot/tortoisebot_slam'
[0.303s] INFO:colcon.colcon_core.shell:Skip shell extension 'powershell' for command environment: Not usable outside of PowerShell
[0.303s] DEBUG:colcon.colcon_core.shell:Skip shell extension 'dsv' for command environment
[0.307s] INFO:colcon.colcon_ros.task.ament_cmake.build:Building ROS package in '/home/olympusforge/ros2_frost/src/tortoisebot/v4l2_camera' with build type 'ament_cmake'
[0.307s] INFO:colcon.colcon_cmake.task.cmake.build:Building CMake package in '/home/olympusforge/ros2_frost/src/tortoisebot/v4l2_camera'
[0.307s] INFO:colcon.colcon_core.shell:Skip shell extension 'powershell' for command environment: Not usable outside of PowerShell
[0.307s] DEBUG:colcon.colcon_core.shell:Skip shell extension 'dsv' for command environment
[0.335s] DEBUG:colcon.colcon_core.event_handler.log_command:Invoking command in '/home/olympusforge/ros2_frost/build/tortoisebot_bringup': CMAKE_PREFIX_PATH=${CMAKE_PREFIX_PATH}:/home/olympusforge/ros2_frost/install/tortoisebot_control:/opt/ros/humble /usr/bin/cmake --build /home/olympusforge/ros2_frost/build/tortoisebot_bringup -- -j8 -l8
[0.497s] INFO:colcon.colcon_core.task.python.build:Building Python package in '/home/olympusforge/ros2_frost/src/tortoisebot/tortoisebot_control'
[0.498s] INFO:colcon.colcon_core.shell:Skip shell extension 'powershell' for command environment: Not usable outside of PowerShell
[0.498s] DEBUG:colcon.colcon_core.shell:Skip shell extension 'dsv' for command environment
[0.506s] DEBUG:colcon.colcon_core.event_handler.log_command:Invoking command in '/home/olympusforge/ros2_frost/build/tortoisebot_description': CMAKE_PREFIX_PATH=${CMAKE_PREFIX_PATH}:/home/olympusforge/ros2_frost/install/tortoisebot_control:/opt/ros/humble /usr/bin/cmake --build /home/olympusforge/ros2_frost/build/tortoisebot_description -- -j8 -l8
[0.510s] DEBUG:colcon.colcon_core.event_handler.log_command:Invoking command in '/home/olympusforge/ros2_frost/build/tortoisebot_firmware': CMAKE_PREFIX_PATH=${CMAKE_PREFIX_PATH}:/home/olympusforge/ros2_frost/install/tortoisebot_control:/opt/ros/humble /usr/bin/cmake --build /home/olympusforge/ros2_frost/build/tortoisebot_firmware -- -j8 -l8
[0.513s] DEBUG:colcon.colcon_core.event_handler.log_command:Invoking command in '/home/olympusforge/ros2_frost/build/tortoisebot_gazebo': CMAKE_PREFIX_PATH=${CMAKE_PREFIX_PATH}:/home/olympusforge/ros2_frost/install/tortoisebot_control:/opt/ros/humble /usr/bin/cmake --build /home/olympusforge/ros2_frost/build/tortoisebot_gazebo -- -j8 -l8
[0.517s] DEBUG:colcon.colcon_core.event_handler.log_command:Invoking command in '/home/olympusforge/ros2_frost/build/tortoisebot_navigation': CMAKE_PREFIX_PATH=${CMAKE_PREFIX_PATH}:/home/olympusforge/ros2_frost/install/tortoisebot_control:/opt/ros/humble /usr/bin/cmake --build /home/olympusforge/ros2_frost/build/tortoisebot_navigation -- -j8 -l8
[0.524s] DEBUG:colcon.colcon_core.event_handler.log_command:Invoking command in '/home/olympusforge/ros2_frost/build/tortoisebot_slam': CMAKE_PREFIX_PATH=${CMAKE_PREFIX_PATH}:/home/olympusforge/ros2_frost/install/tortoisebot_control:/opt/ros/humble /usr/bin/cmake --build /home/olympusforge/ros2_frost/build/tortoisebot_slam -- -j8 -l8
[0.563s] DEBUG:colcon.colcon_core.event_handler.log_command:Invoking command in '/home/olympusforge/ros2_frost/build/v4l2_camera': CMAKE_PREFIX_PATH=${CMAKE_PREFIX_PATH}:/home/olympusforge/ros2_frost/install/tortoisebot_control:/opt/ros/humble /usr/bin/cmake --build /home/olympusforge/ros2_frost/build/v4l2_camera -- -j8 -l8
[0.564s] DEBUG:colcon.colcon_core.event_handler.log_command:Invoked command in '/home/olympusforge/ros2_frost/build/tortoisebot_bringup' returned '0': CMAKE_PREFIX_PATH=${CMAKE_PREFIX_PATH}:/home/olympusforge/ros2_frost/install/tortoisebot_control:/opt/ros/humble /usr/bin/cmake --build /home/olympusforge/ros2_frost/build/tortoisebot_bringup -- -j8 -l8
[0.577s] DEBUG:colcon.colcon_core.event_handler.log_command:Invoking command in '/home/olympusforge/ros2_frost/build/tortoisebot_bringup': CMAKE_PREFIX_PATH=${CMAKE_PREFIX_PATH}:/home/olympusforge/ros2_frost/install/tortoisebot_control:/opt/ros/humble /usr/bin/cmake --install /home/olympusforge/ros2_frost/build/tortoisebot_bringup
[0.585s] DEBUG:colcon.colcon_core.event_handler.log_command:Invoked command in '/home/olympusforge/ros2_frost/build/tortoisebot_gazebo' returned '0': CMAKE_PREFIX_PATH=${CMAKE_PREFIX_PATH}:/home/olympusforge/ros2_frost/install/tortoisebot_control:/opt/ros/humble /usr/bin/cmake --build /home/olympusforge/ros2_frost/build/tortoisebot_gazebo -- -j8 -l8
[0.596s] DEBUG:colcon.colcon_core.event_handler.log_command:Invoking command in '/home/olympusforge/ros2_frost/build/tortoisebot_gazebo': CMAKE_PREFIX_PATH=${CMAKE_PREFIX_PATH}:/home/olympusforge/ros2_frost/install/tortoisebot_control:/opt/ros/humble /usr/bin/cmake --install /home/olympusforge/ros2_frost/build/tortoisebot_gazebo
[0.601s] DEBUG:colcon.colcon_core.event_handler.log_command:Invoked command in '/home/olympusforge/ros2_frost/build/tortoisebot_navigation' returned '0': CMAKE_PREFIX_PATH=${CMAKE_PREFIX_PATH}:/home/olympusforge/ros2_frost/install/tortoisebot_control:/opt/ros/humble /usr/bin/cmake --build /home/olympusforge/ros2_frost/build/tortoisebot_navigation -- -j8 -l8
[0.601s] DEBUG:colcon.colcon_core.event_handler.log_command:Invoking command in '/home/olympusforge/ros2_frost/build/tortoisebot_navigation': CMAKE_PREFIX_PATH=${CMAKE_PREFIX_PATH}:/home/olympusforge/ros2_frost/install/tortoisebot_control:/opt/ros/humble /usr/bin/cmake --install /home/olympusforge/ros2_frost/build/tortoisebot_navigation
[0.601s] DEBUG:colcon.colcon_core.event_handler.log_command:Invoked command in '/home/olympusforge/ros2_frost/build/tortoisebot_description' returned '0': CMAKE_PREFIX_PATH=${CMAKE_PREFIX_PATH}:/home/olympusforge/ros2_frost/install/tortoisebot_control:/opt/ros/humble /usr/bin/cmake --build /home/olympusforge/ros2_frost/build/tortoisebot_description -- -j8 -l8
[0.603s] DEBUG:colcon.colcon_core.event_handler.log_command:Invoking command in '/home/olympusforge/ros2_frost/build/tortoisebot_description': CMAKE_PREFIX_PATH=${CMAKE_PREFIX_PATH}:/home/olympusforge/ros2_frost/install/tortoisebot_control:/opt/ros/humble /usr/bin/cmake --install /home/olympusforge/ros2_frost/build/tortoisebot_description
[0.624s] DEBUG:colcon.colcon_core.event_handler.log_command:Invoked command in '/home/olympusforge/ros2_frost/build/tortoisebot_slam' returned '0': CMAKE_PREFIX_PATH=${CMAKE_PREFIX_PATH}:/home/olympusforge/ros2_frost/install/tortoisebot_control:/opt/ros/humble /usr/bin/cmake --build /home/olympusforge/ros2_frost/build/tortoisebot_slam -- -j8 -l8
[0.631s] DEBUG:colcon.colcon_core.event_handler.log_command:Invoking command in '/home/olympusforge/ros2_frost/build/tortoisebot_slam': CMAKE_PREFIX_PATH=${CMAKE_PREFIX_PATH}:/home/olympusforge/ros2_frost/install/tortoisebot_control:/opt/ros/humble /usr/bin/cmake --install /home/olympusforge/ros2_frost/build/tortoisebot_slam
[0.645s] Level 1:colcon.colcon_core.environment:create_environment_scripts_only(tortoisebot_bringup)
[0.652s] DEBUG:colcon.colcon_core.event_handler.log_command:Invoked command in '/home/olympusforge/ros2_frost/build/tortoisebot_bringup' returned '0': CMAKE_PREFIX_PATH=${CMAKE_PREFIX_PATH}:/home/olympusforge/ros2_frost/install/tortoisebot_control:/opt/ros/humble /usr/bin/cmake --install /home/olympusforge/ros2_frost/build/tortoisebot_bringup
[0.657s] Level 1:colcon.colcon_core.environment:checking '/home/olympusforge/ros2_frost/install/tortoisebot_bringup' for CMake module files
[0.657s] Level 1:colcon.colcon_core.environment:checking '/home/olympusforge/ros2_frost/install/tortoisebot_bringup' for CMake config files
[0.657s] Level 1:colcon.colcon_core.shell:create_environment_hook('tortoisebot_bringup', 'cmake_prefix_path')
[0.658s] INFO:colcon.colcon_core.shell:Creating environment hook '/home/olympusforge/ros2_frost/install/tortoisebot_bringup/share/tortoisebot_bringup/hook/cmake_prefix_path.ps1'
[0.659s] INFO:colcon.colcon_core.shell:Creating environment descriptor '/home/olympusforge/ros2_frost/install/tortoisebot_bringup/share/tortoisebot_bringup/hook/cmake_prefix_path.dsv'
[0.659s] INFO:colcon.colcon_core.shell:Creating environment hook '/home/olympusforge/ros2_frost/install/tortoisebot_bringup/share/tortoisebot_bringup/hook/cmake_prefix_path.sh'
[0.660s] Level 1:colcon.colcon_core.environment:checking '/home/olympusforge/ros2_frost/install/tortoisebot_bringup/bin'
[0.660s] Level 1:colcon.colcon_core.environment:checking '/home/olympusforge/ros2_frost/install/tortoisebot_bringup/lib/pkgconfig/tortoisebot_bringup.pc'
[0.661s] Level 1:colcon.colcon_core.environment:checking '/home/olympusforge/ros2_frost/install/tortoisebot_bringup/lib/python3.10/site-packages'
[0.661s] Level 1:colcon.colcon_core.environment:checking '/home/olympusforge/ros2_frost/install/tortoisebot_bringup/bin'
[0.661s] INFO:colcon.colcon_core.shell:Creating package script '/home/olympusforge/ros2_frost/install/tortoisebot_bringup/share/tortoisebot_bringup/package.ps1'
[0.663s] INFO:colcon.colcon_core.shell:Creating package descriptor '/home/olympusforge/ros2_frost/install/tortoisebot_bringup/share/tortoisebot_bringup/package.dsv'
[0.663s] INFO:colcon.colcon_core.shell:Creating package script '/home/olympusforge/ros2_frost/install/tortoisebot_bringup/share/tortoisebot_bringup/package.sh'
[0.666s] INFO:colcon.colcon_core.shell:Creating package script '/home/olympusforge/ros2_frost/install/tortoisebot_bringup/share/tortoisebot_bringup/package.bash'
[0.667s] INFO:colcon.colcon_core.shell:Creating package script '/home/olympusforge/ros2_frost/install/tortoisebot_bringup/share/tortoisebot_bringup/package.zsh'
[0.668s] Level 1:colcon.colcon_core.environment:create_file_with_runtime_dependencies(/home/olympusforge/ros2_frost/install/tortoisebot_bringup/share/colcon-core/packages/tortoisebot_bringup)
[0.668s] Level 1:colcon.colcon_core.environment:create_environment_scripts_only(tortoisebot_bringup)
[0.668s] Level 1:colcon.colcon_core.environment:checking '/home/olympusforge/ros2_frost/install/tortoisebot_bringup' for CMake module files
[0.668s] Level 1:colcon.colcon_core.environment:checking '/home/olympusforge/ros2_frost/install/tortoisebot_bringup' for CMake config files
[0.669s] Level 1:colcon.colcon_core.shell:create_environment_hook('tortoisebot_bringup', 'cmake_prefix_path')
[0.669s] INFO:colcon.colcon_core.shell:Creating environment hook '/home/olympusforge/ros2_frost/install/tortoisebot_bringup/share/tortoisebot_bringup/hook/cmake_prefix_path.ps1'
[0.669s] INFO:colcon.colcon_core.shell:Creating environment descriptor '/home/olympusforge/ros2_frost/install/tortoisebot_bringup/share/tortoisebot_bringup/hook/cmake_prefix_path.dsv'
[0.670s] INFO:colcon.colcon_core.shell:Creating environment hook '/home/olympusforge/ros2_frost/install/tortoisebot_bringup/share/tortoisebot_bringup/hook/cmake_prefix_path.sh'
[0.670s] Level 1:colcon.colcon_core.environment:checking '/home/olympusforge/ros2_frost/install/tortoisebot_bringup/bin'
[0.670s] Level 1:colcon.colcon_core.environment:checking '/home/olympusforge/ros2_frost/install/tortoisebot_bringup/lib/pkgconfig/tortoisebot_bringup.pc'
[0.671s] Level 1:colcon.colcon_core.environment:checking '/home/olympusforge/ros2_frost/install/tortoisebot_bringup/lib/python3.10/site-packages'
[0.671s] Level 1:colcon.colcon_core.environment:checking '/home/olympusforge/ros2_frost/install/tortoisebot_bringup/bin'
[0.671s] INFO:colcon.colcon_core.shell:Creating package script '/home/olympusforge/ros2_frost/install/tortoisebot_bringup/share/tortoisebot_bringup/package.ps1'
[0.671s] INFO:colcon.colcon_core.shell:Creating package descriptor '/home/olympusforge/ros2_frost/install/tortoisebot_bringup/share/tortoisebot_bringup/package.dsv'
[0.672s] INFO:colcon.colcon_core.shell:Creating package script '/home/olympusforge/ros2_frost/install/tortoisebot_bringup/share/tortoisebot_bringup/package.sh'
[0.672s] INFO:colcon.colcon_core.shell:Creating package script '/home/olympusforge/ros2_frost/install/tortoisebot_bringup/share/tortoisebot_bringup/package.bash'
[0.673s] INFO:colcon.colcon_core.shell:Creating package script '/home/olympusforge/ros2_frost/install/tortoisebot_bringup/share/tortoisebot_bringup/package.zsh'
[0.674s] Level 1:colcon.colcon_core.environment:create_file_with_runtime_dependencies(/home/olympusforge/ros2_frost/install/tortoisebot_bringup/share/colcon-core/packages/tortoisebot_bringup)
[0.684s] INFO:colcon.colcon_ros.task.ament_cmake.build:Building ROS package in '/home/olympusforge/ros2_frost/src/tortoisebot/ydlidar_ros2_driver' with build type 'ament_cmake'
[0.685s] INFO:colcon.colcon_cmake.task.cmake.build:Building CMake package in '/home/olympusforge/ros2_frost/src/tortoisebot/ydlidar_ros2_driver'
[0.686s] INFO:colcon.colcon_core.shell:Skip shell extension 'powershell' for command environment: Not usable outside of PowerShell
[0.686s] DEBUG:colcon.colcon_core.shell:Skip shell extension 'dsv' for command environment
[0.692s] Level 1:colcon.colcon_core.environment:create_environment_scripts_only(tortoisebot_navigation)
[0.692s] DEBUG:colcon.colcon_core.event_handler.log_command:Invoked command in '/home/olympusforge/ros2_frost/build/tortoisebot_navigation' returned '0': CMAKE_PREFIX_PATH=${CMAKE_PREFIX_PATH}:/home/olympusforge/ros2_frost/install/tortoisebot_control:/opt/ros/humble /usr/bin/cmake --install /home/olympusforge/ros2_frost/build/tortoisebot_navigation
[0.693s] Level 1:colcon.colcon_core.environment:checking '/home/olympusforge/ros2_frost/install/tortoisebot_navigation' for CMake module files
[0.694s] Level 1:colcon.colcon_core.environment:checking '/home/olympusforge/ros2_frost/install/tortoisebot_navigation' for CMake config files
[0.694s] Level 1:colcon.colcon_core.shell:create_environment_hook('tortoisebot_navigation', 'cmake_prefix_path')
[0.695s] INFO:colcon.colcon_core.shell:Creating environment hook '/home/olympusforge/ros2_frost/install/tortoisebot_navigation/share/tortoisebot_navigation/hook/cmake_prefix_path.ps1'
[0.695s] INFO:colcon.colcon_core.shell:Creating environment descriptor '/home/olympusforge/ros2_frost/install/tortoisebot_navigation/share/tortoisebot_navigation/hook/cmake_prefix_path.dsv'
[0.696s] INFO:colcon.colcon_core.shell:Creating environment hook '/home/olympusforge/ros2_frost/install/tortoisebot_navigation/share/tortoisebot_navigation/hook/cmake_prefix_path.sh'
[0.697s] Level 1:colcon.colcon_core.environment:checking '/home/olympusforge/ros2_frost/install/tortoisebot_navigation/bin'
[0.697s] Level 1:colcon.colcon_core.environment:checking '/home/olympusforge/ros2_frost/install/tortoisebot_navigation/lib/pkgconfig/tortoisebot_navigation.pc'
[0.706s] Level 1:colcon.colcon_core.environment:checking '/home/olympusforge/ros2_frost/install/tortoisebot_navigation/lib/python3.10/site-packages'
[0.707s] Level 1:colcon.colcon_core.environment:checking '/home/olympusforge/ros2_frost/install/tortoisebot_navigation/bin'
[0.707s] INFO:colcon.colcon_core.shell:Creating package script '/home/olympusforge/ros2_frost/install/tortoisebot_navigation/share/tortoisebot_navigation/package.ps1'
[0.708s] INFO:colcon.colcon_core.shell:Creating package descriptor '/home/olympusforge/ros2_frost/install/tortoisebot_navigation/share/tortoisebot_navigation/package.dsv'
[0.712s] INFO:colcon.colcon_core.shell:Creating package script '/home/olympusforge/ros2_frost/install/tortoisebot_navigation/share/tortoisebot_navigation/package.sh'
[0.714s] INFO:colcon.colcon_core.shell:Creating package script '/home/olympusforge/ros2_frost/install/tortoisebot_navigation/share/tortoisebot_navigation/package.bash'
[0.715s] INFO:colcon.colcon_core.shell:Creating package script '/home/olympusforge/ros2_frost/install/tortoisebot_navigation/share/tortoisebot_navigation/package.zsh'
[0.717s] Level 1:colcon.colcon_core.environment:create_file_with_runtime_dependencies(/home/olympusforge/ros2_frost/install/tortoisebot_navigation/share/colcon-core/packages/tortoisebot_navigation)
[0.718s] Level 1:colcon.colcon_core.environment:create_environment_scripts_only(tortoisebot_navigation)
[0.718s] Level 1:colcon.colcon_core.environment:checking '/home/olympusforge/ros2_frost/install/tortoisebot_navigation' for CMake module files
[0.719s] Level 1:colcon.colcon_core.environment:checking '/home/olympusforge/ros2_frost/install/tortoisebot_navigation' for CMake config files
[0.719s] Level 1:colcon.colcon_core.shell:create_environment_hook('tortoisebot_navigation', 'cmake_prefix_path')
[0.719s] INFO:colcon.colcon_core.shell:Creating environment hook '/home/olympusforge/ros2_frost/install/tortoisebot_navigation/share/tortoisebot_navigation/hook/cmake_prefix_path.ps1'
[0.722s] INFO:colcon.colcon_core.shell:Creating environment descriptor '/home/olympusforge/ros2_frost/install/tortoisebot_navigation/share/tortoisebot_navigation/hook/cmake_prefix_path.dsv'
[0.727s] INFO:colcon.colcon_core.shell:Creating environment hook '/home/olympusforge/ros2_frost/install/tortoisebot_navigation/share/tortoisebot_navigation/hook/cmake_prefix_path.sh'
[0.728s] Level 1:colcon.colcon_core.environment:checking '/home/olympusforge/ros2_frost/install/tortoisebot_navigation/bin'
[0.728s] Level 1:colcon.colcon_core.environment:checking '/home/olympusforge/ros2_frost/install/tortoisebot_navigation/lib/pkgconfig/tortoisebot_navigation.pc'
[0.728s] Level 1:colcon.colcon_core.environment:checking '/home/olympusforge/ros2_frost/install/tortoisebot_navigation/lib/python3.10/site-packages'
[0.728s] Level 1:colcon.colcon_core.environment:checking '/home/olympusforge/ros2_frost/install/tortoisebot_navigation/bin'
[0.728s] INFO:colcon.colcon_core.shell:Creating package script '/home/olympusforge/ros2_frost/install/tortoisebot_navigation/share/tortoisebot_navigation/package.ps1'
[0.733s] INFO:colcon.colcon_core.shell:Creating package descriptor '/home/olympusforge/ros2_frost/install/tortoisebot_navigation/share/tortoisebot_navigation/package.dsv'
[0.737s] INFO:colcon.colcon_core.shell:Creating package script '/home/olympusforge/ros2_frost/install/tortoisebot_navigation/share/tortoisebot_navigation/package.sh'
[0.739s] INFO:colcon.colcon_core.shell:Creating package script '/home/olympusforge/ros2_frost/install/tortoisebot_navigation/share/tortoisebot_navigation/package.bash'
[0.743s] INFO:colcon.colcon_core.shell:Creating package script '/home/olympusforge/ros2_frost/install/tortoisebot_navigation/share/tortoisebot_navigation/package.zsh'
[0.752s] Level 1:colcon.colcon_core.environment:create_file_with_runtime_dependencies(/home/olympusforge/ros2_frost/install/tortoisebot_navigation/share/colcon-core/packages/tortoisebot_navigation)
[0.763s] Level 1:colcon.colcon_core.environment:create_environment_scripts_only(tortoisebot_description)
[0.768s] Level 1:colcon.colcon_core.environment:checking '/home/olympusforge/ros2_frost/install/tortoisebot_description' for CMake module files
[0.771s] Level 1:colcon.colcon_core.environment:checking '/home/olympusforge/ros2_frost/install/tortoisebot_description' for CMake config files
[0.772s] Level 1:colcon.colcon_core.shell:create_environment_hook('tortoisebot_description', 'cmake_prefix_path')
[0.772s] INFO:colcon.colcon_core.shell:Creating environment hook '/home/olympusforge/ros2_frost/install/tortoisebot_description/share/tortoisebot_description/hook/cmake_prefix_path.ps1'
[0.773s] INFO:colcon.colcon_core.shell:Creating environment descriptor '/home/olympusforge/ros2_frost/install/tortoisebot_description/share/tortoisebot_description/hook/cmake_prefix_path.dsv'
[0.773s] INFO:colcon.colcon_core.shell:Creating environment hook '/home/olympusforge/ros2_frost/install/tortoisebot_description/share/tortoisebot_description/hook/cmake_prefix_path.sh'
[0.775s] DEBUG:colcon.colcon_core.event_handler.log_command:Invoked command in '/home/olympusforge/ros2_frost/build/tortoisebot_description' returned '0': CMAKE_PREFIX_PATH=${CMAKE_PREFIX_PATH}:/home/olympusforge/ros2_frost/install/tortoisebot_control:/opt/ros/humble /usr/bin/cmake --install /home/olympusforge/ros2_frost/build/tortoisebot_description
[0.777s] Level 1:colcon.colcon_core.environment:checking '/home/olympusforge/ros2_frost/install/tortoisebot_description/bin'
[0.777s] Level 1:colcon.colcon_core.environment:checking '/home/olympusforge/ros2_frost/install/tortoisebot_description/lib/pkgconfig/tortoisebot_description.pc'
[0.778s] Level 1:colcon.colcon_core.environment:checking '/home/olympusforge/ros2_frost/install/tortoisebot_description/lib/python3.10/site-packages'
[0.778s] Level 1:colcon.colcon_core.environment:checking '/home/olympusforge/ros2_frost/install/tortoisebot_description/bin'
[0.778s] INFO:colcon.colcon_core.shell:Creating package script '/home/olympusforge/ros2_frost/install/tortoisebot_description/share/tortoisebot_description/package.ps1'
[0.779s] INFO:colcon.colcon_core.shell:Creating package descriptor '/home/olympusforge/ros2_frost/install/tortoisebot_description/share/tortoisebot_description/package.dsv'
[0.780s] INFO:colcon.colcon_core.shell:Creating package script '/home/olympusforge/ros2_frost/install/tortoisebot_description/share/tortoisebot_description/package.sh'
[0.781s] INFO:colcon.colcon_core.shell:Creating package script '/home/olympusforge/ros2_frost/install/tortoisebot_description/share/tortoisebot_description/package.bash'
[0.781s] INFO:colcon.colcon_core.shell:Creating package script '/home/olympusforge/ros2_frost/install/tortoisebot_description/share/tortoisebot_description/package.zsh'
[0.782s] Level 1:colcon.colcon_core.environment:create_file_with_runtime_dependencies(/home/olympusforge/ros2_frost/install/tortoisebot_description/share/colcon-core/packages/tortoisebot_description)
[0.782s] Level 1:colcon.colcon_core.environment:create_environment_scripts_only(tortoisebot_description)
[0.783s] Level 1:colcon.colcon_core.environment:checking '/home/olympusforge/ros2_frost/install/tortoisebot_description' for CMake module files
[0.783s] Level 1:colcon.colcon_core.environment:checking '/home/olympusforge/ros2_frost/install/tortoisebot_description' for CMake config files
[0.783s] Level 1:colcon.colcon_core.shell:create_environment_hook('tortoisebot_description', 'cmake_prefix_path')
[0.784s] INFO:colcon.colcon_core.shell:Creating environment hook '/home/olympusforge/ros2_frost/install/tortoisebot_description/share/tortoisebot_description/hook/cmake_prefix_path.ps1'
[0.784s] INFO:colcon.colcon_core.shell:Creating environment descriptor '/home/olympusforge/ros2_frost/install/tortoisebot_description/share/tortoisebot_description/hook/cmake_prefix_path.dsv'
[0.785s] INFO:colcon.colcon_core.shell:Creating environment hook '/home/olympusforge/ros2_frost/install/tortoisebot_description/share/tortoisebot_description/hook/cmake_prefix_path.sh'
[0.785s] Level 1:colcon.colcon_core.environment:checking '/home/olympusforge/ros2_frost/install/tortoisebot_description/bin'
[0.786s] Level 1:colcon.colcon_core.environment:checking '/home/olympusforge/ros2_frost/install/tortoisebot_description/lib/pkgconfig/tortoisebot_description.pc'
[0.786s] Level 1:colcon.colcon_core.environment:checking '/home/olympusforge/ros2_frost/install/tortoisebot_description/lib/python3.10/site-packages'
[0.786s] Level 1:colcon.colcon_core.environment:checking '/home/olympusforge/ros2_frost/install/tortoisebot_description/bin'
[0.787s] INFO:colcon.colcon_core.shell:Creating package script '/home/olympusforge/ros2_frost/install/tortoisebot_description/share/tortoisebot_description/package.ps1'
[0.788s] INFO:colcon.colcon_core.shell:Creating package descriptor '/home/olympusforge/ros2_frost/install/tortoisebot_description/share/tortoisebot_description/package.dsv'
[0.789s] INFO:colcon.colcon_core.shell:Creating package script '/home/olympusforge/ros2_frost/install/tortoisebot_description/share/tortoisebot_description/package.sh'
[0.791s] INFO:colcon.colcon_core.shell:Creating package script '/home/olympusforge/ros2_frost/install/tortoisebot_description/share/tortoisebot_description/package.bash'
[0.792s] INFO:colcon.colcon_core.shell:Creating package script '/home/olympusforge/ros2_frost/install/tortoisebot_description/share/tortoisebot_description/package.zsh'
[0.792s] Level 1:colcon.colcon_core.environment:create_file_with_runtime_dependencies(/home/olympusforge/ros2_frost/install/tortoisebot_description/share/colcon-core/packages/tortoisebot_description)
[0.793s] INFO:colcon.colcon_cmake.task.cmake.build:Building CMake package in '/home/olympusforge/ros2_frost/src/tortoisebot/YDLidar-SDK'
[0.794s] INFO:colcon.colcon_core.shell:Skip shell extension 'powershell' for command environment: Not usable outside of PowerShell
[0.794s] DEBUG:colcon.colcon_core.shell:Skip shell extension 'dsv' for command environment
[0.801s] Level 1:colcon.colcon_core.environment:create_environment_scripts_only(tortoisebot_slam)
[0.801s] Level 1:colcon.colcon_core.environment:checking '/home/olympusforge/ros2_frost/install/tortoisebot_slam' for CMake module files
[0.801s] DEBUG:colcon.colcon_core.event_handler.log_command:Invoked command in '/home/olympusforge/ros2_frost/build/tortoisebot_slam' returned '0': CMAKE_PREFIX_PATH=${CMAKE_PREFIX_PATH}:/home/olympusforge/ros2_frost/install/tortoisebot_control:/opt/ros/humble /usr/bin/cmake --install /home/olympusforge/ros2_frost/build/tortoisebot_slam
[0.802s] Level 1:colcon.colcon_core.environment:checking '/home/olympusforge/ros2_frost/install/tortoisebot_slam' for CMake config files
[0.802s] Level 1:colcon.colcon_core.shell:create_environment_hook('tortoisebot_slam', 'cmake_prefix_path')
[0.802s] INFO:colcon.colcon_core.shell:Creating environment hook '/home/olympusforge/ros2_frost/install/tortoisebot_slam/share/tortoisebot_slam/hook/cmake_prefix_path.ps1'
[0.803s] INFO:colcon.colcon_core.shell:Creating environment descriptor '/home/olympusforge/ros2_frost/install/tortoisebot_slam/share/tortoisebot_slam/hook/cmake_prefix_path.dsv'
[0.803s] INFO:colcon.colcon_core.shell:Creating environment hook '/home/olympusforge/ros2_frost/install/tortoisebot_slam/share/tortoisebot_slam/hook/cmake_prefix_path.sh'
[0.805s] Level 1:colcon.colcon_core.environment:checking '/home/olympusforge/ros2_frost/install/tortoisebot_slam/bin'
[0.807s] Level 1:colcon.colcon_core.environment:checking '/home/olympusforge/ros2_frost/install/tortoisebot_slam/lib/pkgconfig/tortoisebot_slam.pc'
[0.807s] Level 1:colcon.colcon_core.environment:checking '/home/olympusforge/ros2_frost/install/tortoisebot_slam/lib/python3.10/site-packages'
[0.807s] Level 1:colcon.colcon_core.environment:checking '/home/olympusforge/ros2_frost/install/tortoisebot_slam/bin'
[0.807s] INFO:colcon.colcon_core.shell:Creating package script '/home/olympusforge/ros2_frost/install/tortoisebot_slam/share/tortoisebot_slam/package.ps1'
[0.808s] INFO:colcon.colcon_core.shell:Creating package descriptor '/home/olympusforge/ros2_frost/install/tortoisebot_slam/share/tortoisebot_slam/package.dsv'
[0.809s] INFO:colcon.colcon_core.shell:Creating package script '/home/olympusforge/ros2_frost/install/tortoisebot_slam/share/tortoisebot_slam/package.sh'
[0.809s] INFO:colcon.colcon_core.shell:Creating package script '/home/olympusforge/ros2_frost/install/tortoisebot_slam/share/tortoisebot_slam/package.bash'
[0.816s] INFO:colcon.colcon_core.shell:Creating package script '/home/olympusforge/ros2_frost/install/tortoisebot_slam/share/tortoisebot_slam/package.zsh'
[0.818s] Level 1:colcon.colcon_core.environment:create_file_with_runtime_dependencies(/home/olympusforge/ros2_frost/install/tortoisebot_slam/share/colcon-core/packages/tortoisebot_slam)
[0.822s] Level 1:colcon.colcon_core.environment:create_environment_scripts_only(tortoisebot_slam)
[0.822s] Level 1:colcon.colcon_core.environment:checking '/home/olympusforge/ros2_frost/install/tortoisebot_slam' for CMake module files
[0.822s] Level 1:colcon.colcon_core.environment:checking '/home/olympusforge/ros2_frost/install/tortoisebot_slam' for CMake config files
[0.822s] Level 1:colcon.colcon_core.shell:create_environment_hook('tortoisebot_slam', 'cmake_prefix_path')
[0.825s] INFO:colcon.colcon_core.shell:Creating environment hook '/home/olympusforge/ros2_frost/install/tortoisebot_slam/share/tortoisebot_slam/hook/cmake_prefix_path.ps1'
[0.827s] INFO:colcon.colcon_core.shell:Creating environment descriptor '/home/olympusforge/ros2_frost/install/tortoisebot_slam/share/tortoisebot_slam/hook/cmake_prefix_path.dsv'
[0.835s] INFO:colcon.colcon_core.shell:Creating environment hook '/home/olympusforge/ros2_frost/install/tortoisebot_slam/share/tortoisebot_slam/hook/cmake_prefix_path.sh'
[0.844s] Level 1:colcon.colcon_core.environment:checking '/home/olympusforge/ros2_frost/install/tortoisebot_slam/bin'
[0.844s] Level 1:colcon.colcon_core.environment:checking '/home/olympusforge/ros2_frost/install/tortoisebot_slam/lib/pkgconfig/tortoisebot_slam.pc'
[0.845s] Level 1:colcon.colcon_core.environment:checking '/home/olympusforge/ros2_frost/install/tortoisebot_slam/lib/python3.10/site-packages'
[0.845s] Level 1:colcon.colcon_core.environment:checking '/home/olympusforge/ros2_frost/install/tortoisebot_slam/bin'
[0.845s] INFO:colcon.colcon_core.shell:Creating package script '/home/olympusforge/ros2_frost/install/tortoisebot_slam/share/tortoisebot_slam/package.ps1'
[0.856s] INFO:colcon.colcon_core.shell:Creating package descriptor '/home/olympusforge/ros2_frost/install/tortoisebot_slam/share/tortoisebot_slam/package.dsv'
[0.861s] INFO:colcon.colcon_core.shell:Creating package script '/home/olympusforge/ros2_frost/install/tortoisebot_slam/share/tortoisebot_slam/package.sh'
[0.863s] INFO:colcon.colcon_core.shell:Creating package script '/home/olympusforge/ros2_frost/install/tortoisebot_slam/share/tortoisebot_slam/package.bash'
[0.867s] INFO:colcon.colcon_core.shell:Creating package script '/home/olympusforge/ros2_frost/install/tortoisebot_slam/share/tortoisebot_slam/package.zsh'
[0.869s] Level 1:colcon.colcon_core.environment:create_file_with_runtime_dependencies(/home/olympusforge/ros2_frost/install/tortoisebot_slam/share/colcon-core/packages/tortoisebot_slam)
[0.871s] Level 1:colcon.colcon_core.environment:create_environment_scripts_only(tortoisebot_gazebo)
[0.871s] Level 1:colcon.colcon_core.environment:checking '/home/olympusforge/ros2_frost/install/tortoisebot_gazebo' for CMake module files
[0.877s] Level 1:colcon.colcon_core.environment:checking '/home/olympusforge/ros2_frost/install/tortoisebot_gazebo' for CMake config files
[0.878s] DEBUG:colcon.colcon_core.event_handler.log_command:Invoked command in '/home/olympusforge/ros2_frost/build/tortoisebot_gazebo' returned '0': CMAKE_PREFIX_PATH=${CMAKE_PREFIX_PATH}:/home/olympusforge/ros2_frost/install/tortoisebot_control:/opt/ros/humble /usr/bin/cmake --install /home/olympusforge/ros2_frost/build/tortoisebot_gazebo
[0.878s] Level 1:colcon.colcon_core.shell:create_environment_hook('tortoisebot_gazebo', 'cmake_prefix_path')
[0.878s] INFO:colcon.colcon_core.shell:Creating environment hook '/home/olympusforge/ros2_frost/install/tortoisebot_gazebo/share/tortoisebot_gazebo/hook/cmake_prefix_path.ps1'
[0.879s] INFO:colcon.colcon_core.shell:Creating environment descriptor '/home/olympusforge/ros2_frost/install/tortoisebot_gazebo/share/tortoisebot_gazebo/hook/cmake_prefix_path.dsv'
[0.879s] INFO:colcon.colcon_core.shell:Creating environment hook '/home/olympusforge/ros2_frost/install/tortoisebot_gazebo/share/tortoisebot_gazebo/hook/cmake_prefix_path.sh'
[0.880s] Level 1:colcon.colcon_core.environment:checking '/home/olympusforge/ros2_frost/install/tortoisebot_gazebo/bin'
[0.880s] Level 1:colcon.colcon_core.environment:checking '/home/olympusforge/ros2_frost/install/tortoisebot_gazebo/lib/pkgconfig/tortoisebot_gazebo.pc'
[0.880s] Level 1:colcon.colcon_core.environment:checking '/home/olympusforge/ros2_frost/install/tortoisebot_gazebo/lib/python3.10/site-packages'
[0.881s] Level 1:colcon.colcon_core.environment:checking '/home/olympusforge/ros2_frost/install/tortoisebot_gazebo/bin'
[0.881s] INFO:colcon.colcon_core.shell:Creating package script '/home/olympusforge/ros2_frost/install/tortoisebot_gazebo/share/tortoisebot_gazebo/package.ps1'
[0.882s] INFO:colcon.colcon_core.shell:Creating package descriptor '/home/olympusforge/ros2_frost/install/tortoisebot_gazebo/share/tortoisebot_gazebo/package.dsv'
[0.882s] INFO:colcon.colcon_core.shell:Creating package script '/home/olympusforge/ros2_frost/install/tortoisebot_gazebo/share/tortoisebot_gazebo/package.sh'
[0.882s] INFO:colcon.colcon_core.shell:Creating package script '/home/olympusforge/ros2_frost/install/tortoisebot_gazebo/share/tortoisebot_gazebo/package.bash'
[0.884s] INFO:colcon.colcon_core.shell:Creating package script '/home/olympusforge/ros2_frost/install/tortoisebot_gazebo/share/tortoisebot_gazebo/package.zsh'
[0.884s] Level 1:colcon.colcon_core.environment:create_file_with_runtime_dependencies(/home/olympusforge/ros2_frost/install/tortoisebot_gazebo/share/colcon-core/packages/tortoisebot_gazebo)
[0.885s] Level 1:colcon.colcon_core.environment:create_environment_scripts_only(tortoisebot_gazebo)
[0.885s] Level 1:colcon.colcon_core.environment:checking '/home/olympusforge/ros2_frost/install/tortoisebot_gazebo' for CMake module files
[0.886s] Level 1:colcon.colcon_core.environment:checking '/home/olympusforge/ros2_frost/install/tortoisebot_gazebo' for CMake config files
[0.886s] Level 1:colcon.colcon_core.shell:create_environment_hook('tortoisebot_gazebo', 'cmake_prefix_path')
[0.886s] INFO:colcon.colcon_core.shell:Creating environment hook '/home/olympusforge/ros2_frost/install/tortoisebot_gazebo/share/tortoisebot_gazebo/hook/cmake_prefix_path.ps1'
[0.886s] INFO:colcon.colcon_core.shell:Creating environment descriptor '/home/olympusforge/ros2_frost/install/tortoisebot_gazebo/share/tortoisebot_gazebo/hook/cmake_prefix_path.dsv'
[0.887s] INFO:colcon.colcon_core.shell:Creating environment hook '/home/olympusforge/ros2_frost/install/tortoisebot_gazebo/share/tortoisebot_gazebo/hook/cmake_prefix_path.sh'
[0.888s] Level 1:colcon.colcon_core.environment:checking '/home/olympusforge/ros2_frost/install/tortoisebot_gazebo/bin'
[0.888s] Level 1:colcon.colcon_core.environment:checking '/home/olympusforge/ros2_frost/install/tortoisebot_gazebo/lib/pkgconfig/tortoisebot_gazebo.pc'
[0.888s] Level 1:colcon.colcon_core.environment:checking '/home/olympusforge/ros2_frost/install/tortoisebot_gazebo/lib/python3.10/site-packages'
[0.888s] Level 1:colcon.colcon_core.environment:checking '/home/olympusforge/ros2_frost/install/tortoisebot_gazebo/bin'
[0.888s] INFO:colcon.colcon_core.shell:Creating package script '/home/olympusforge/ros2_frost/install/tortoisebot_gazebo/share/tortoisebot_gazebo/package.ps1'
[0.889s] INFO:colcon.colcon_core.shell:Creating package descriptor '/home/olympusforge/ros2_frost/install/tortoisebot_gazebo/share/tortoisebot_gazebo/package.dsv'
[0.889s] INFO:colcon.colcon_core.shell:Creating package script '/home/olympusforge/ros2_frost/install/tortoisebot_gazebo/share/tortoisebot_gazebo/package.sh'
[0.890s] INFO:colcon.colcon_core.shell:Creating package script '/home/olympusforge/ros2_frost/install/tortoisebot_gazebo/share/tortoisebot_gazebo/package.bash'
[0.890s] INFO:colcon.colcon_core.shell:Creating package script '/home/olympusforge/ros2_frost/install/tortoisebot_gazebo/share/tortoisebot_gazebo/package.zsh'
[0.891s] Level 1:colcon.colcon_core.environment:create_file_with_runtime_dependencies(/home/olympusforge/ros2_frost/install/tortoisebot_gazebo/share/colcon-core/packages/tortoisebot_gazebo)
[0.903s] DEBUG:colcon.colcon_core.event_handler.log_command:Invoking command in '/home/olympusforge/ros2_frost/build/ydlidar_ros2_driver': CMAKE_PREFIX_PATH=${CMAKE_PREFIX_PATH}:/home/olympusforge/ros2_frost/install/tortoisebot_control:/opt/ros/humble /usr/bin/cmake --build /home/olympusforge/ros2_frost/build/ydlidar_ros2_driver -- -j8 -l8
[0.904s] DEBUG:colcon.colcon_core.event_handler.log_command:Invoked command in '/home/olympusforge/ros2_frost/build/v4l2_camera' returned '0': CMAKE_PREFIX_PATH=${CMAKE_PREFIX_PATH}:/home/olympusforge/ros2_frost/install/tortoisebot_control:/opt/ros/humble /usr/bin/cmake --build /home/olympusforge/ros2_frost/build/v4l2_camera -- -j8 -l8
[0.910s] DEBUG:colcon.colcon_core.event_handler.log_command:Invoking command in '/home/olympusforge/ros2_frost/build/v4l2_camera': CMAKE_PREFIX_PATH=${CMAKE_PREFIX_PATH}:/home/olympusforge/ros2_frost/install/tortoisebot_control:/opt/ros/humble /usr/bin/cmake --install /home/olympusforge/ros2_frost/build/v4l2_camera
[0.911s] DEBUG:colcon.colcon_core.event_handler.log_command:Invoking command in '/home/olympusforge/ros2_frost/build/ydlidar_sdk': /usr/bin/cmake --build /home/olympusforge/ros2_frost/build/ydlidar_sdk -- -j8 -l8
[0.983s] Level 1:colcon.colcon_core.environment:create_environment_scripts_only(v4l2_camera)
[0.983s] DEBUG:colcon.colcon_core.event_handler.log_command:Invoked command in '/home/olympusforge/ros2_frost/build/v4l2_camera' returned '0': CMAKE_PREFIX_PATH=${CMAKE_PREFIX_PATH}:/home/olympusforge/ros2_frost/install/tortoisebot_control:/opt/ros/humble /usr/bin/cmake --install /home/olympusforge/ros2_frost/build/v4l2_camera
[0.984s] Level 1:colcon.colcon_core.environment:checking '/home/olympusforge/ros2_frost/install/v4l2_camera' for CMake module files
[0.985s] Level 1:colcon.colcon_core.environment:checking '/home/olympusforge/ros2_frost/install/v4l2_camera' for CMake config files
[0.989s] Level 1:colcon.colcon_core.shell:create_environment_hook('v4l2_camera', 'cmake_prefix_path')
[0.999s] INFO:colcon.colcon_core.shell:Creating environment hook '/home/olympusforge/ros2_frost/install/v4l2_camera/share/v4l2_camera/hook/cmake_prefix_path.ps1'
[1.003s] INFO:colcon.colcon_core.shell:Creating environment descriptor '/home/olympusforge/ros2_frost/install/v4l2_camera/share/v4l2_camera/hook/cmake_prefix_path.dsv'
[1.007s] INFO:colcon.colcon_core.shell:Creating environment hook '/home/olympusforge/ros2_frost/install/v4l2_camera/share/v4l2_camera/hook/cmake_prefix_path.sh'
[1.012s] Level 1:colcon.colcon_core.environment:checking '/home/olympusforge/ros2_frost/install/v4l2_camera/lib'
[1.016s] Level 1:colcon.colcon_core.shell:create_environment_hook('v4l2_camera', 'ld_library_path_lib')
[1.016s] INFO:colcon.colcon_core.shell:Creating environment hook '/home/olympusforge/ros2_frost/install/v4l2_camera/share/v4l2_camera/hook/ld_library_path_lib.ps1'
[1.019s] INFO:colcon.colcon_core.shell:Creating environment descriptor '/home/olympusforge/ros2_frost/install/v4l2_camera/share/v4l2_camera/hook/ld_library_path_lib.dsv'
[1.023s] INFO:colcon.colcon_core.shell:Creating environment hook '/home/olympusforge/ros2_frost/install/v4l2_camera/share/v4l2_camera/hook/ld_library_path_lib.sh'
[1.024s] Level 1:colcon.colcon_core.environment:checking '/home/olympusforge/ros2_frost/install/v4l2_camera/bin'
[1.024s] Level 1:colcon.colcon_core.environment:checking '/home/olympusforge/ros2_frost/install/v4l2_camera/lib/pkgconfig/v4l2_camera.pc'
[1.025s] Level 1:colcon.colcon_core.environment:checking '/home/olympusforge/ros2_frost/install/v4l2_camera/lib/python3.10/site-packages'
[1.025s] Level 1:colcon.colcon_core.environment:checking '/home/olympusforge/ros2_frost/install/v4l2_camera/bin'
[1.025s] INFO:colcon.colcon_core.shell:Creating package script '/home/olympusforge/ros2_frost/install/v4l2_camera/share/v4l2_camera/package.ps1'
[1.026s] INFO:colcon.colcon_core.shell:Creating package descriptor '/home/olympusforge/ros2_frost/install/v4l2_camera/share/v4l2_camera/package.dsv'
[1.026s] INFO:colcon.colcon_core.shell:Creating package script '/home/olympusforge/ros2_frost/install/v4l2_camera/share/v4l2_camera/package.sh'
[1.029s] INFO:colcon.colcon_core.shell:Creating package script '/home/olympusforge/ros2_frost/install/v4l2_camera/share/v4l2_camera/package.bash'
[1.030s] INFO:colcon.colcon_core.shell:Creating package script '/home/olympusforge/ros2_frost/install/v4l2_camera/share/v4l2_camera/package.zsh'
[1.030s] Level 1:colcon.colcon_core.environment:create_file_with_runtime_dependencies(/home/olympusforge/ros2_frost/install/v4l2_camera/share/colcon-core/packages/v4l2_camera)
[1.031s] Level 1:colcon.colcon_core.environment:create_environment_scripts_only(v4l2_camera)
[1.031s] Level 1:colcon.colcon_core.environment:checking '/home/olympusforge/ros2_frost/install/v4l2_camera' for CMake module files
[1.032s] Level 1:colcon.colcon_core.environment:checking '/home/olympusforge/ros2_frost/install/v4l2_camera' for CMake config files
[1.032s] Level 1:colcon.colcon_core.shell:create_environment_hook('v4l2_camera', 'cmake_prefix_path')
[1.032s] INFO:colcon.colcon_core.shell:Creating environment hook '/home/olympusforge/ros2_frost/install/v4l2_camera/share/v4l2_camera/hook/cmake_prefix_path.ps1'
[1.033s] INFO:colcon.colcon_core.shell:Creating environment descriptor '/home/olympusforge/ros2_frost/install/v4l2_camera/share/v4l2_camera/hook/cmake_prefix_path.dsv'
[1.033s] INFO:colcon.colcon_core.shell:Creating environment hook '/home/olympusforge/ros2_frost/install/v4l2_camera/share/v4l2_camera/hook/cmake_prefix_path.sh'
[1.035s] Level 1:colcon.colcon_core.environment:checking '/home/olympusforge/ros2_frost/install/v4l2_camera/lib'
[1.035s] Level 1:colcon.colcon_core.shell:create_environment_hook('v4l2_camera', 'ld_library_path_lib')
[1.036s] INFO:colcon.colcon_core.shell:Creating environment hook '/home/olympusforge/ros2_frost/install/v4l2_camera/share/v4l2_camera/hook/ld_library_path_lib.ps1'
[1.037s] INFO:colcon.colcon_core.shell:Creating environment descriptor '/home/olympusforge/ros2_frost/install/v4l2_camera/share/v4l2_camera/hook/ld_library_path_lib.dsv'
[1.037s] INFO:colcon.colcon_core.shell:Creating environment hook '/home/olympusforge/ros2_frost/install/v4l2_camera/share/v4l2_camera/hook/ld_library_path_lib.sh'
[1.038s] Level 1:colcon.colcon_core.environment:checking '/home/olympusforge/ros2_frost/install/v4l2_camera/bin'
[1.038s] Level 1:colcon.colcon_core.environment:checking '/home/olympusforge/ros2_frost/install/v4l2_camera/lib/pkgconfig/v4l2_camera.pc'
[1.038s] Level 1:colcon.colcon_core.environment:checking '/home/olympusforge/ros2_frost/install/v4l2_camera/lib/python3.10/site-packages'
[1.038s] Level 1:colcon.colcon_core.environment:checking '/home/olympusforge/ros2_frost/install/v4l2_camera/bin'
[1.038s] INFO:colcon.colcon_core.shell:Creating package script '/home/olympusforge/ros2_frost/install/v4l2_camera/share/v4l2_camera/package.ps1'
[1.040s] INFO:colcon.colcon_core.shell:Creating package descriptor '/home/olympusforge/ros2_frost/install/v4l2_camera/share/v4l2_camera/package.dsv'
[1.040s] INFO:colcon.colcon_core.shell:Creating package script '/home/olympusforge/ros2_frost/install/v4l2_camera/share/v4l2_camera/package.sh'
[1.041s] INFO:colcon.colcon_core.shell:Creating package script '/home/olympusforge/ros2_frost/install/v4l2_camera/share/v4l2_camera/package.bash'
[1.041s] INFO:colcon.colcon_core.shell:Creating package script '/home/olympusforge/ros2_frost/install/v4l2_camera/share/v4l2_camera/package.zsh'
[1.042s] Level 1:colcon.colcon_core.environment:create_file_with_runtime_dependencies(/home/olympusforge/ros2_frost/install/v4l2_camera/share/colcon-core/packages/v4l2_camera)
[1.149s] DEBUG:colcon.colcon_core.event_handler.log_command:Invoked command in '/home/olympusforge/ros2_frost/build/ydlidar_ros2_driver' returned '0': CMAKE_PREFIX_PATH=${CMAKE_PREFIX_PATH}:/home/olympusforge/ros2_frost/install/tortoisebot_control:/opt/ros/humble /usr/bin/cmake --build /home/olympusforge/ros2_frost/build/ydlidar_ros2_driver -- -j8 -l8
[1.149s] DEBUG:colcon.colcon_core.event_handler.log_command:Invoking command in '/home/olympusforge/ros2_frost/build/ydlidar_ros2_driver': CMAKE_PREFIX_PATH=${CMAKE_PREFIX_PATH}:/home/olympusforge/ros2_frost/install/tortoisebot_control:/opt/ros/humble /usr/bin/cmake --install /home/olympusforge/ros2_frost/build/ydlidar_ros2_driver
[1.205s] DEBUG:colcon.colcon_core.event_handler.log_command:Invoking command in '/home/olympusforge/ros2_frost/build/tortoisebot_control': PYTHONPATH=/home/olympusforge/ros2_frost/build/tortoisebot_control/prefix_override:/usr/lib/python3/dist-packages/colcon_core/task/python/colcon_distutils_commands:/home/olympusforge/ros2_frost/install/tortoisebot_control/lib/python3.10/site-packages:${PYTHONPATH} /usr/bin/python3 -W ignore:setup.py install is deprecated -W ignore:easy_install command is deprecated setup.py develop --editable --build-directory /home/olympusforge/ros2_frost/build/tortoisebot_control/build --no-deps symlink_data
[1.215s] Level 1:colcon.colcon_core.environment:create_environment_scripts_only(ydlidar_ros2_driver)
[1.216s] Level 1:colcon.colcon_core.environment:checking '/home/olympusforge/ros2_frost/install/ydlidar_ros2_driver' for CMake module files
[1.216s] DEBUG:colcon.colcon_core.event_handler.log_command:Invoked command in '/home/olympusforge/ros2_frost/build/ydlidar_ros2_driver' returned '0': CMAKE_PREFIX_PATH=${CMAKE_PREFIX_PATH}:/home/olympusforge/ros2_frost/install/tortoisebot_control:/opt/ros/humble /usr/bin/cmake --install /home/olympusforge/ros2_frost/build/ydlidar_ros2_driver
[1.217s] Level 1:colcon.colcon_core.environment:checking '/home/olympusforge/ros2_frost/install/ydlidar_ros2_driver' for CMake config files
[1.217s] Level 1:colcon.colcon_core.shell:create_environment_hook('ydlidar_ros2_driver', 'cmake_prefix_path')
[1.217s] INFO:colcon.colcon_core.shell:Creating environment hook '/home/olympusforge/ros2_frost/install/ydlidar_ros2_driver/share/ydlidar_ros2_driver/hook/cmake_prefix_path.ps1'
[1.228s] INFO:colcon.colcon_core.shell:Creating environment descriptor '/home/olympusforge/ros2_frost/install/ydlidar_ros2_driver/share/ydlidar_ros2_driver/hook/cmake_prefix_path.dsv'
[1.230s] INFO:colcon.colcon_core.shell:Creating environment hook '/home/olympusforge/ros2_frost/install/ydlidar_ros2_driver/share/ydlidar_ros2_driver/hook/cmake_prefix_path.sh'
[1.236s] Level 1:colcon.colcon_core.environment:checking '/home/olympusforge/ros2_frost/install/ydlidar_ros2_driver/lib'
[1.236s] Level 1:colcon.colcon_core.environment:checking '/home/olympusforge/ros2_frost/install/ydlidar_ros2_driver/bin'
[1.236s] Level 1:colcon.colcon_core.environment:checking '/home/olympusforge/ros2_frost/install/ydlidar_ros2_driver/lib/pkgconfig/ydlidar_ros2_driver.pc'
[1.237s] Level 1:colcon.colcon_core.environment:checking '/home/olympusforge/ros2_frost/install/ydlidar_ros2_driver/lib/python3.10/site-packages'
[1.237s] Level 1:colcon.colcon_core.environment:checking '/home/olympusforge/ros2_frost/install/ydlidar_ros2_driver/bin'
[1.238s] INFO:colcon.colcon_core.shell:Creating package script '/home/olympusforge/ros2_frost/install/ydlidar_ros2_driver/share/ydlidar_ros2_driver/package.ps1'
[1.239s] INFO:colcon.colcon_core.shell:Creating package descriptor '/home/olympusforge/ros2_frost/install/ydlidar_ros2_driver/share/ydlidar_ros2_driver/package.dsv'
[1.241s] INFO:colcon.colcon_core.shell:Creating package script '/home/olympusforge/ros2_frost/install/ydlidar_ros2_driver/share/ydlidar_ros2_driver/package.sh'
[1.241s] INFO:colcon.colcon_core.shell:Creating package script '/home/olympusforge/ros2_frost/install/ydlidar_ros2_driver/share/ydlidar_ros2_driver/package.bash'
[1.243s] INFO:colcon.colcon_core.shell:Creating package script '/home/olympusforge/ros2_frost/install/ydlidar_ros2_driver/share/ydlidar_ros2_driver/package.zsh'
[1.248s] Level 1:colcon.colcon_core.environment:create_file_with_runtime_dependencies(/home/olympusforge/ros2_frost/install/ydlidar_ros2_driver/share/colcon-core/packages/ydlidar_ros2_driver)
[1.249s] Level 1:colcon.colcon_core.environment:create_environment_scripts_only(ydlidar_ros2_driver)
[1.250s] Level 1:colcon.colcon_core.environment:checking '/home/olympusforge/ros2_frost/install/ydlidar_ros2_driver' for CMake module files
[1.252s] Level 1:colcon.colcon_core.environment:checking '/home/olympusforge/ros2_frost/install/ydlidar_ros2_driver' for CMake config files
[1.252s] Level 1:colcon.colcon_core.shell:create_environment_hook('ydlidar_ros2_driver', 'cmake_prefix_path')
[1.253s] INFO:colcon.colcon_core.shell:Creating environment hook '/home/olympusforge/ros2_frost/install/ydlidar_ros2_driver/share/ydlidar_ros2_driver/hook/cmake_prefix_path.ps1'
[1.254s] INFO:colcon.colcon_core.shell:Creating environment descriptor '/home/olympusforge/ros2_frost/install/ydlidar_ros2_driver/share/ydlidar_ros2_driver/hook/cmake_prefix_path.dsv'
[1.254s] INFO:colcon.colcon_core.shell:Creating environment hook '/home/olympusforge/ros2_frost/install/ydlidar_ros2_driver/share/ydlidar_ros2_driver/hook/cmake_prefix_path.sh'
[1.256s] Level 1:colcon.colcon_core.environment:checking '/home/olympusforge/ros2_frost/install/ydlidar_ros2_driver/lib'
[1.256s] Level 1:colcon.colcon_core.environment:checking '/home/olympusforge/ros2_frost/install/ydlidar_ros2_driver/bin'
[1.256s] Level 1:colcon.colcon_core.environment:checking '/home/olympusforge/ros2_frost/install/ydlidar_ros2_driver/lib/pkgconfig/ydlidar_ros2_driver.pc'
[1.256s] Level 1:colcon.colcon_core.environment:checking '/home/olympusforge/ros2_frost/install/ydlidar_ros2_driver/lib/python3.10/site-packages'
[1.256s] Level 1:colcon.colcon_core.environment:checking '/home/olympusforge/ros2_frost/install/ydlidar_ros2_driver/bin'
[1.257s] INFO:colcon.colcon_core.shell:Creating package script '/home/olympusforge/ros2_frost/install/ydlidar_ros2_driver/share/ydlidar_ros2_driver/package.ps1'
[1.259s] INFO:colcon.colcon_core.shell:Creating package descriptor '/home/olympusforge/ros2_frost/install/ydlidar_ros2_driver/share/ydlidar_ros2_driver/package.dsv'
[1.260s] INFO:colcon.colcon_core.shell:Creating package script '/home/olympusforge/ros2_frost/install/ydlidar_ros2_driver/share/ydlidar_ros2_driver/package.sh'
[1.261s] INFO:colcon.colcon_core.shell:Creating package script '/home/olympusforge/ros2_frost/install/ydlidar_ros2_driver/share/ydlidar_ros2_driver/package.bash'
[1.262s] INFO:colcon.colcon_core.shell:Creating package script '/home/olympusforge/ros2_frost/install/ydlidar_ros2_driver/share/ydlidar_ros2_driver/package.zsh'
[1.262s] Level 1:colcon.colcon_core.environment:create_file_with_runtime_dependencies(/home/olympusforge/ros2_frost/install/ydlidar_ros2_driver/share/colcon-core/packages/ydlidar_ros2_driver)
[1.266s] DEBUG:colcon.colcon_core.event_handler.log_command:Invoked command in '/home/olympusforge/ros2_frost/build/tortoisebot_firmware' returned '0': CMAKE_PREFIX_PATH=${CMAKE_PREFIX_PATH}:/home/olympusforge/ros2_frost/install/tortoisebot_control:/opt/ros/humble /usr/bin/cmake --build /home/olympusforge/ros2_frost/build/tortoisebot_firmware -- -j8 -l8
[1.268s] DEBUG:colcon.colcon_core.event_handler.log_command:Invoking command in '/home/olympusforge/ros2_frost/build/tortoisebot_firmware': CMAKE_PREFIX_PATH=${CMAKE_PREFIX_PATH}:/home/olympusforge/ros2_frost/install/tortoisebot_control:/opt/ros/humble /usr/bin/cmake --install /home/olympusforge/ros2_frost/build/tortoisebot_firmware
[1.288s] DEBUG:colcon.colcon_core.event_handler.log_command:Invoked command in '/home/olympusforge/ros2_frost/build/ydlidar_sdk' returned '0': /usr/bin/cmake --build /home/olympusforge/ros2_frost/build/ydlidar_sdk -- -j8 -l8
[1.288s] DEBUG:colcon.colcon_core.event_handler.log_command:Invoking command in '/home/olympusforge/ros2_frost/build/ydlidar_sdk': /usr/bin/cmake --install /home/olympusforge/ros2_frost/build/ydlidar_sdk
[1.312s] Level 1:colcon.colcon_core.environment:create_environment_scripts_only(ydlidar_sdk)
[1.312s] Level 1:colcon.colcon_core.environment:checking '/home/olympusforge/ros2_frost/install/ydlidar_sdk' for CMake module files
[1.322s] Level 1:colcon.colcon_core.environment:checking '/home/olympusforge/ros2_frost/install/ydlidar_sdk' for CMake config files
[1.323s] DEBUG:colcon.colcon_core.event_handler.log_command:Invoked command in '/home/olympusforge/ros2_frost/build/ydlidar_sdk' returned '0': /usr/bin/cmake --install /home/olympusforge/ros2_frost/build/ydlidar_sdk
[1.323s] Level 1:colcon.colcon_core.shell:create_environment_hook('ydlidar_sdk', 'cmake_prefix_path')
[1.323s] INFO:colcon.colcon_core.shell:Creating environment hook '/home/olympusforge/ros2_frost/install/ydlidar_sdk/share/ydlidar_sdk/hook/cmake_prefix_path.ps1'
[1.324s] INFO:colcon.colcon_core.shell:Creating environment descriptor '/home/olympusforge/ros2_frost/install/ydlidar_sdk/share/ydlidar_sdk/hook/cmake_prefix_path.dsv'
[1.324s] INFO:colcon.colcon_core.shell:Creating environment hook '/home/olympusforge/ros2_frost/install/ydlidar_sdk/share/ydlidar_sdk/hook/cmake_prefix_path.sh'
[1.325s] Level 1:colcon.colcon_core.environment:checking '/home/olympusforge/ros2_frost/install/ydlidar_sdk/lib'
[1.325s] Level 1:colcon.colcon_core.environment:checking '/home/olympusforge/ros2_frost/install/ydlidar_sdk/bin'
[1.325s] Level 1:colcon.colcon_core.shell:create_environment_hook('ydlidar_sdk', 'path')
[1.326s] INFO:colcon.colcon_core.shell:Creating environment hook '/home/olympusforge/ros2_frost/install/ydlidar_sdk/share/ydlidar_sdk/hook/path.ps1'
[1.326s] INFO:colcon.colcon_core.shell:Creating environment descriptor '/home/olympusforge/ros2_frost/install/ydlidar_sdk/share/ydlidar_sdk/hook/path.dsv'
[1.326s] INFO:colcon.colcon_core.shell:Creating environment hook '/home/olympusforge/ros2_frost/install/ydlidar_sdk/share/ydlidar_sdk/hook/path.sh'
[1.335s] Level 1:colcon.colcon_core.environment:checking '/home/olympusforge/ros2_frost/install/ydlidar_sdk/lib/pkgconfig/ydlidar_sdk.pc'
[1.335s] Level 1:colcon.colcon_core.environment:checking '/home/olympusforge/ros2_frost/install/ydlidar_sdk/lib/python3.10/site-packages'
[1.336s] Level 1:colcon.colcon_core.environment:checking '/home/olympusforge/ros2_frost/install/ydlidar_sdk/bin'
[1.336s] Level 1:colcon.colcon_core.shell:create_environment_hook('ydlidar_sdk', 'pythonscriptspath')
[1.337s] INFO:colcon.colcon_core.shell:Creating environment hook '/home/olympusforge/ros2_frost/install/ydlidar_sdk/share/ydlidar_sdk/hook/pythonscriptspath.ps1'
[1.338s] INFO:colcon.colcon_core.shell:Creating environment descriptor '/home/olympusforge/ros2_frost/install/ydlidar_sdk/share/ydlidar_sdk/hook/pythonscriptspath.dsv'
[1.338s] INFO:colcon.colcon_core.shell:Creating environment hook '/home/olympusforge/ros2_frost/install/ydlidar_sdk/share/ydlidar_sdk/hook/pythonscriptspath.sh'
[1.339s] INFO:colcon.colcon_core.shell:Creating package script '/home/olympusforge/ros2_frost/install/ydlidar_sdk/share/ydlidar_sdk/package.ps1'
[1.340s] INFO:colcon.colcon_core.shell:Creating package descriptor '/home/olympusforge/ros2_frost/install/ydlidar_sdk/share/ydlidar_sdk/package.dsv'
[1.341s] INFO:colcon.colcon_core.shell:Creating package script '/home/olympusforge/ros2_frost/install/ydlidar_sdk/share/ydlidar_sdk/package.sh'
[1.341s] INFO:colcon.colcon_core.shell:Creating package script '/home/olympusforge/ros2_frost/install/ydlidar_sdk/share/ydlidar_sdk/package.bash'
[1.342s] INFO:colcon.colcon_core.shell:Creating package script '/home/olympusforge/ros2_frost/install/ydlidar_sdk/share/ydlidar_sdk/package.zsh'
[1.342s] Level 1:colcon.colcon_core.environment:create_file_with_runtime_dependencies(/home/olympusforge/ros2_frost/install/ydlidar_sdk/share/colcon-core/packages/ydlidar_sdk)
[1.345s] Level 1:colcon.colcon_core.environment:create_environment_scripts_only(tortoisebot_firmware)
[1.345s] Level 1:colcon.colcon_core.environment:checking '/home/olympusforge/ros2_frost/install/tortoisebot_firmware' for CMake module files
[1.346s] DEBUG:colcon.colcon_core.event_handler.log_command:Invoked command in '/home/olympusforge/ros2_frost/build/tortoisebot_firmware' returned '0': CMAKE_PREFIX_PATH=${CMAKE_PREFIX_PATH}:/home/olympusforge/ros2_frost/install/tortoisebot_control:/opt/ros/humble /usr/bin/cmake --install /home/olympusforge/ros2_frost/build/tortoisebot_firmware
[1.347s] Level 1:colcon.colcon_core.environment:checking '/home/olympusforge/ros2_frost/install/tortoisebot_firmware' for CMake config files
[1.347s] Level 1:colcon.colcon_core.shell:create_environment_hook('tortoisebot_firmware', 'cmake_prefix_path')
[1.348s] INFO:colcon.colcon_core.shell:Creating environment hook '/home/olympusforge/ros2_frost/install/tortoisebot_firmware/share/tortoisebot_firmware/hook/cmake_prefix_path.ps1'
[1.348s] INFO:colcon.colcon_core.shell:Creating environment descriptor '/home/olympusforge/ros2_frost/install/tortoisebot_firmware/share/tortoisebot_firmware/hook/cmake_prefix_path.dsv'
[1.349s] INFO:colcon.colcon_core.shell:Creating environment hook '/home/olympusforge/ros2_frost/install/tortoisebot_firmware/share/tortoisebot_firmware/hook/cmake_prefix_path.sh'
[1.350s] Level 1:colcon.colcon_core.environment:checking '/home/olympusforge/ros2_frost/install/tortoisebot_firmware/lib'
[1.350s] Level 1:colcon.colcon_core.environment:checking '/home/olympusforge/ros2_frost/install/tortoisebot_firmware/bin'
[1.350s] Level 1:colcon.colcon_core.environment:checking '/home/olympusforge/ros2_frost/install/tortoisebot_firmware/lib/pkgconfig/tortoisebot_firmware.pc'
[1.350s] Level 1:colcon.colcon_core.environment:checking '/home/olympusforge/ros2_frost/install/tortoisebot_firmware/lib/python3.10/site-packages'
[1.350s] Level 1:colcon.colcon_core.environment:checking '/home/olympusforge/ros2_frost/install/tortoisebot_firmware/bin'
[1.351s] INFO:colcon.colcon_core.shell:Creating package script '/home/olympusforge/ros2_frost/install/tortoisebot_firmware/share/tortoisebot_firmware/package.ps1'
[1.351s] INFO:colcon.colcon_core.shell:Creating package descriptor '/home/olympusforge/ros2_frost/install/tortoisebot_firmware/share/tortoisebot_firmware/package.dsv'
[1.352s] INFO:colcon.colcon_core.shell:Creating package script '/home/olympusforge/ros2_frost/install/tortoisebot_firmware/share/tortoisebot_firmware/package.sh'
[1.352s] INFO:colcon.colcon_core.shell:Creating package script '/home/olympusforge/ros2_frost/install/tortoisebot_firmware/share/tortoisebot_firmware/package.bash'
[1.352s] INFO:colcon.colcon_core.shell:Creating package script '/home/olympusforge/ros2_frost/install/tortoisebot_firmware/share/tortoisebot_firmware/package.zsh'
[1.353s] Level 1:colcon.colcon_core.environment:create_file_with_runtime_dependencies(/home/olympusforge/ros2_frost/install/tortoisebot_firmware/share/colcon-core/packages/tortoisebot_firmware)
[1.354s] Level 1:colcon.colcon_core.environment:create_environment_scripts_only(tortoisebot_firmware)
[1.354s] Level 1:colcon.colcon_core.environment:checking '/home/olympusforge/ros2_frost/install/tortoisebot_firmware' for CMake module files
[1.355s] Level 1:colcon.colcon_core.environment:checking '/home/olympusforge/ros2_frost/install/tortoisebot_firmware' for CMake config files
[1.355s] Level 1:colcon.colcon_core.shell:create_environment_hook('tortoisebot_firmware', 'cmake_prefix_path')
[1.356s] INFO:colcon.colcon_core.shell:Creating environment hook '/home/olympusforge/ros2_frost/install/tortoisebot_firmware/share/tortoisebot_firmware/hook/cmake_prefix_path.ps1'
[1.356s] INFO:colcon.colcon_core.shell:Creating environment descriptor '/home/olympusforge/ros2_frost/install/tortoisebot_firmware/share/tortoisebot_firmware/hook/cmake_prefix_path.dsv'
[1.357s] INFO:colcon.colcon_core.shell:Creating environment hook '/home/olympusforge/ros2_frost/install/tortoisebot_firmware/share/tortoisebot_firmware/hook/cmake_prefix_path.sh'
[1.358s] Level 1:colcon.colcon_core.environment:checking '/home/olympusforge/ros2_frost/install/tortoisebot_firmware/lib'
[1.358s] Level 1:colcon.colcon_core.environment:checking '/home/olympusforge/ros2_frost/install/tortoisebot_firmware/bin'
[1.358s] Level 1:colcon.colcon_core.environment:checking '/home/olympusforge/ros2_frost/install/tortoisebot_firmware/lib/pkgconfig/tortoisebot_firmware.pc'
[1.358s] Level 1:colcon.colcon_core.environment:checking '/home/olympusforge/ros2_frost/install/tortoisebot_firmware/lib/python3.10/site-packages'
[1.358s] Level 1:colcon.colcon_core.environment:checking '/home/olympusforge/ros2_frost/install/tortoisebot_firmware/bin'
[1.358s] INFO:colcon.colcon_core.shell:Creating package script '/home/olympusforge/ros2_frost/install/tortoisebot_firmware/share/tortoisebot_firmware/package.ps1'
[1.359s] INFO:colcon.colcon_core.shell:Creating package descriptor '/home/olympusforge/ros2_frost/install/tortoisebot_firmware/share/tortoisebot_firmware/package.dsv'
[1.360s] INFO:colcon.colcon_core.shell:Creating package script '/home/olympusforge/ros2_frost/install/tortoisebot_firmware/share/tortoisebot_firmware/package.sh'
[1.360s] INFO:colcon.colcon_core.shell:Creating package script '/home/olympusforge/ros2_frost/install/tortoisebot_firmware/share/tortoisebot_firmware/package.bash'
[1.361s] INFO:colcon.colcon_core.shell:Creating package script '/home/olympusforge/ros2_frost/install/tortoisebot_firmware/share/tortoisebot_firmware/package.zsh'
[1.367s] Level 1:colcon.colcon_core.environment:create_file_with_runtime_dependencies(/home/olympusforge/ros2_frost/install/tortoisebot_firmware/share/colcon-core/packages/tortoisebot_firmware)
[1.618s] Level 1:colcon.colcon_core.shell:create_environment_hook('tortoisebot_control', 'pythonpath_develop')
[1.619s] DEBUG:colcon.colcon_core.event_handler.log_command:Invoked command in '/home/olympusforge/ros2_frost/build/tortoisebot_control' returned '0': PYTHONPATH=/home/olympusforge/ros2_frost/build/tortoisebot_control/prefix_override:/usr/lib/python3/dist-packages/colcon_core/task/python/colcon_distutils_commands:/home/olympusforge/ros2_frost/install/tortoisebot_control/lib/python3.10/site-packages:${PYTHONPATH} /usr/bin/python3 -W ignore:setup.py install is deprecated -W ignore:easy_install command is deprecated setup.py develop --editable --build-directory /home/olympusforge/ros2_frost/build/tortoisebot_control/build --no-deps symlink_data
[1.619s] INFO:colcon.colcon_core.shell:Creating environment hook '/home/olympusforge/ros2_frost/build/tortoisebot_control/share/tortoisebot_control/hook/pythonpath_develop.ps1'
[1.621s] INFO:colcon.colcon_core.shell:Creating environment descriptor '/home/olympusforge/ros2_frost/build/tortoisebot_control/share/tortoisebot_control/hook/pythonpath_develop.dsv'
[1.630s] INFO:colcon.colcon_core.shell:Creating environment hook '/home/olympusforge/ros2_frost/build/tortoisebot_control/share/tortoisebot_control/hook/pythonpath_develop.sh'
[1.631s] Level 1:colcon.colcon_core.environment:checking '/home/olympusforge/ros2_frost/install/tortoisebot_control' for CMake module files
[1.632s] Level 1:colcon.colcon_core.environment:checking '/home/olympusforge/ros2_frost/install/tortoisebot_control' for CMake config files
[1.633s] Level 1:colcon.colcon_core.environment:checking '/home/olympusforge/ros2_frost/install/tortoisebot_control/lib'
[1.633s] Level 1:colcon.colcon_core.environment:checking '/home/olympusforge/ros2_frost/install/tortoisebot_control/bin'
[1.633s] Level 1:colcon.colcon_core.environment:checking '/home/olympusforge/ros2_frost/install/tortoisebot_control/lib/pkgconfig/tortoisebot_control.pc'
[1.633s] Level 1:colcon.colcon_core.environment:checking '/home/olympusforge/ros2_frost/install/tortoisebot_control/lib/python3.10/site-packages'
[1.633s] Level 1:colcon.colcon_core.shell:create_environment_hook('tortoisebot_control', 'pythonpath')
[1.633s] INFO:colcon.colcon_core.shell:Creating environment hook '/home/olympusforge/ros2_frost/install/tortoisebot_control/share/tortoisebot_control/hook/pythonpath.ps1'
[1.634s] INFO:colcon.colcon_core.shell:Creating environment descriptor '/home/olympusforge/ros2_frost/install/tortoisebot_control/share/tortoisebot_control/hook/pythonpath.dsv'
[1.634s] INFO:colcon.colcon_core.shell:Creating environment hook '/home/olympusforge/ros2_frost/install/tortoisebot_control/share/tortoisebot_control/hook/pythonpath.sh'
[1.635s] Level 1:colcon.colcon_core.environment:checking '/home/olympusforge/ros2_frost/install/tortoisebot_control/bin'
[1.635s] Level 1:colcon.colcon_core.environment:create_environment_scripts_only(tortoisebot_control)
[1.636s] INFO:colcon.colcon_core.shell:Creating package script '/home/olympusforge/ros2_frost/install/tortoisebot_control/share/tortoisebot_control/package.ps1'
[1.636s] INFO:colcon.colcon_core.shell:Creating package descriptor '/home/olympusforge/ros2_frost/install/tortoisebot_control/share/tortoisebot_control/package.dsv'
[1.637s] INFO:colcon.colcon_core.shell:Creating package script '/home/olympusforge/ros2_frost/install/tortoisebot_control/share/tortoisebot_control/package.sh'
[1.637s] INFO:colcon.colcon_core.shell:Creating package script '/home/olympusforge/ros2_frost/install/tortoisebot_control/share/tortoisebot_control/package.bash'
[1.638s] INFO:colcon.colcon_core.shell:Creating package script '/home/olympusforge/ros2_frost/install/tortoisebot_control/share/tortoisebot_control/package.zsh'
[1.639s] Level 1:colcon.colcon_core.environment:create_file_with_runtime_dependencies(/home/olympusforge/ros2_frost/install/tortoisebot_control/share/colcon-core/packages/tortoisebot_control)
[1.639s] DEBUG:colcon.colcon_parallel_executor.executor.parallel:closing loop
[1.640s] DEBUG:colcon.colcon_parallel_executor.executor.parallel:loop closed
[1.640s] DEBUG:colcon.colcon_parallel_executor.executor.parallel:run_until_complete finished with '0'
[1.640s] DEBUG:colcon.colcon_core.event_reactor:joining thread
[1.647s] INFO:colcon.colcon_core.plugin_system:Skipping extension 'colcon_notification.desktop_notification.terminal_notifier': Not used on non-Darwin systems
[1.647s] INFO:colcon.colcon_core.plugin_system:Skipping extension 'colcon_notification.desktop_notification.win32': Not used on non-Windows systems
[1.647s] INFO:colcon.colcon_notification.desktop_notification:Sending desktop notification using 'notify2'
[1.687s] DEBUG:colcon.colcon_core.event_reactor:joined thread
[1.687s] INFO:colcon.colcon_core.shell:Creating prefix script '/home/olympusforge/ros2_frost/install/local_setup.ps1'
[1.692s] INFO:colcon.colcon_core.shell:Creating prefix util module '/home/olympusforge/ros2_frost/install/_local_setup_util_ps1.py'
[1.693s] INFO:colcon.colcon_core.shell:Creating prefix chain script '/home/olympusforge/ros2_frost/install/setup.ps1'
[1.694s] INFO:colcon.colcon_core.shell:Creating prefix script '/home/olympusforge/ros2_frost/install/local_setup.sh'
[1.696s] INFO:colcon.colcon_core.shell:Creating prefix util module '/home/olympusforge/ros2_frost/install/_local_setup_util_sh.py'
[1.699s] INFO:colcon.colcon_core.shell:Creating prefix chain script '/home/olympusforge/ros2_frost/install/setup.sh'
[1.703s] INFO:colcon.colcon_core.shell:Creating prefix script '/home/olympusforge/ros2_frost/install/local_setup.bash'
[1.703s] INFO:colcon.colcon_core.shell:Creating prefix chain script '/home/olympusforge/ros2_frost/install/setup.bash'
[1.704s] INFO:colcon.colcon_core.shell:Creating prefix script '/home/olympusforge/ros2_frost/install/local_setup.zsh'
[1.705s] INFO:colcon.colcon_core.shell:Creating prefix chain script '/home/olympusforge/ros2_frost/install/setup.zsh'
