[0.072s] DEBUG:colcon:Command line arguments: ['/usr/bin/colcon', 'build', '--symlink-install']
[0.072s] DEBUG:colcon:Parsed command line arguments: Namespace(log_base=None, log_level=None, verb_name='build', build_base='build', install_base='install', merge_install=False, symlink_install=True, test_result_base=None, continue_on_error=False, executor='parallel', parallel_workers=8, event_handlers=None, ignore_user_meta=False, metas=['./colcon.meta'], base_paths=['.'], packages_ignore=None, packages_ignore_regex=None, paths=None, packages_up_to=None, packages_up_to_regex=None, packages_above=None, packages_above_and_dependencies=None, packages_above_depth=None, packages_select_by_dep=None, packages_skip_by_dep=None, packages_skip_up_to=None, packages_select_build_failed=False, packages_skip_build_finished=False, packages_select_test_failures=False, packages_skip_test_passed=False, packages_select=None, packages_skip=None, packages_select_regex=None, packages_skip_regex=None, packages_start=None, packages_end=None, allow_overriding=[], cmake_args=None, cmake_target=None, cmake_target_skip_unavailable=False, cmake_clean_cache=False, cmake_clean_first=False, cmake_force_configure=False, ament_cmake_args=None, catkin_cmake_args=None, catkin_skip_building_tests=False, mixin_files=None, mixin=None, verb_parser=<colcon_mixin.mixin.mixin_argument.MixinArgumentDecorator object at 0x794fd8452c20>, verb_extension=<colcon_core.verb.build.BuildVerb object at 0x794fd8543bb0>, main=<bound method BuildVerb.main of <colcon_core.verb.build.BuildVerb object at 0x794fd8543bb0>>, mixin_verb=('build',))
[0.158s] Level 1:colcon.colcon_core.package_discovery:discover_packages(colcon_meta) check parameters
[0.158s] Level 1:colcon.colcon_core.package_discovery:discover_packages(recursive) check parameters
[0.158s] Level 1:colcon.colcon_core.package_discovery:discover_packages(ignore) check parameters
[0.158s] Level 1:colcon.colcon_core.package_discovery:discover_packages(path) check parameters
[0.158s] Level 1:colcon.colcon_core.package_discovery:discover_packages(colcon_meta) discover
[0.158s] Level 1:colcon.colcon_core.package_discovery:discover_packages(recursive) discover
[0.158s] INFO:colcon.colcon_core.package_discovery:Crawling recursively for packages in '/home/olympusforge/ros2_frost'
[0.158s] Level 1:colcon.colcon_core.package_identification:_identify(.) by extensions ['ignore', 'ignore_ament_install']
[0.158s] Level 1:colcon.colcon_core.package_identification:_identify(.) by extension 'ignore'
[0.158s] Level 1:colcon.colcon_core.package_identification:_identify(.) by extension 'ignore_ament_install'
[0.158s] Level 1:colcon.colcon_core.package_identification:_identify(.) by extensions ['colcon_pkg']
[0.158s] Level 1:colcon.colcon_core.package_identification:_identify(.) by extension 'colcon_pkg'
[0.158s] Level 1:colcon.colcon_core.package_identification:_identify(.) by extensions ['colcon_meta']
[0.158s] Level 1:colcon.colcon_core.package_identification:_identify(.) by extension 'colcon_meta'
[0.158s] Level 1:colcon.colcon_core.package_identification:_identify(.) by extensions ['ros']
[0.159s] Level 1:colcon.colcon_core.package_identification:_identify(.) by extension 'ros'
[0.165s] Level 1:colcon.colcon_core.package_identification:_identify(.) by extensions ['cmake', 'python']
[0.165s] Level 1:colcon.colcon_core.package_identification:_identify(.) by extension 'cmake'
[0.165s] Level 1:colcon.colcon_core.package_identification:_identify(.) by extension 'python'
[0.165s] Level 1:colcon.colcon_core.package_identification:_identify(.) by extensions ['python_setup_py']
[0.165s] Level 1:colcon.colcon_core.package_identification:_identify(.) by extension 'python_setup_py'
[0.165s] Level 1:colcon.colcon_core.package_identification:_identify(build) by extensions ['ignore', 'ignore_ament_install']
[0.165s] Level 1:colcon.colcon_core.package_identification:_identify(build) by extension 'ignore'
[0.165s] Level 1:colcon.colcon_core.package_identification:_identify(build) ignored
[0.166s] Level 1:colcon.colcon_core.package_identification:_identify(install) by extensions ['ignore', 'ignore_ament_install']
[0.166s] Level 1:colcon.colcon_core.package_identification:_identify(install) by extension 'ignore'
[0.166s] Level 1:colcon.colcon_core.package_identification:_identify(install) ignored
[0.166s] Level 1:colcon.colcon_core.package_identification:_identify(log) by extensions ['ignore', 'ignore_ament_install']
[0.166s] Level 1:colcon.colcon_core.package_identification:_identify(log) by extension 'ignore'
[0.166s] Level 1:colcon.colcon_core.package_identification:_identify(log) ignored
[0.166s] Level 1:colcon.colcon_core.package_identification:_identify(src) by extensions ['ignore', 'ignore_ament_install']
[0.166s] Level 1:colcon.colcon_core.package_identification:_identify(src) by extension 'ignore'
[0.166s] Level 1:colcon.colcon_core.package_identification:_identify(src) by extension 'ignore_ament_install'
[0.166s] Level 1:colcon.colcon_core.package_identification:_identify(src) by extensions ['colcon_pkg']
[0.166s] Level 1:colcon.colcon_core.package_identification:_identify(src) by extension 'colcon_pkg'
[0.166s] Level 1:colcon.colcon_core.package_identification:_identify(src) by extensions ['colcon_meta']
[0.166s] Level 1:colcon.colcon_core.package_identification:_identify(src) by extension 'colcon_meta'
[0.166s] Level 1:colcon.colcon_core.package_identification:_identify(src) by extensions ['ros']
[0.166s] Level 1:colcon.colcon_core.package_identification:_identify(src) by extension 'ros'
[0.166s] Level 1:colcon.colcon_core.package_identification:_identify(src) by extensions ['cmake', 'python']
[0.166s] Level 1:colcon.colcon_core.package_identification:_identify(src) by extension 'cmake'
[0.166s] Level 1:colcon.colcon_core.package_identification:_identify(src) by extension 'python'
[0.166s] Level 1:colcon.colcon_core.package_identification:_identify(src) by extensions ['python_setup_py']
[0.166s] Level 1:colcon.colcon_core.package_identification:_identify(src) by extension 'python_setup_py'
[0.166s] Level 1:colcon.colcon_core.package_identification:_identify(src/tortoisebot) by extensions ['ignore', 'ignore_ament_install']
[0.166s] Level 1:colcon.colcon_core.package_identification:_identify(src/tortoisebot) by extension 'ignore'
[0.166s] Level 1:colcon.colcon_core.package_identification:_identify(src/tortoisebot) by extension 'ignore_ament_install'
[0.166s] Level 1:colcon.colcon_core.package_identification:_identify(src/tortoisebot) by extensions ['colcon_pkg']
[0.166s] Level 1:colcon.colcon_core.package_identification:_identify(src/tortoisebot) by extension 'colcon_pkg'
[0.166s] Level 1:colcon.colcon_core.package_identification:_identify(src/tortoisebot) by extensions ['colcon_meta']
[0.166s] Level 1:colcon.colcon_core.package_identification:_identify(src/tortoisebot) by extension 'colcon_meta'
[0.166s] Level 1:colcon.colcon_core.package_identification:_identify(src/tortoisebot) by extensions ['ros']
[0.166s] Level 1:colcon.colcon_core.package_identification:_identify(src/tortoisebot) by extension 'ros'
[0.166s] Level 1:colcon.colcon_core.package_identification:_identify(src/tortoisebot) by extensions ['cmake', 'python']
[0.166s] Level 1:colcon.colcon_core.package_identification:_identify(src/tortoisebot) by extension 'cmake'
[0.166s] Level 1:colcon.colcon_core.package_identification:_identify(src/tortoisebot) by extension 'python'
[0.166s] Level 1:colcon.colcon_core.package_identification:_identify(src/tortoisebot) by extensions ['python_setup_py']
[0.166s] Level 1:colcon.colcon_core.package_identification:_identify(src/tortoisebot) by extension 'python_setup_py'
[0.166s] Level 1:colcon.colcon_core.package_identification:_identify(src/tortoisebot/YDLidar-SDK) by extensions ['ignore', 'ignore_ament_install']
[0.166s] Level 1:colcon.colcon_core.package_identification:_identify(src/tortoisebot/YDLidar-SDK) by extension 'ignore'
[0.166s] Level 1:colcon.colcon_core.package_identification:_identify(src/tortoisebot/YDLidar-SDK) by extension 'ignore_ament_install'
[0.166s] Level 1:colcon.colcon_core.package_identification:_identify(src/tortoisebot/YDLidar-SDK) by extensions ['colcon_pkg']
[0.166s] Level 1:colcon.colcon_core.package_identification:_identify(src/tortoisebot/YDLidar-SDK) by extension 'colcon_pkg'
[0.166s] Level 1:colcon.colcon_core.package_identification:_identify(src/tortoisebot/YDLidar-SDK) by extensions ['colcon_meta']
[0.166s] Level 1:colcon.colcon_core.package_identification:_identify(src/tortoisebot/YDLidar-SDK) by extension 'colcon_meta'
[0.166s] Level 1:colcon.colcon_core.package_identification:_identify(src/tortoisebot/YDLidar-SDK) by extensions ['ros']
[0.166s] Level 1:colcon.colcon_core.package_identification:_identify(src/tortoisebot/YDLidar-SDK) by extension 'ros'
[0.166s] Level 1:colcon.colcon_core.package_identification:_identify(src/tortoisebot/YDLidar-SDK) by extensions ['cmake', 'python']
[0.167s] Level 1:colcon.colcon_core.package_identification:_identify(src/tortoisebot/YDLidar-SDK) by extension 'cmake'
[0.172s] Level 1:colcon.colcon_core.package_identification:_identify(src/tortoisebot/YDLidar-SDK) by extension 'python'
[0.172s] DEBUG:colcon.colcon_core.package_identification:Package 'src/tortoisebot/YDLidar-SDK' with type 'cmake' and name 'ydlidar_sdk'
[0.172s] Level 1:colcon.colcon_core.package_identification:_identify(src/tortoisebot/tortoisebot_bringup) by extensions ['ignore', 'ignore_ament_install']
[0.172s] Level 1:colcon.colcon_core.package_identification:_identify(src/tortoisebot/tortoisebot_bringup) by extension 'ignore'
[0.172s] Level 1:colcon.colcon_core.package_identification:_identify(src/tortoisebot/tortoisebot_bringup) by extension 'ignore_ament_install'
[0.172s] Level 1:colcon.colcon_core.package_identification:_identify(src/tortoisebot/tortoisebot_bringup) by extensions ['colcon_pkg']
[0.172s] Level 1:colcon.colcon_core.package_identification:_identify(src/tortoisebot/tortoisebot_bringup) by extension 'colcon_pkg'
[0.173s] Level 1:colcon.colcon_core.package_identification:_identify(src/tortoisebot/tortoisebot_bringup) by extensions ['colcon_meta']
[0.173s] Level 1:colcon.colcon_core.package_identification:_identify(src/tortoisebot/tortoisebot_bringup) by extension 'colcon_meta'
[0.173s] Level 1:colcon.colcon_core.package_identification:_identify(src/tortoisebot/tortoisebot_bringup) by extensions ['ros']
[0.173s] Level 1:colcon.colcon_core.package_identification:_identify(src/tortoisebot/tortoisebot_bringup) by extension 'ros'
[0.174s] DEBUG:colcon.colcon_core.package_identification:Package 'src/tortoisebot/tortoisebot_bringup' with type 'ros.ament_cmake' and name 'tortoisebot_bringup'
[0.174s] Level 1:colcon.colcon_core.package_identification:_identify(src/tortoisebot/tortoisebot_control) by extensions ['ignore', 'ignore_ament_install']
[0.174s] Level 1:colcon.colcon_core.package_identification:_identify(src/tortoisebot/tortoisebot_control) by extension 'ignore'
[0.174s] Level 1:colcon.colcon_core.package_identification:_identify(src/tortoisebot/tortoisebot_control) by extension 'ignore_ament_install'
[0.174s] Level 1:colcon.colcon_core.package_identification:_identify(src/tortoisebot/tortoisebot_control) by extensions ['colcon_pkg']
[0.174s] Level 1:colcon.colcon_core.package_identification:_identify(src/tortoisebot/tortoisebot_control) by extension 'colcon_pkg'
[0.174s] Level 1:colcon.colcon_core.package_identification:_identify(src/tortoisebot/tortoisebot_control) by extensions ['colcon_meta']
[0.174s] Level 1:colcon.colcon_core.package_identification:_identify(src/tortoisebot/tortoisebot_control) by extension 'colcon_meta'
[0.174s] Level 1:colcon.colcon_core.package_identification:_identify(src/tortoisebot/tortoisebot_control) by extensions ['ros']
[0.174s] Level 1:colcon.colcon_core.package_identification:_identify(src/tortoisebot/tortoisebot_control) by extension 'ros'
[0.175s] DEBUG:colcon.colcon_core.package_identification:Package 'src/tortoisebot/tortoisebot_control' with type 'ros.ament_python' and name 'tortoisebot_control'
[0.175s] Level 1:colcon.colcon_core.package_identification:_identify(src/tortoisebot/tortoisebot_description) by extensions ['ignore', 'ignore_ament_install']
[0.175s] Level 1:colcon.colcon_core.package_identification:_identify(src/tortoisebot/tortoisebot_description) by extension 'ignore'
[0.175s] Level 1:colcon.colcon_core.package_identification:_identify(src/tortoisebot/tortoisebot_description) by extension 'ignore_ament_install'
[0.175s] Level 1:colcon.colcon_core.package_identification:_identify(src/tortoisebot/tortoisebot_description) by extensions ['colcon_pkg']
[0.175s] Level 1:colcon.colcon_core.package_identification:_identify(src/tortoisebot/tortoisebot_description) by extension 'colcon_pkg'
[0.175s] Level 1:colcon.colcon_core.package_identification:_identify(src/tortoisebot/tortoisebot_description) by extensions ['colcon_meta']
[0.175s] Level 1:colcon.colcon_core.package_identification:_identify(src/tortoisebot/tortoisebot_description) by extension 'colcon_meta'
[0.175s] Level 1:colcon.colcon_core.package_identification:_identify(src/tortoisebot/tortoisebot_description) by extensions ['ros']
[0.175s] Level 1:colcon.colcon_core.package_identification:_identify(src/tortoisebot/tortoisebot_description) by extension 'ros'
[0.175s] DEBUG:colcon.colcon_core.package_identification:Package 'src/tortoisebot/tortoisebot_description' with type 'ros.ament_cmake' and name 'tortoisebot_description'
[0.175s] Level 1:colcon.colcon_core.package_identification:_identify(src/tortoisebot/tortoisebot_firmware) by extensions ['ignore', 'ignore_ament_install']
[0.175s] Level 1:colcon.colcon_core.package_identification:_identify(src/tortoisebot/tortoisebot_firmware) by extension 'ignore'
[0.175s] Level 1:colcon.colcon_core.package_identification:_identify(src/tortoisebot/tortoisebot_firmware) by extension 'ignore_ament_install'
[0.175s] Level 1:colcon.colcon_core.package_identification:_identify(src/tortoisebot/tortoisebot_firmware) by extensions ['colcon_pkg']
[0.175s] Level 1:colcon.colcon_core.package_identification:_identify(src/tortoisebot/tortoisebot_firmware) by extension 'colcon_pkg'
[0.175s] Level 1:colcon.colcon_core.package_identification:_identify(src/tortoisebot/tortoisebot_firmware) by extensions ['colcon_meta']
[0.175s] Level 1:colcon.colcon_core.package_identification:_identify(src/tortoisebot/tortoisebot_firmware) by extension 'colcon_meta'
[0.175s] Level 1:colcon.colcon_core.package_identification:_identify(src/tortoisebot/tortoisebot_firmware) by extensions ['ros']
[0.175s] Level 1:colcon.colcon_core.package_identification:_identify(src/tortoisebot/tortoisebot_firmware) by extension 'ros'
[0.176s] DEBUG:colcon.colcon_core.package_identification:Package 'src/tortoisebot/tortoisebot_firmware' with type 'ros.ament_cmake' and name 'tortoisebot_firmware'
[0.176s] Level 1:colcon.colcon_core.package_identification:_identify(src/tortoisebot/tortoisebot_gazebo) by extensions ['ignore', 'ignore_ament_install']
[0.176s] Level 1:colcon.colcon_core.package_identification:_identify(src/tortoisebot/tortoisebot_gazebo) by extension 'ignore'
[0.176s] Level 1:colcon.colcon_core.package_identification:_identify(src/tortoisebot/tortoisebot_gazebo) by extension 'ignore_ament_install'
[0.176s] Level 1:colcon.colcon_core.package_identification:_identify(src/tortoisebot/tortoisebot_gazebo) by extensions ['colcon_pkg']
[0.176s] Level 1:colcon.colcon_core.package_identification:_identify(src/tortoisebot/tortoisebot_gazebo) by extension 'colcon_pkg'
[0.176s] Level 1:colcon.colcon_core.package_identification:_identify(src/tortoisebot/tortoisebot_gazebo) by extensions ['colcon_meta']
[0.176s] Level 1:colcon.colcon_core.package_identification:_identify(src/tortoisebot/tortoisebot_gazebo) by extension 'colcon_meta'
[0.176s] Level 1:colcon.colcon_core.package_identification:_identify(src/tortoisebot/tortoisebot_gazebo) by extensions ['ros']
[0.176s] Level 1:colcon.colcon_core.package_identification:_identify(src/tortoisebot/tortoisebot_gazebo) by extension 'ros'
[0.177s] DEBUG:colcon.colcon_core.package_identification:Package 'src/tortoisebot/tortoisebot_gazebo' with type 'ros.ament_cmake' and name 'tortoisebot_gazebo'
[0.177s] Level 1:colcon.colcon_core.package_identification:_identify(src/tortoisebot/tortoisebot_navigation) by extensions ['ignore', 'ignore_ament_install']
[0.177s] Level 1:colcon.colcon_core.package_identification:_identify(src/tortoisebot/tortoisebot_navigation) by extension 'ignore'
[0.177s] Level 1:colcon.colcon_core.package_identification:_identify(src/tortoisebot/tortoisebot_navigation) by extension 'ignore_ament_install'
[0.177s] Level 1:colcon.colcon_core.package_identification:_identify(src/tortoisebot/tortoisebot_navigation) by extensions ['colcon_pkg']
[0.177s] Level 1:colcon.colcon_core.package_identification:_identify(src/tortoisebot/tortoisebot_navigation) by extension 'colcon_pkg'
[0.177s] Level 1:colcon.colcon_core.package_identification:_identify(src/tortoisebot/tortoisebot_navigation) by extensions ['colcon_meta']
[0.177s] Level 1:colcon.colcon_core.package_identification:_identify(src/tortoisebot/tortoisebot_navigation) by extension 'colcon_meta'
[0.177s] Level 1:colcon.colcon_core.package_identification:_identify(src/tortoisebot/tortoisebot_navigation) by extensions ['ros']
[0.177s] Level 1:colcon.colcon_core.package_identification:_identify(src/tortoisebot/tortoisebot_navigation) by extension 'ros'
[0.177s] DEBUG:colcon.colcon_core.package_identification:Package 'src/tortoisebot/tortoisebot_navigation' with type 'ros.ament_cmake' and name 'tortoisebot_navigation'
[0.177s] Level 1:colcon.colcon_core.package_identification:_identify(src/tortoisebot/tortoisebot_slam) by extensions ['ignore', 'ignore_ament_install']
[0.177s] Level 1:colcon.colcon_core.package_identification:_identify(src/tortoisebot/tortoisebot_slam) by extension 'ignore'
[0.177s] Level 1:colcon.colcon_core.package_identification:_identify(src/tortoisebot/tortoisebot_slam) by extension 'ignore_ament_install'
[0.177s] Level 1:colcon.colcon_core.package_identification:_identify(src/tortoisebot/tortoisebot_slam) by extensions ['colcon_pkg']
[0.177s] Level 1:colcon.colcon_core.package_identification:_identify(src/tortoisebot/tortoisebot_slam) by extension 'colcon_pkg'
[0.177s] Level 1:colcon.colcon_core.package_identification:_identify(src/tortoisebot/tortoisebot_slam) by extensions ['colcon_meta']
[0.177s] Level 1:colcon.colcon_core.package_identification:_identify(src/tortoisebot/tortoisebot_slam) by extension 'colcon_meta'
[0.177s] Level 1:colcon.colcon_core.package_identification:_identify(src/tortoisebot/tortoisebot_slam) by extensions ['ros']
[0.177s] Level 1:colcon.colcon_core.package_identification:_identify(src/tortoisebot/tortoisebot_slam) by extension 'ros'
[0.178s] DEBUG:colcon.colcon_core.package_identification:Package 'src/tortoisebot/tortoisebot_slam' with type 'ros.ament_cmake' and name 'tortoisebot_slam'
[0.178s] Level 1:colcon.colcon_core.package_identification:_identify(src/tortoisebot/v4l2_camera) by extensions ['ignore', 'ignore_ament_install']
[0.178s] Level 1:colcon.colcon_core.package_identification:_identify(src/tortoisebot/v4l2_camera) by extension 'ignore'
[0.178s] Level 1:colcon.colcon_core.package_identification:_identify(src/tortoisebot/v4l2_camera) by extension 'ignore_ament_install'
[0.178s] Level 1:colcon.colcon_core.package_identification:_identify(src/tortoisebot/v4l2_camera) by extensions ['colcon_pkg']
[0.178s] Level 1:colcon.colcon_core.package_identification:_identify(src/tortoisebot/v4l2_camera) by extension 'colcon_pkg'
[0.178s] Level 1:colcon.colcon_core.package_identification:_identify(src/tortoisebot/v4l2_camera) by extensions ['colcon_meta']
[0.178s] Level 1:colcon.colcon_core.package_identification:_identify(src/tortoisebot/v4l2_camera) by extension 'colcon_meta'
[0.178s] Level 1:colcon.colcon_core.package_identification:_identify(src/tortoisebot/v4l2_camera) by extensions ['ros']
[0.178s] Level 1:colcon.colcon_core.package_identification:_identify(src/tortoisebot/v4l2_camera) by extension 'ros'
[0.178s] DEBUG:colcon.colcon_core.package_identification:Package 'src/tortoisebot/v4l2_camera' with type 'ros.ament_cmake' and name 'v4l2_camera'
[0.178s] Level 1:colcon.colcon_core.package_identification:_identify(src/tortoisebot/ydlidar_ros2_driver) by extensions ['ignore', 'ignore_ament_install']
[0.178s] Level 1:colcon.colcon_core.package_identification:_identify(src/tortoisebot/ydlidar_ros2_driver) by extension 'ignore'
[0.178s] Level 1:colcon.colcon_core.package_identification:_identify(src/tortoisebot/ydlidar_ros2_driver) by extension 'ignore_ament_install'
[0.178s] Level 1:colcon.colcon_core.package_identification:_identify(src/tortoisebot/ydlidar_ros2_driver) by extensions ['colcon_pkg']
[0.178s] Level 1:colcon.colcon_core.package_identification:_identify(src/tortoisebot/ydlidar_ros2_driver) by extension 'colcon_pkg'
[0.178s] Level 1:colcon.colcon_core.package_identification:_identify(src/tortoisebot/ydlidar_ros2_driver) by extensions ['colcon_meta']
[0.178s] Level 1:colcon.colcon_core.package_identification:_identify(src/tortoisebot/ydlidar_ros2_driver) by extension 'colcon_meta'
[0.178s] Level 1:colcon.colcon_core.package_identification:_identify(src/tortoisebot/ydlidar_ros2_driver) by extensions ['ros']
[0.178s] Level 1:colcon.colcon_core.package_identification:_identify(src/tortoisebot/ydlidar_ros2_driver) by extension 'ros'
[0.179s] DEBUG:colcon.colcon_core.package_identification:Package 'src/tortoisebot/ydlidar_ros2_driver' with type 'ros.ament_cmake' and name 'ydlidar_ros2_driver'
[0.179s] Level 1:colcon.colcon_core.package_discovery:discover_packages(recursive) using defaults
[0.179s] Level 1:colcon.colcon_core.package_discovery:discover_packages(ignore) discover
[0.179s] Level 1:colcon.colcon_core.package_discovery:discover_packages(ignore) using defaults
[0.179s] Level 1:colcon.colcon_core.package_discovery:discover_packages(path) discover
[0.179s] Level 1:colcon.colcon_core.package_discovery:discover_packages(path) using defaults
[0.198s] Level 1:colcon.colcon_core.package_discovery:discover_packages(prefix_path) check parameters
[0.198s] Level 1:colcon.colcon_core.package_discovery:discover_packages(prefix_path) discover
[0.199s] DEBUG:colcon.colcon_installed_package_information.package_discovery:Found 8 installed packages in /home/olympusforge/ros2_frost/install
[0.200s] DEBUG:colcon.colcon_installed_package_information.package_discovery:Found 330 installed packages in /opt/ros/humble
[0.201s] Level 1:colcon.colcon_core.package_discovery:discover_packages(prefix_path) using defaults
[0.223s] Level 5:colcon.colcon_core.verb:set package 'tortoisebot_bringup' build argument 'cmake_args' from command line to 'None'
[0.223s] Level 5:colcon.colcon_core.verb:set package 'tortoisebot_bringup' build argument 'cmake_target' from command line to 'None'
[0.223s] Level 5:colcon.colcon_core.verb:set package 'tortoisebot_bringup' build argument 'cmake_target_skip_unavailable' from command line to 'False'
[0.223s] Level 5:colcon.colcon_core.verb:set package 'tortoisebot_bringup' build argument 'cmake_clean_cache' from command line to 'False'
[0.223s] Level 5:colcon.colcon_core.verb:set package 'tortoisebot_bringup' build argument 'cmake_clean_first' from command line to 'False'
[0.223s] Level 5:colcon.colcon_core.verb:set package 'tortoisebot_bringup' build argument 'cmake_force_configure' from command line to 'False'
[0.223s] Level 5:colcon.colcon_core.verb:set package 'tortoisebot_bringup' build argument 'ament_cmake_args' from command line to 'None'
[0.223s] Level 5:colcon.colcon_core.verb:set package 'tortoisebot_bringup' build argument 'catkin_cmake_args' from command line to 'None'
[0.223s] Level 5:colcon.colcon_core.verb:set package 'tortoisebot_bringup' build argument 'catkin_skip_building_tests' from command line to 'False'
[0.224s] DEBUG:colcon.colcon_core.verb:Building package 'tortoisebot_bringup' with the following arguments: {'ament_cmake_args': None, 'build_base': '/home/olympusforge/ros2_frost/build/tortoisebot_bringup', 'catkin_cmake_args': None, 'catkin_skip_building_tests': False, 'cmake_args': None, 'cmake_clean_cache': False, 'cmake_clean_first': False, 'cmake_force_configure': False, 'cmake_target': None, 'cmake_target_skip_unavailable': False, 'install_base': '/home/olympusforge/ros2_frost/install/tortoisebot_bringup', 'merge_install': False, 'path': '/home/olympusforge/ros2_frost/src/tortoisebot/tortoisebot_bringup', 'symlink_install': True, 'test_result_base': None}
[0.224s] Level 5:colcon.colcon_core.verb:set package 'tortoisebot_control' build argument 'cmake_args' from command line to 'None'
[0.224s] Level 5:colcon.colcon_core.verb:set package 'tortoisebot_control' build argument 'cmake_target' from command line to 'None'
[0.224s] Level 5:colcon.colcon_core.verb:set package 'tortoisebot_control' build argument 'cmake_target_skip_unavailable' from command line to 'False'
[0.224s] Level 5:colcon.colcon_core.verb:set package 'tortoisebot_control' build argument 'cmake_clean_cache' from command line to 'False'
[0.224s] Level 5:colcon.colcon_core.verb:set package 'tortoisebot_control' build argument 'cmake_clean_first' from command line to 'False'
[0.224s] Level 5:colcon.colcon_core.verb:set package 'tortoisebot_control' build argument 'cmake_force_configure' from command line to 'False'
[0.224s] Level 5:colcon.colcon_core.verb:set package 'tortoisebot_control' build argument 'ament_cmake_args' from command line to 'None'
[0.224s] Level 5:colcon.colcon_core.verb:set package 'tortoisebot_control' build argument 'catkin_cmake_args' from command line to 'None'
[0.224s] Level 5:colcon.colcon_core.verb:set package 'tortoisebot_control' build argument 'catkin_skip_building_tests' from command line to 'False'
[0.224s] DEBUG:colcon.colcon_core.verb:Building package 'tortoisebot_control' with the following arguments: {'ament_cmake_args': None, 'build_base': '/home/olympusforge/ros2_frost/build/tortoisebot_control', 'catkin_cmake_args': None, 'catkin_skip_building_tests': False, 'cmake_args': None, 'cmake_clean_cache': False, 'cmake_clean_first': False, 'cmake_force_configure': False, 'cmake_target': None, 'cmake_target_skip_unavailable': False, 'install_base': '/home/olympusforge/ros2_frost/install/tortoisebot_control', 'merge_install': False, 'path': '/home/olympusforge/ros2_frost/src/tortoisebot/tortoisebot_control', 'symlink_install': True, 'test_result_base': None}
[0.224s] Level 5:colcon.colcon_core.verb:set package 'tortoisebot_description' build argument 'cmake_args' from command line to 'None'
[0.224s] Level 5:colcon.colcon_core.verb:set package 'tortoisebot_description' build argument 'cmake_target' from command line to 'None'
[0.224s] Level 5:colcon.colcon_core.verb:set package 'tortoisebot_description' build argument 'cmake_target_skip_unavailable' from command line to 'False'
[0.224s] Level 5:colcon.colcon_core.verb:set package 'tortoisebot_description' build argument 'cmake_clean_cache' from command line to 'False'
[0.224s] Level 5:colcon.colcon_core.verb:set package 'tortoisebot_description' build argument 'cmake_clean_first' from command line to 'False'
[0.224s] Level 5:colcon.colcon_core.verb:set package 'tortoisebot_description' build argument 'cmake_force_configure' from command line to 'False'
[0.224s] Level 5:colcon.colcon_core.verb:set package 'tortoisebot_description' build argument 'ament_cmake_args' from command line to 'None'
[0.224s] Level 5:colcon.colcon_core.verb:set package 'tortoisebot_description' build argument 'catkin_cmake_args' from command line to 'None'
[0.224s] Level 5:colcon.colcon_core.verb:set package 'tortoisebot_description' build argument 'catkin_skip_building_tests' from command line to 'False'
[0.224s] DEBUG:colcon.colcon_core.verb:Building package 'tortoisebot_description' with the following arguments: {'ament_cmake_args': None, 'build_base': '/home/olympusforge/ros2_frost/build/tortoisebot_description', 'catkin_cmake_args': None, 'catkin_skip_building_tests': False, 'cmake_args': None, 'cmake_clean_cache': False, 'cmake_clean_first': False, 'cmake_force_configure': False, 'cmake_target': None, 'cmake_target_skip_unavailable': False, 'install_base': '/home/olympusforge/ros2_frost/install/tortoisebot_description', 'merge_install': False, 'path': '/home/olympusforge/ros2_frost/src/tortoisebot/tortoisebot_description', 'symlink_install': True, 'test_result_base': None}
[0.224s] Level 5:colcon.colcon_core.verb:set package 'tortoisebot_firmware' build argument 'cmake_args' from command line to 'None'
[0.224s] Level 5:colcon.colcon_core.verb:set package 'tortoisebot_firmware' build argument 'cmake_target' from command line to 'None'
[0.224s] Level 5:colcon.colcon_core.verb:set package 'tortoisebot_firmware' build argument 'cmake_target_skip_unavailable' from command line to 'False'
[0.224s] Level 5:colcon.colcon_core.verb:set package 'tortoisebot_firmware' build argument 'cmake_clean_cache' from command line to 'False'
[0.224s] Level 5:colcon.colcon_core.verb:set package 'tortoisebot_firmware' build argument 'cmake_clean_first' from command line to 'False'
[0.224s] Level 5:colcon.colcon_core.verb:set package 'tortoisebot_firmware' build argument 'cmake_force_configure' from command line to 'False'
[0.224s] Level 5:colcon.colcon_core.verb:set package 'tortoisebot_firmware' build argument 'ament_cmake_args' from command line to 'None'
[0.224s] Level 5:colcon.colcon_core.verb:set package 'tortoisebot_firmware' build argument 'catkin_cmake_args' from command line to 'None'
[0.224s] Level 5:colcon.colcon_core.verb:set package 'tortoisebot_firmware' build argument 'catkin_skip_building_tests' from command line to 'False'
[0.224s] DEBUG:colcon.colcon_core.verb:Building package 'tortoisebot_firmware' with the following arguments: {'ament_cmake_args': None, 'build_base': '/home/olympusforge/ros2_frost/build/tortoisebot_firmware', 'catkin_cmake_args': None, 'catkin_skip_building_tests': False, 'cmake_args': None, 'cmake_clean_cache': False, 'cmake_clean_first': False, 'cmake_force_configure': False, 'cmake_target': None, 'cmake_target_skip_unavailable': False, 'install_base': '/home/olympusforge/ros2_frost/install/tortoisebot_firmware', 'merge_install': False, 'path': '/home/olympusforge/ros2_frost/src/tortoisebot/tortoisebot_firmware', 'symlink_install': True, 'test_result_base': None}
[0.224s] Level 5:colcon.colcon_core.verb:set package 'tortoisebot_gazebo' build argument 'cmake_args' from command line to 'None'
[0.225s] Level 5:colcon.colcon_core.verb:set package 'tortoisebot_gazebo' build argument 'cmake_target' from command line to 'None'
[0.225s] Level 5:colcon.colcon_core.verb:set package 'tortoisebot_gazebo' build argument 'cmake_target_skip_unavailable' from command line to 'False'
[0.225s] Level 5:colcon.colcon_core.verb:set package 'tortoisebot_gazebo' build argument 'cmake_clean_cache' from command line to 'False'
[0.225s] Level 5:colcon.colcon_core.verb:set package 'tortoisebot_gazebo' build argument 'cmake_clean_first' from command line to 'False'
[0.225s] Level 5:colcon.colcon_core.verb:set package 'tortoisebot_gazebo' build argument 'cmake_force_configure' from command line to 'False'
[0.225s] Level 5:colcon.colcon_core.verb:set package 'tortoisebot_gazebo' build argument 'ament_cmake_args' from command line to 'None'
[0.225s] Level 5:colcon.colcon_core.verb:set package 'tortoisebot_gazebo' build argument 'catkin_cmake_args' from command line to 'None'
[0.225s] Level 5:colcon.colcon_core.verb:set package 'tortoisebot_gazebo' build argument 'catkin_skip_building_tests' from command line to 'False'
[0.225s] DEBUG:colcon.colcon_core.verb:Building package 'tortoisebot_gazebo' with the following arguments: {'ament_cmake_args': None, 'build_base': '/home/olympusforge/ros2_frost/build/tortoisebot_gazebo', 'catkin_cmake_args': None, 'catkin_skip_building_tests': False, 'cmake_args': None, 'cmake_clean_cache': False, 'cmake_clean_first': False, 'cmake_force_configure': False, 'cmake_target': None, 'cmake_target_skip_unavailable': False, 'install_base': '/home/olympusforge/ros2_frost/install/tortoisebot_gazebo', 'merge_install': False, 'path': '/home/olympusforge/ros2_frost/src/tortoisebot/tortoisebot_gazebo', 'symlink_install': True, 'test_result_base': None}
[0.225s] Level 5:colcon.colcon_core.verb:set package 'tortoisebot_navigation' build argument 'cmake_args' from command line to 'None'
[0.225s] Level 5:colcon.colcon_core.verb:set package 'tortoisebot_navigation' build argument 'cmake_target' from command line to 'None'
[0.225s] Level 5:colcon.colcon_core.verb:set package 'tortoisebot_navigation' build argument 'cmake_target_skip_unavailable' from command line to 'False'
[0.225s] Level 5:colcon.colcon_core.verb:set package 'tortoisebot_navigation' build argument 'cmake_clean_cache' from command line to 'False'
[0.225s] Level 5:colcon.colcon_core.verb:set package 'tortoisebot_navigation' build argument 'cmake_clean_first' from command line to 'False'
[0.225s] Level 5:colcon.colcon_core.verb:set package 'tortoisebot_navigation' build argument 'cmake_force_configure' from command line to 'False'
[0.225s] Level 5:colcon.colcon_core.verb:set package 'tortoisebot_navigation' build argument 'ament_cmake_args' from command line to 'None'
[0.225s] Level 5:colcon.colcon_core.verb:set package 'tortoisebot_navigation' build argument 'catkin_cmake_args' from command line to 'None'
[0.225s] Level 5:colcon.colcon_core.verb:set package 'tortoisebot_navigation' build argument 'catkin_skip_building_tests' from command line to 'False'
[0.225s] DEBUG:colcon.colcon_core.verb:Building package 'tortoisebot_navigation' with the following arguments: {'ament_cmake_args': None, 'build_base': '/home/olympusforge/ros2_frost/build/tortoisebot_navigation', 'catkin_cmake_args': None, 'catkin_skip_building_tests': False, 'cmake_args': None, 'cmake_clean_cache': False, 'cmake_clean_first': False, 'cmake_force_configure': False, 'cmake_target': None, 'cmake_target_skip_unavailable': False, 'install_base': '/home/olympusforge/ros2_frost/install/tortoisebot_navigation', 'merge_install': False, 'path': '/home/olympusforge/ros2_frost/src/tortoisebot/tortoisebot_navigation', 'symlink_install': True, 'test_result_base': None}
[0.225s] Level 5:colcon.colcon_core.verb:set package 'tortoisebot_slam' build argument 'cmake_args' from command line to 'None'
[0.225s] Level 5:colcon.colcon_core.verb:set package 'tortoisebot_slam' build argument 'cmake_target' from command line to 'None'
[0.225s] Level 5:colcon.colcon_core.verb:set package 'tortoisebot_slam' build argument 'cmake_target_skip_unavailable' from command line to 'False'
[0.225s] Level 5:colcon.colcon_core.verb:set package 'tortoisebot_slam' build argument 'cmake_clean_cache' from command line to 'False'
[0.225s] Level 5:colcon.colcon_core.verb:set package 'tortoisebot_slam' build argument 'cmake_clean_first' from command line to 'False'
[0.225s] Level 5:colcon.colcon_core.verb:set package 'tortoisebot_slam' build argument 'cmake_force_configure' from command line to 'False'
[0.225s] Level 5:colcon.colcon_core.verb:set package 'tortoisebot_slam' build argument 'ament_cmake_args' from command line to 'None'
[0.225s] Level 5:colcon.colcon_core.verb:set package 'tortoisebot_slam' build argument 'catkin_cmake_args' from command line to 'None'
[0.225s] Level 5:colcon.colcon_core.verb:set package 'tortoisebot_slam' build argument 'catkin_skip_building_tests' from command line to 'False'
[0.225s] DEBUG:colcon.colcon_core.verb:Building package 'tortoisebot_slam' with the following arguments: {'ament_cmake_args': None, 'build_base': '/home/olympusforge/ros2_frost/build/tortoisebot_slam', 'catkin_cmake_args': None, 'catkin_skip_building_tests': False, 'cmake_args': None, 'cmake_clean_cache': False, 'cmake_clean_first': False, 'cmake_force_configure': False, 'cmake_target': None, 'cmake_target_skip_unavailable': False, 'install_base': '/home/olympusforge/ros2_frost/install/tortoisebot_slam', 'merge_install': False, 'path': '/home/olympusforge/ros2_frost/src/tortoisebot/tortoisebot_slam', 'symlink_install': True, 'test_result_base': None}
[0.225s] Level 5:colcon.colcon_core.verb:set package 'v4l2_camera' build argument 'cmake_args' from command line to 'None'
[0.225s] Level 5:colcon.colcon_core.verb:set package 'v4l2_camera' build argument 'cmake_target' from command line to 'None'
[0.225s] Level 5:colcon.colcon_core.verb:set package 'v4l2_camera' build argument 'cmake_target_skip_unavailable' from command line to 'False'
[0.225s] Level 5:colcon.colcon_core.verb:set package 'v4l2_camera' build argument 'cmake_clean_cache' from command line to 'False'
[0.225s] Level 5:colcon.colcon_core.verb:set package 'v4l2_camera' build argument 'cmake_clean_first' from command line to 'False'
[0.225s] Level 5:colcon.colcon_core.verb:set package 'v4l2_camera' build argument 'cmake_force_configure' from command line to 'False'
[0.225s] Level 5:colcon.colcon_core.verb:set package 'v4l2_camera' build argument 'ament_cmake_args' from command line to 'None'
[0.225s] Level 5:colcon.colcon_core.verb:set package 'v4l2_camera' build argument 'catkin_cmake_args' from command line to 'None'
[0.225s] Level 5:colcon.colcon_core.verb:set package 'v4l2_camera' build argument 'catkin_skip_building_tests' from command line to 'False'
[0.225s] DEBUG:colcon.colcon_core.verb:Building package 'v4l2_camera' with the following arguments: {'ament_cmake_args': None, 'build_base': '/home/olympusforge/ros2_frost/build/v4l2_camera', 'catkin_cmake_args': None, 'catkin_skip_building_tests': False, 'cmake_args': None, 'cmake_clean_cache': False, 'cmake_clean_first': False, 'cmake_force_configure': False, 'cmake_target': None, 'cmake_target_skip_unavailable': False, 'install_base': '/home/olympusforge/ros2_frost/install/v4l2_camera', 'merge_install': False, 'path': '/home/olympusforge/ros2_frost/src/tortoisebot/v4l2_camera', 'symlink_install': True, 'test_result_base': None}
[0.226s] Level 5:colcon.colcon_core.verb:set package 'ydlidar_ros2_driver' build argument 'cmake_args' from command line to 'None'
[0.226s] Level 5:colcon.colcon_core.verb:set package 'ydlidar_ros2_driver' build argument 'cmake_target' from command line to 'None'
[0.226s] Level 5:colcon.colcon_core.verb:set package 'ydlidar_ros2_driver' build argument 'cmake_target_skip_unavailable' from command line to 'False'
[0.226s] Level 5:colcon.colcon_core.verb:set package 'ydlidar_ros2_driver' build argument 'cmake_clean_cache' from command line to 'False'
[0.226s] Level 5:colcon.colcon_core.verb:set package 'ydlidar_ros2_driver' build argument 'cmake_clean_first' from command line to 'False'
[0.226s] Level 5:colcon.colcon_core.verb:set package 'ydlidar_ros2_driver' build argument 'cmake_force_configure' from command line to 'False'
[0.226s] Level 5:colcon.colcon_core.verb:set package 'ydlidar_ros2_driver' build argument 'ament_cmake_args' from command line to 'None'
[0.226s] Level 5:colcon.colcon_core.verb:set package 'ydlidar_ros2_driver' build argument 'catkin_cmake_args' from command line to 'None'
[0.226s] Level 5:colcon.colcon_core.verb:set package 'ydlidar_ros2_driver' build argument 'catkin_skip_building_tests' from command line to 'False'
[0.226s] DEBUG:colcon.colcon_core.verb:Building package 'ydlidar_ros2_driver' with the following arguments: {'ament_cmake_args': None, 'build_base': '/home/olympusforge/ros2_frost/build/ydlidar_ros2_driver', 'catkin_cmake_args': None, 'catkin_skip_building_tests': False, 'cmake_args': None, 'cmake_clean_cache': False, 'cmake_clean_first': False, 'cmake_force_configure': False, 'cmake_target': None, 'cmake_target_skip_unavailable': False, 'install_base': '/home/olympusforge/ros2_frost/install/ydlidar_ros2_driver', 'merge_install': False, 'path': '/home/olympusforge/ros2_frost/src/tortoisebot/ydlidar_ros2_driver', 'symlink_install': True, 'test_result_base': None}
[0.226s] Level 5:colcon.colcon_core.verb:set package 'ydlidar_sdk' build argument 'cmake_args' from command line to 'None'
[0.226s] Level 5:colcon.colcon_core.verb:set package 'ydlidar_sdk' build argument 'cmake_target' from command line to 'None'
[0.226s] Level 5:colcon.colcon_core.verb:set package 'ydlidar_sdk' build argument 'cmake_target_skip_unavailable' from command line to 'False'
[0.226s] Level 5:colcon.colcon_core.verb:set package 'ydlidar_sdk' build argument 'cmake_clean_cache' from command line to 'False'
[0.226s] Level 5:colcon.colcon_core.verb:set package 'ydlidar_sdk' build argument 'cmake_clean_first' from command line to 'False'
[0.226s] Level 5:colcon.colcon_core.verb:set package 'ydlidar_sdk' build argument 'cmake_force_configure' from command line to 'False'
[0.226s] Level 5:colcon.colcon_core.verb:set package 'ydlidar_sdk' build argument 'ament_cmake_args' from command line to 'None'
[0.226s] Level 5:colcon.colcon_core.verb:set package 'ydlidar_sdk' build argument 'catkin_cmake_args' from command line to 'None'
[0.226s] Level 5:colcon.colcon_core.verb:set package 'ydlidar_sdk' build argument 'catkin_skip_building_tests' from command line to 'False'
[0.226s] DEBUG:colcon.colcon_core.verb:Building package 'ydlidar_sdk' with the following arguments: {'ament_cmake_args': None, 'build_base': '/home/olympusforge/ros2_frost/build/ydlidar_sdk', 'catkin_cmake_args': None, 'catkin_skip_building_tests': False, 'cmake_args': None, 'cmake_clean_cache': False, 'cmake_clean_first': False, 'cmake_force_configure': False, 'cmake_target': None, 'cmake_target_skip_unavailable': False, 'install_base': '/home/olympusforge/ros2_frost/install/ydlidar_sdk', 'merge_install': False, 'path': '/home/olympusforge/ros2_frost/src/tortoisebot/YDLidar-SDK', 'symlink_install': True, 'test_result_base': None}
[0.226s] INFO:colcon.colcon_core.executor:Executing jobs using 'parallel' executor
[0.228s] DEBUG:colcon.colcon_parallel_executor.executor.parallel:run_until_complete
[0.229s] INFO:colcon.colcon_ros.task.ament_cmake.build:Building ROS package in '/home/olympusforge/ros2_frost/src/tortoisebot/tortoisebot_bringup' with build type 'ament_cmake'
[0.229s] INFO:colcon.colcon_cmake.task.cmake.build:Building CMake package in '/home/olympusforge/ros2_frost/src/tortoisebot/tortoisebot_bringup'
[0.232s] INFO:colcon.colcon_core.plugin_system:Skipping extension 'colcon_core.shell.bat': Not used on non-Windows systems
[0.232s] INFO:colcon.colcon_core.shell:Skip shell extension 'powershell' for command environment: Not usable outside of PowerShell
[0.232s] DEBUG:colcon.colcon_core.shell:Skip shell extension 'dsv' for command environment
[0.235s] INFO:colcon.colcon_ros.task.ament_python.build:Building ROS package in '/home/olympusforge/ros2_frost/src/tortoisebot/tortoisebot_control' with build type 'ament_python'
[0.236s] Level 1:colcon.colcon_core.shell:create_environment_hook('tortoisebot_control', 'ament_prefix_path')
[0.236s] INFO:colcon.colcon_core.shell:Creating environment hook '/home/olympusforge/ros2_frost/install/tortoisebot_control/share/tortoisebot_control/hook/ament_prefix_path.ps1'
[0.237s] INFO:colcon.colcon_core.shell:Creating environment descriptor '/home/olympusforge/ros2_frost/install/tortoisebot_control/share/tortoisebot_control/hook/ament_prefix_path.dsv'
[0.237s] INFO:colcon.colcon_core.shell:Creating environment hook '/home/olympusforge/ros2_frost/install/tortoisebot_control/share/tortoisebot_control/hook/ament_prefix_path.sh'
[0.238s] INFO:colcon.colcon_core.shell:Skip shell extension 'powershell' for command environment: Not usable outside of PowerShell
[0.238s] DEBUG:colcon.colcon_core.shell:Skip shell extension 'dsv' for command environment
[0.241s] INFO:colcon.colcon_ros.task.ament_cmake.build:Building ROS package in '/home/olympusforge/ros2_frost/src/tortoisebot/tortoisebot_description' with build type 'ament_cmake'
[0.241s] INFO:colcon.colcon_cmake.task.cmake.build:Building CMake package in '/home/olympusforge/ros2_frost/src/tortoisebot/tortoisebot_description'
[0.241s] INFO:colcon.colcon_core.shell:Skip shell extension 'powershell' for command environment: Not usable outside of PowerShell
[0.241s] DEBUG:colcon.colcon_core.shell:Skip shell extension 'dsv' for command environment
[0.260s] INFO:colcon.colcon_ros.task.ament_cmake.build:Building ROS package in '/home/olympusforge/ros2_frost/src/tortoisebot/tortoisebot_firmware' with build type 'ament_cmake'
[0.261s] INFO:colcon.colcon_cmake.task.cmake.build:Building CMake package in '/home/olympusforge/ros2_frost/src/tortoisebot/tortoisebot_firmware'
[0.261s] INFO:colcon.colcon_core.shell:Skip shell extension 'powershell' for command environment: Not usable outside of PowerShell
[0.261s] DEBUG:colcon.colcon_core.shell:Skip shell extension 'dsv' for command environment
[0.266s] INFO:colcon.colcon_ros.task.ament_cmake.build:Building ROS package in '/home/olympusforge/ros2_frost/src/tortoisebot/tortoisebot_gazebo' with build type 'ament_cmake'
[0.268s] INFO:colcon.colcon_cmake.task.cmake.build:Building CMake package in '/home/olympusforge/ros2_frost/src/tortoisebot/tortoisebot_gazebo'
[0.270s] INFO:colcon.colcon_core.shell:Skip shell extension 'powershell' for command environment: Not usable outside of PowerShell
[0.272s] DEBUG:colcon.colcon_core.shell:Skip shell extension 'dsv' for command environment
[0.283s] INFO:colcon.colcon_ros.task.ament_cmake.build:Building ROS package in '/home/olympusforge/ros2_frost/src/tortoisebot/tortoisebot_navigation' with build type 'ament_cmake'
[0.284s] INFO:colcon.colcon_cmake.task.cmake.build:Building CMake package in '/home/olympusforge/ros2_frost/src/tortoisebot/tortoisebot_navigation'
[0.284s] INFO:colcon.colcon_core.shell:Skip shell extension 'powershell' for command environment: Not usable outside of PowerShell
[0.284s] DEBUG:colcon.colcon_core.shell:Skip shell extension 'dsv' for command environment
[0.288s] INFO:colcon.colcon_ros.task.ament_cmake.build:Building ROS package in '/home/olympusforge/ros2_frost/src/tortoisebot/tortoisebot_slam' with build type 'ament_cmake'
[0.288s] INFO:colcon.colcon_cmake.task.cmake.build:Building CMake package in '/home/olympusforge/ros2_frost/src/tortoisebot/tortoisebot_slam'
[0.288s] INFO:colcon.colcon_core.shell:Skip shell extension 'powershell' for command environment: Not usable outside of PowerShell
[0.288s] DEBUG:colcon.colcon_core.shell:Skip shell extension 'dsv' for command environment
[0.291s] INFO:colcon.colcon_ros.task.ament_cmake.build:Building ROS package in '/home/olympusforge/ros2_frost/src/tortoisebot/v4l2_camera' with build type 'ament_cmake'
[0.291s] INFO:colcon.colcon_cmake.task.cmake.build:Building CMake package in '/home/olympusforge/ros2_frost/src/tortoisebot/v4l2_camera'
[0.291s] INFO:colcon.colcon_core.shell:Skip shell extension 'powershell' for command environment: Not usable outside of PowerShell
[0.292s] DEBUG:colcon.colcon_core.shell:Skip shell extension 'dsv' for command environment
[0.306s] DEBUG:colcon.colcon_core.event_handler.log_command:Invoking command in '/home/olympusforge/ros2_frost/build/tortoisebot_bringup': CMAKE_PREFIX_PATH=${CMAKE_PREFIX_PATH}:/home/olympusforge/ros2_frost/install/tortoisebot_control:/opt/ros/humble /usr/bin/cmake --build /home/olympusforge/ros2_frost/build/tortoisebot_bringup -- -j8 -l8
[0.480s] INFO:colcon.colcon_core.task.python.build:Building Python package in '/home/olympusforge/ros2_frost/src/tortoisebot/tortoisebot_control'
[0.480s] INFO:colcon.colcon_core.shell:Skip shell extension 'powershell' for command environment: Not usable outside of PowerShell
[0.480s] DEBUG:colcon.colcon_core.shell:Skip shell extension 'dsv' for command environment
[0.487s] DEBUG:colcon.colcon_core.event_handler.log_command:Invoking command in '/home/olympusforge/ros2_frost/build/tortoisebot_description': CMAKE_PREFIX_PATH=${CMAKE_PREFIX_PATH}:/home/olympusforge/ros2_frost/install/tortoisebot_control:/opt/ros/humble /usr/bin/cmake --build /home/olympusforge/ros2_frost/build/tortoisebot_description -- -j8 -l8
[0.490s] DEBUG:colcon.colcon_core.event_handler.log_command:Invoking command in '/home/olympusforge/ros2_frost/build/tortoisebot_firmware': CMAKE_PREFIX_PATH=${CMAKE_PREFIX_PATH}:/home/olympusforge/ros2_frost/install/tortoisebot_control:/opt/ros/humble /usr/bin/cmake --build /home/olympusforge/ros2_frost/build/tortoisebot_firmware -- -j8 -l8
[0.493s] DEBUG:colcon.colcon_core.event_handler.log_command:Invoking command in '/home/olympusforge/ros2_frost/build/tortoisebot_gazebo': CMAKE_PREFIX_PATH=${CMAKE_PREFIX_PATH}:/home/olympusforge/ros2_frost/install/tortoisebot_control:/opt/ros/humble /usr/bin/cmake --build /home/olympusforge/ros2_frost/build/tortoisebot_gazebo -- -j8 -l8
[0.496s] DEBUG:colcon.colcon_core.event_handler.log_command:Invoking command in '/home/olympusforge/ros2_frost/build/tortoisebot_navigation': CMAKE_PREFIX_PATH=${CMAKE_PREFIX_PATH}:/home/olympusforge/ros2_frost/install/tortoisebot_control:/opt/ros/humble /usr/bin/cmake --build /home/olympusforge/ros2_frost/build/tortoisebot_navigation -- -j8 -l8
[0.506s] DEBUG:colcon.colcon_core.event_handler.log_command:Invoking command in '/home/olympusforge/ros2_frost/build/tortoisebot_slam': CMAKE_PREFIX_PATH=${CMAKE_PREFIX_PATH}:/home/olympusforge/ros2_frost/install/tortoisebot_control:/opt/ros/humble /usr/bin/cmake --build /home/olympusforge/ros2_frost/build/tortoisebot_slam -- -j8 -l8
[0.517s] DEBUG:colcon.colcon_core.event_handler.log_command:Invoking command in '/home/olympusforge/ros2_frost/build/v4l2_camera': CMAKE_PREFIX_PATH=${CMAKE_PREFIX_PATH}:/home/olympusforge/ros2_frost/install/tortoisebot_control:/opt/ros/humble /usr/bin/cmake --build /home/olympusforge/ros2_frost/build/v4l2_camera -- -j8 -l8
[0.533s] DEBUG:colcon.colcon_core.event_handler.log_command:Invoked command in '/home/olympusforge/ros2_frost/build/tortoisebot_bringup' returned '0': CMAKE_PREFIX_PATH=${CMAKE_PREFIX_PATH}:/home/olympusforge/ros2_frost/install/tortoisebot_control:/opt/ros/humble /usr/bin/cmake --build /home/olympusforge/ros2_frost/build/tortoisebot_bringup -- -j8 -l8
[0.583s] DEBUG:colcon.colcon_core.event_handler.log_command:Invoking command in '/home/olympusforge/ros2_frost/build/tortoisebot_bringup': CMAKE_PREFIX_PATH=${CMAKE_PREFIX_PATH}:/home/olympusforge/ros2_frost/install/tortoisebot_control:/opt/ros/humble /usr/bin/cmake --install /home/olympusforge/ros2_frost/build/tortoisebot_bringup
[0.583s] DEBUG:colcon.colcon_core.event_handler.log_command:Invoked command in '/home/olympusforge/ros2_frost/build/tortoisebot_description' returned '0': CMAKE_PREFIX_PATH=${CMAKE_PREFIX_PATH}:/home/olympusforge/ros2_frost/install/tortoisebot_control:/opt/ros/humble /usr/bin/cmake --build /home/olympusforge/ros2_frost/build/tortoisebot_description -- -j8 -l8
[0.584s] DEBUG:colcon.colcon_core.event_handler.log_command:Invoking command in '/home/olympusforge/ros2_frost/build/tortoisebot_description': CMAKE_PREFIX_PATH=${CMAKE_PREFIX_PATH}:/home/olympusforge/ros2_frost/install/tortoisebot_control:/opt/ros/humble /usr/bin/cmake --install /home/olympusforge/ros2_frost/build/tortoisebot_description
[0.614s] DEBUG:colcon.colcon_core.event_handler.log_command:Invoked command in '/home/olympusforge/ros2_frost/build/tortoisebot_slam' returned '0': CMAKE_PREFIX_PATH=${CMAKE_PREFIX_PATH}:/home/olympusforge/ros2_frost/install/tortoisebot_control:/opt/ros/humble /usr/bin/cmake --build /home/olympusforge/ros2_frost/build/tortoisebot_slam -- -j8 -l8
[0.640s] Level 1:colcon.colcon_core.environment:create_environment_scripts_only(tortoisebot_description)
[0.642s] DEBUG:colcon.colcon_core.event_handler.log_command:Invoking command in '/home/olympusforge/ros2_frost/build/tortoisebot_slam': CMAKE_PREFIX_PATH=${CMAKE_PREFIX_PATH}:/home/olympusforge/ros2_frost/install/tortoisebot_control:/opt/ros/humble /usr/bin/cmake --install /home/olympusforge/ros2_frost/build/tortoisebot_slam
[0.648s] DEBUG:colcon.colcon_core.event_handler.log_command:Invoked command in '/home/olympusforge/ros2_frost/build/tortoisebot_gazebo' returned '0': CMAKE_PREFIX_PATH=${CMAKE_PREFIX_PATH}:/home/olympusforge/ros2_frost/install/tortoisebot_control:/opt/ros/humble /usr/bin/cmake --build /home/olympusforge/ros2_frost/build/tortoisebot_gazebo -- -j8 -l8
[0.659s] Level 1:colcon.colcon_core.environment:checking '/home/olympusforge/ros2_frost/install/tortoisebot_description' for CMake module files
[0.660s] Level 1:colcon.colcon_core.environment:checking '/home/olympusforge/ros2_frost/install/tortoisebot_description' for CMake config files
[0.672s] DEBUG:colcon.colcon_core.event_handler.log_command:Invoking command in '/home/olympusforge/ros2_frost/build/tortoisebot_gazebo': CMAKE_PREFIX_PATH=${CMAKE_PREFIX_PATH}:/home/olympusforge/ros2_frost/install/tortoisebot_control:/opt/ros/humble /usr/bin/cmake --install /home/olympusforge/ros2_frost/build/tortoisebot_gazebo
[0.672s] DEBUG:colcon.colcon_core.event_handler.log_command:Invoked command in '/home/olympusforge/ros2_frost/build/tortoisebot_navigation' returned '0': CMAKE_PREFIX_PATH=${CMAKE_PREFIX_PATH}:/home/olympusforge/ros2_frost/install/tortoisebot_control:/opt/ros/humble /usr/bin/cmake --build /home/olympusforge/ros2_frost/build/tortoisebot_navigation -- -j8 -l8
[0.673s] Level 1:colcon.colcon_core.shell:create_environment_hook('tortoisebot_description', 'cmake_prefix_path')
[0.674s] INFO:colcon.colcon_core.shell:Creating environment hook '/home/olympusforge/ros2_frost/install/tortoisebot_description/share/tortoisebot_description/hook/cmake_prefix_path.ps1'
[0.676s] DEBUG:colcon.colcon_core.event_handler.log_command:Invoking command in '/home/olympusforge/ros2_frost/build/tortoisebot_navigation': CMAKE_PREFIX_PATH=${CMAKE_PREFIX_PATH}:/home/olympusforge/ros2_frost/install/tortoisebot_control:/opt/ros/humble /usr/bin/cmake --install /home/olympusforge/ros2_frost/build/tortoisebot_navigation
[0.676s] DEBUG:colcon.colcon_core.event_handler.log_command:Invoked command in '/home/olympusforge/ros2_frost/build/tortoisebot_description' returned '0': CMAKE_PREFIX_PATH=${CMAKE_PREFIX_PATH}:/home/olympusforge/ros2_frost/install/tortoisebot_control:/opt/ros/humble /usr/bin/cmake --install /home/olympusforge/ros2_frost/build/tortoisebot_description
[0.678s] INFO:colcon.colcon_core.shell:Creating environment descriptor '/home/olympusforge/ros2_frost/install/tortoisebot_description/share/tortoisebot_description/hook/cmake_prefix_path.dsv'
[0.685s] INFO:colcon.colcon_core.shell:Creating environment hook '/home/olympusforge/ros2_frost/install/tortoisebot_description/share/tortoisebot_description/hook/cmake_prefix_path.sh'
[0.686s] Level 1:colcon.colcon_core.environment:checking '/home/olympusforge/ros2_frost/install/tortoisebot_description/bin'
[0.686s] Level 1:colcon.colcon_core.environment:checking '/home/olympusforge/ros2_frost/install/tortoisebot_description/lib/pkgconfig/tortoisebot_description.pc'
[0.686s] Level 1:colcon.colcon_core.environment:checking '/home/olympusforge/ros2_frost/install/tortoisebot_description/lib/python3.10/site-packages'
[0.686s] Level 1:colcon.colcon_core.environment:checking '/home/olympusforge/ros2_frost/install/tortoisebot_description/bin'
[0.687s] INFO:colcon.colcon_core.shell:Creating package script '/home/olympusforge/ros2_frost/install/tortoisebot_description/share/tortoisebot_description/package.ps1'
[0.688s] INFO:colcon.colcon_core.shell:Creating package descriptor '/home/olympusforge/ros2_frost/install/tortoisebot_description/share/tortoisebot_description/package.dsv'
[0.689s] INFO:colcon.colcon_core.shell:Creating package script '/home/olympusforge/ros2_frost/install/tortoisebot_description/share/tortoisebot_description/package.sh'
[0.689s] INFO:colcon.colcon_core.shell:Creating package script '/home/olympusforge/ros2_frost/install/tortoisebot_description/share/tortoisebot_description/package.bash'
[0.691s] INFO:colcon.colcon_core.shell:Creating package script '/home/olympusforge/ros2_frost/install/tortoisebot_description/share/tortoisebot_description/package.zsh'
[0.693s] Level 1:colcon.colcon_core.environment:create_file_with_runtime_dependencies(/home/olympusforge/ros2_frost/install/tortoisebot_description/share/colcon-core/packages/tortoisebot_description)
[0.694s] Level 1:colcon.colcon_core.environment:create_environment_scripts_only(tortoisebot_description)
[0.694s] Level 1:colcon.colcon_core.environment:checking '/home/olympusforge/ros2_frost/install/tortoisebot_description' for CMake module files
[0.695s] Level 1:colcon.colcon_core.environment:checking '/home/olympusforge/ros2_frost/install/tortoisebot_description' for CMake config files
[0.695s] Level 1:colcon.colcon_core.shell:create_environment_hook('tortoisebot_description', 'cmake_prefix_path')
[0.695s] INFO:colcon.colcon_core.shell:Creating environment hook '/home/olympusforge/ros2_frost/install/tortoisebot_description/share/tortoisebot_description/hook/cmake_prefix_path.ps1'
[0.696s] INFO:colcon.colcon_core.shell:Creating environment descriptor '/home/olympusforge/ros2_frost/install/tortoisebot_description/share/tortoisebot_description/hook/cmake_prefix_path.dsv'
[0.697s] INFO:colcon.colcon_core.shell:Creating environment hook '/home/olympusforge/ros2_frost/install/tortoisebot_description/share/tortoisebot_description/hook/cmake_prefix_path.sh'
[0.698s] Level 1:colcon.colcon_core.environment:checking '/home/olympusforge/ros2_frost/install/tortoisebot_description/bin'
[0.698s] Level 1:colcon.colcon_core.environment:checking '/home/olympusforge/ros2_frost/install/tortoisebot_description/lib/pkgconfig/tortoisebot_description.pc'
[0.698s] Level 1:colcon.colcon_core.environment:checking '/home/olympusforge/ros2_frost/install/tortoisebot_description/lib/python3.10/site-packages'
[0.698s] Level 1:colcon.colcon_core.environment:checking '/home/olympusforge/ros2_frost/install/tortoisebot_description/bin'
[0.698s] INFO:colcon.colcon_core.shell:Creating package script '/home/olympusforge/ros2_frost/install/tortoisebot_description/share/tortoisebot_description/package.ps1'
[0.699s] INFO:colcon.colcon_core.shell:Creating package descriptor '/home/olympusforge/ros2_frost/install/tortoisebot_description/share/tortoisebot_description/package.dsv'
[0.699s] INFO:colcon.colcon_core.shell:Creating package script '/home/olympusforge/ros2_frost/install/tortoisebot_description/share/tortoisebot_description/package.sh'
[0.700s] INFO:colcon.colcon_core.shell:Creating package script '/home/olympusforge/ros2_frost/install/tortoisebot_description/share/tortoisebot_description/package.bash'
[0.700s] INFO:colcon.colcon_core.shell:Creating package script '/home/olympusforge/ros2_frost/install/tortoisebot_description/share/tortoisebot_description/package.zsh'
[0.701s] Level 1:colcon.colcon_core.environment:create_file_with_runtime_dependencies(/home/olympusforge/ros2_frost/install/tortoisebot_description/share/colcon-core/packages/tortoisebot_description)
[0.701s] Level 1:colcon.colcon_core.environment:create_environment_scripts_only(tortoisebot_bringup)
[0.701s] Level 1:colcon.colcon_core.environment:checking '/home/olympusforge/ros2_frost/install/tortoisebot_bringup' for CMake module files
[0.703s] Level 1:colcon.colcon_core.environment:checking '/home/olympusforge/ros2_frost/install/tortoisebot_bringup' for CMake config files
[0.703s] DEBUG:colcon.colcon_core.event_handler.log_command:Invoked command in '/home/olympusforge/ros2_frost/build/tortoisebot_bringup' returned '0': CMAKE_PREFIX_PATH=${CMAKE_PREFIX_PATH}:/home/olympusforge/ros2_frost/install/tortoisebot_control:/opt/ros/humble /usr/bin/cmake --install /home/olympusforge/ros2_frost/build/tortoisebot_bringup
[0.704s] Level 1:colcon.colcon_core.shell:create_environment_hook('tortoisebot_bringup', 'cmake_prefix_path')
[0.704s] INFO:colcon.colcon_core.shell:Creating environment hook '/home/olympusforge/ros2_frost/install/tortoisebot_bringup/share/tortoisebot_bringup/hook/cmake_prefix_path.ps1'
[0.704s] INFO:colcon.colcon_core.shell:Creating environment descriptor '/home/olympusforge/ros2_frost/install/tortoisebot_bringup/share/tortoisebot_bringup/hook/cmake_prefix_path.dsv'
[0.705s] INFO:colcon.colcon_core.shell:Creating environment hook '/home/olympusforge/ros2_frost/install/tortoisebot_bringup/share/tortoisebot_bringup/hook/cmake_prefix_path.sh'
[0.706s] Level 1:colcon.colcon_core.environment:checking '/home/olympusforge/ros2_frost/install/tortoisebot_bringup/bin'
[0.706s] Level 1:colcon.colcon_core.environment:checking '/home/olympusforge/ros2_frost/install/tortoisebot_bringup/lib/pkgconfig/tortoisebot_bringup.pc'
[0.706s] Level 1:colcon.colcon_core.environment:checking '/home/olympusforge/ros2_frost/install/tortoisebot_bringup/lib/python3.10/site-packages'
[0.706s] Level 1:colcon.colcon_core.environment:checking '/home/olympusforge/ros2_frost/install/tortoisebot_bringup/bin'
[0.707s] INFO:colcon.colcon_core.shell:Creating package script '/home/olympusforge/ros2_frost/install/tortoisebot_bringup/share/tortoisebot_bringup/package.ps1'
[0.707s] INFO:colcon.colcon_core.shell:Creating package descriptor '/home/olympusforge/ros2_frost/install/tortoisebot_bringup/share/tortoisebot_bringup/package.dsv'
[0.707s] INFO:colcon.colcon_core.shell:Creating package script '/home/olympusforge/ros2_frost/install/tortoisebot_bringup/share/tortoisebot_bringup/package.sh'
[0.708s] INFO:colcon.colcon_core.shell:Creating package script '/home/olympusforge/ros2_frost/install/tortoisebot_bringup/share/tortoisebot_bringup/package.bash'
[0.708s] INFO:colcon.colcon_core.shell:Creating package script '/home/olympusforge/ros2_frost/install/tortoisebot_bringup/share/tortoisebot_bringup/package.zsh'
[0.709s] Level 1:colcon.colcon_core.environment:create_file_with_runtime_dependencies(/home/olympusforge/ros2_frost/install/tortoisebot_bringup/share/colcon-core/packages/tortoisebot_bringup)
[0.709s] Level 1:colcon.colcon_core.environment:create_environment_scripts_only(tortoisebot_bringup)
[0.710s] Level 1:colcon.colcon_core.environment:checking '/home/olympusforge/ros2_frost/install/tortoisebot_bringup' for CMake module files
[0.710s] Level 1:colcon.colcon_core.environment:checking '/home/olympusforge/ros2_frost/install/tortoisebot_bringup' for CMake config files
[0.710s] Level 1:colcon.colcon_core.shell:create_environment_hook('tortoisebot_bringup', 'cmake_prefix_path')
[0.711s] INFO:colcon.colcon_core.shell:Creating environment hook '/home/olympusforge/ros2_frost/install/tortoisebot_bringup/share/tortoisebot_bringup/hook/cmake_prefix_path.ps1'
[0.712s] INFO:colcon.colcon_core.shell:Creating environment descriptor '/home/olympusforge/ros2_frost/install/tortoisebot_bringup/share/tortoisebot_bringup/hook/cmake_prefix_path.dsv'
[0.712s] INFO:colcon.colcon_core.shell:Creating environment hook '/home/olympusforge/ros2_frost/install/tortoisebot_bringup/share/tortoisebot_bringup/hook/cmake_prefix_path.sh'
[0.713s] Level 1:colcon.colcon_core.environment:checking '/home/olympusforge/ros2_frost/install/tortoisebot_bringup/bin'
[0.713s] Level 1:colcon.colcon_core.environment:checking '/home/olympusforge/ros2_frost/install/tortoisebot_bringup/lib/pkgconfig/tortoisebot_bringup.pc'
[0.713s] Level 1:colcon.colcon_core.environment:checking '/home/olympusforge/ros2_frost/install/tortoisebot_bringup/lib/python3.10/site-packages'
[0.713s] Level 1:colcon.colcon_core.environment:checking '/home/olympusforge/ros2_frost/install/tortoisebot_bringup/bin'
[0.714s] INFO:colcon.colcon_core.shell:Creating package script '/home/olympusforge/ros2_frost/install/tortoisebot_bringup/share/tortoisebot_bringup/package.ps1'
[0.714s] INFO:colcon.colcon_core.shell:Creating package descriptor '/home/olympusforge/ros2_frost/install/tortoisebot_bringup/share/tortoisebot_bringup/package.dsv'
[0.715s] INFO:colcon.colcon_core.shell:Creating package script '/home/olympusforge/ros2_frost/install/tortoisebot_bringup/share/tortoisebot_bringup/package.sh'
[0.715s] INFO:colcon.colcon_core.shell:Creating package script '/home/olympusforge/ros2_frost/install/tortoisebot_bringup/share/tortoisebot_bringup/package.bash'
[0.716s] INFO:colcon.colcon_core.shell:Creating package script '/home/olympusforge/ros2_frost/install/tortoisebot_bringup/share/tortoisebot_bringup/package.zsh'
[0.717s] Level 1:colcon.colcon_core.environment:create_file_with_runtime_dependencies(/home/olympusforge/ros2_frost/install/tortoisebot_bringup/share/colcon-core/packages/tortoisebot_bringup)
[0.717s] INFO:colcon.colcon_ros.task.ament_cmake.build:Building ROS package in '/home/olympusforge/ros2_frost/src/tortoisebot/ydlidar_ros2_driver' with build type 'ament_cmake'
[0.717s] INFO:colcon.colcon_cmake.task.cmake.build:Building CMake package in '/home/olympusforge/ros2_frost/src/tortoisebot/ydlidar_ros2_driver'
[0.718s] INFO:colcon.colcon_core.shell:Skip shell extension 'powershell' for command environment: Not usable outside of PowerShell
[0.718s] DEBUG:colcon.colcon_core.shell:Skip shell extension 'dsv' for command environment
[0.733s] INFO:colcon.colcon_cmake.task.cmake.build:Building CMake package in '/home/olympusforge/ros2_frost/src/tortoisebot/YDLidar-SDK'
[0.736s] INFO:colcon.colcon_core.shell:Skip shell extension 'powershell' for command environment: Not usable outside of PowerShell
[0.736s] DEBUG:colcon.colcon_core.shell:Skip shell extension 'dsv' for command environment
[0.742s] Level 1:colcon.colcon_core.environment:create_environment_scripts_only(tortoisebot_slam)
[0.742s] Level 1:colcon.colcon_core.environment:checking '/home/olympusforge/ros2_frost/install/tortoisebot_slam' for CMake module files
[0.745s] DEBUG:colcon.colcon_core.event_handler.log_command:Invoked command in '/home/olympusforge/ros2_frost/build/tortoisebot_slam' returned '0': CMAKE_PREFIX_PATH=${CMAKE_PREFIX_PATH}:/home/olympusforge/ros2_frost/install/tortoisebot_control:/opt/ros/humble /usr/bin/cmake --install /home/olympusforge/ros2_frost/build/tortoisebot_slam
[0.746s] Level 1:colcon.colcon_core.environment:checking '/home/olympusforge/ros2_frost/install/tortoisebot_slam' for CMake config files
[0.746s] Level 1:colcon.colcon_core.shell:create_environment_hook('tortoisebot_slam', 'cmake_prefix_path')
[0.747s] INFO:colcon.colcon_core.shell:Creating environment hook '/home/olympusforge/ros2_frost/install/tortoisebot_slam/share/tortoisebot_slam/hook/cmake_prefix_path.ps1'
[0.747s] INFO:colcon.colcon_core.shell:Creating environment descriptor '/home/olympusforge/ros2_frost/install/tortoisebot_slam/share/tortoisebot_slam/hook/cmake_prefix_path.dsv'
[0.747s] INFO:colcon.colcon_core.shell:Creating environment hook '/home/olympusforge/ros2_frost/install/tortoisebot_slam/share/tortoisebot_slam/hook/cmake_prefix_path.sh'
[0.748s] Level 1:colcon.colcon_core.environment:checking '/home/olympusforge/ros2_frost/install/tortoisebot_slam/bin'
[0.749s] Level 1:colcon.colcon_core.environment:checking '/home/olympusforge/ros2_frost/install/tortoisebot_slam/lib/pkgconfig/tortoisebot_slam.pc'
[0.749s] Level 1:colcon.colcon_core.environment:checking '/home/olympusforge/ros2_frost/install/tortoisebot_slam/lib/python3.10/site-packages'
[0.749s] Level 1:colcon.colcon_core.environment:checking '/home/olympusforge/ros2_frost/install/tortoisebot_slam/bin'
[0.749s] INFO:colcon.colcon_core.shell:Creating package script '/home/olympusforge/ros2_frost/install/tortoisebot_slam/share/tortoisebot_slam/package.ps1'
[0.750s] INFO:colcon.colcon_core.shell:Creating package descriptor '/home/olympusforge/ros2_frost/install/tortoisebot_slam/share/tortoisebot_slam/package.dsv'
[0.751s] INFO:colcon.colcon_core.shell:Creating package script '/home/olympusforge/ros2_frost/install/tortoisebot_slam/share/tortoisebot_slam/package.sh'
[0.751s] INFO:colcon.colcon_core.shell:Creating package script '/home/olympusforge/ros2_frost/install/tortoisebot_slam/share/tortoisebot_slam/package.bash'
[0.751s] INFO:colcon.colcon_core.shell:Creating package script '/home/olympusforge/ros2_frost/install/tortoisebot_slam/share/tortoisebot_slam/package.zsh'
[0.752s] Level 1:colcon.colcon_core.environment:create_file_with_runtime_dependencies(/home/olympusforge/ros2_frost/install/tortoisebot_slam/share/colcon-core/packages/tortoisebot_slam)
[0.752s] Level 1:colcon.colcon_core.environment:create_environment_scripts_only(tortoisebot_slam)
[0.752s] Level 1:colcon.colcon_core.environment:checking '/home/olympusforge/ros2_frost/install/tortoisebot_slam' for CMake module files
[0.753s] Level 1:colcon.colcon_core.environment:checking '/home/olympusforge/ros2_frost/install/tortoisebot_slam' for CMake config files
[0.753s] Level 1:colcon.colcon_core.shell:create_environment_hook('tortoisebot_slam', 'cmake_prefix_path')
[0.753s] INFO:colcon.colcon_core.shell:Creating environment hook '/home/olympusforge/ros2_frost/install/tortoisebot_slam/share/tortoisebot_slam/hook/cmake_prefix_path.ps1'
[0.753s] INFO:colcon.colcon_core.shell:Creating environment descriptor '/home/olympusforge/ros2_frost/install/tortoisebot_slam/share/tortoisebot_slam/hook/cmake_prefix_path.dsv'
[0.753s] INFO:colcon.colcon_core.shell:Creating environment hook '/home/olympusforge/ros2_frost/install/tortoisebot_slam/share/tortoisebot_slam/hook/cmake_prefix_path.sh'
[0.754s] Level 1:colcon.colcon_core.environment:checking '/home/olympusforge/ros2_frost/install/tortoisebot_slam/bin'
[0.754s] Level 1:colcon.colcon_core.environment:checking '/home/olympusforge/ros2_frost/install/tortoisebot_slam/lib/pkgconfig/tortoisebot_slam.pc'
[0.754s] Level 1:colcon.colcon_core.environment:checking '/home/olympusforge/ros2_frost/install/tortoisebot_slam/lib/python3.10/site-packages'
[0.754s] Level 1:colcon.colcon_core.environment:checking '/home/olympusforge/ros2_frost/install/tortoisebot_slam/bin'
[0.754s] INFO:colcon.colcon_core.shell:Creating package script '/home/olympusforge/ros2_frost/install/tortoisebot_slam/share/tortoisebot_slam/package.ps1'
[0.755s] INFO:colcon.colcon_core.shell:Creating package descriptor '/home/olympusforge/ros2_frost/install/tortoisebot_slam/share/tortoisebot_slam/package.dsv'
[0.755s] INFO:colcon.colcon_core.shell:Creating package script '/home/olympusforge/ros2_frost/install/tortoisebot_slam/share/tortoisebot_slam/package.sh'
[0.756s] INFO:colcon.colcon_core.shell:Creating package script '/home/olympusforge/ros2_frost/install/tortoisebot_slam/share/tortoisebot_slam/package.bash'
[0.757s] INFO:colcon.colcon_core.shell:Creating package script '/home/olympusforge/ros2_frost/install/tortoisebot_slam/share/tortoisebot_slam/package.zsh'
[0.758s] Level 1:colcon.colcon_core.environment:create_file_with_runtime_dependencies(/home/olympusforge/ros2_frost/install/tortoisebot_slam/share/colcon-core/packages/tortoisebot_slam)
[0.761s] Level 1:colcon.colcon_core.environment:create_environment_scripts_only(tortoisebot_gazebo)
[0.763s] Level 1:colcon.colcon_core.environment:checking '/home/olympusforge/ros2_frost/install/tortoisebot_gazebo' for CMake module files
[0.765s] Level 1:colcon.colcon_core.environment:checking '/home/olympusforge/ros2_frost/install/tortoisebot_gazebo' for CMake config files
[0.767s] Level 1:colcon.colcon_core.shell:create_environment_hook('tortoisebot_gazebo', 'cmake_prefix_path')
[0.767s] INFO:colcon.colcon_core.shell:Creating environment hook '/home/olympusforge/ros2_frost/install/tortoisebot_gazebo/share/tortoisebot_gazebo/hook/cmake_prefix_path.ps1'
[0.768s] DEBUG:colcon.colcon_core.event_handler.log_command:Invoked command in '/home/olympusforge/ros2_frost/build/tortoisebot_gazebo' returned '0': CMAKE_PREFIX_PATH=${CMAKE_PREFIX_PATH}:/home/olympusforge/ros2_frost/install/tortoisebot_control:/opt/ros/humble /usr/bin/cmake --install /home/olympusforge/ros2_frost/build/tortoisebot_gazebo
[0.769s] INFO:colcon.colcon_core.shell:Creating environment descriptor '/home/olympusforge/ros2_frost/install/tortoisebot_gazebo/share/tortoisebot_gazebo/hook/cmake_prefix_path.dsv'
[0.776s] INFO:colcon.colcon_core.shell:Creating environment hook '/home/olympusforge/ros2_frost/install/tortoisebot_gazebo/share/tortoisebot_gazebo/hook/cmake_prefix_path.sh'
[0.777s] Level 1:colcon.colcon_core.environment:checking '/home/olympusforge/ros2_frost/install/tortoisebot_gazebo/bin'
[0.777s] Level 1:colcon.colcon_core.environment:checking '/home/olympusforge/ros2_frost/install/tortoisebot_gazebo/lib/pkgconfig/tortoisebot_gazebo.pc'
[0.777s] Level 1:colcon.colcon_core.environment:checking '/home/olympusforge/ros2_frost/install/tortoisebot_gazebo/lib/python3.10/site-packages'
[0.778s] Level 1:colcon.colcon_core.environment:checking '/home/olympusforge/ros2_frost/install/tortoisebot_gazebo/bin'
[0.778s] INFO:colcon.colcon_core.shell:Creating package script '/home/olympusforge/ros2_frost/install/tortoisebot_gazebo/share/tortoisebot_gazebo/package.ps1'
[0.791s] INFO:colcon.colcon_core.shell:Creating package descriptor '/home/olympusforge/ros2_frost/install/tortoisebot_gazebo/share/tortoisebot_gazebo/package.dsv'
[0.792s] INFO:colcon.colcon_core.shell:Creating package script '/home/olympusforge/ros2_frost/install/tortoisebot_gazebo/share/tortoisebot_gazebo/package.sh'
[0.799s] INFO:colcon.colcon_core.shell:Creating package script '/home/olympusforge/ros2_frost/install/tortoisebot_gazebo/share/tortoisebot_gazebo/package.bash'
[0.800s] INFO:colcon.colcon_core.shell:Creating package script '/home/olympusforge/ros2_frost/install/tortoisebot_gazebo/share/tortoisebot_gazebo/package.zsh'
[0.801s] Level 1:colcon.colcon_core.environment:create_file_with_runtime_dependencies(/home/olympusforge/ros2_frost/install/tortoisebot_gazebo/share/colcon-core/packages/tortoisebot_gazebo)
[0.802s] Level 1:colcon.colcon_core.environment:create_environment_scripts_only(tortoisebot_gazebo)
[0.802s] Level 1:colcon.colcon_core.environment:checking '/home/olympusforge/ros2_frost/install/tortoisebot_gazebo' for CMake module files
[0.803s] Level 1:colcon.colcon_core.environment:checking '/home/olympusforge/ros2_frost/install/tortoisebot_gazebo' for CMake config files
[0.803s] Level 1:colcon.colcon_core.shell:create_environment_hook('tortoisebot_gazebo', 'cmake_prefix_path')
[0.803s] INFO:colcon.colcon_core.shell:Creating environment hook '/home/olympusforge/ros2_frost/install/tortoisebot_gazebo/share/tortoisebot_gazebo/hook/cmake_prefix_path.ps1'
[0.804s] INFO:colcon.colcon_core.shell:Creating environment descriptor '/home/olympusforge/ros2_frost/install/tortoisebot_gazebo/share/tortoisebot_gazebo/hook/cmake_prefix_path.dsv'
[0.806s] INFO:colcon.colcon_core.shell:Creating environment hook '/home/olympusforge/ros2_frost/install/tortoisebot_gazebo/share/tortoisebot_gazebo/hook/cmake_prefix_path.sh'
[0.809s] Level 1:colcon.colcon_core.environment:checking '/home/olympusforge/ros2_frost/install/tortoisebot_gazebo/bin'
[0.809s] Level 1:colcon.colcon_core.environment:checking '/home/olympusforge/ros2_frost/install/tortoisebot_gazebo/lib/pkgconfig/tortoisebot_gazebo.pc'
[0.811s] Level 1:colcon.colcon_core.environment:checking '/home/olympusforge/ros2_frost/install/tortoisebot_gazebo/lib/python3.10/site-packages'
[0.814s] Level 1:colcon.colcon_core.environment:checking '/home/olympusforge/ros2_frost/install/tortoisebot_gazebo/bin'
[0.815s] INFO:colcon.colcon_core.shell:Creating package script '/home/olympusforge/ros2_frost/install/tortoisebot_gazebo/share/tortoisebot_gazebo/package.ps1'
[0.816s] INFO:colcon.colcon_core.shell:Creating package descriptor '/home/olympusforge/ros2_frost/install/tortoisebot_gazebo/share/tortoisebot_gazebo/package.dsv'
[0.817s] INFO:colcon.colcon_core.shell:Creating package script '/home/olympusforge/ros2_frost/install/tortoisebot_gazebo/share/tortoisebot_gazebo/package.sh'
[0.818s] INFO:colcon.colcon_core.shell:Creating package script '/home/olympusforge/ros2_frost/install/tortoisebot_gazebo/share/tortoisebot_gazebo/package.bash'
[0.818s] INFO:colcon.colcon_core.shell:Creating package script '/home/olympusforge/ros2_frost/install/tortoisebot_gazebo/share/tortoisebot_gazebo/package.zsh'
[0.819s] Level 1:colcon.colcon_core.environment:create_file_with_runtime_dependencies(/home/olympusforge/ros2_frost/install/tortoisebot_gazebo/share/colcon-core/packages/tortoisebot_gazebo)
[0.819s] Level 1:colcon.colcon_core.environment:create_environment_scripts_only(tortoisebot_navigation)
[0.819s] Level 1:colcon.colcon_core.environment:checking '/home/olympusforge/ros2_frost/install/tortoisebot_navigation' for CMake module files
[0.820s] Level 1:colcon.colcon_core.environment:checking '/home/olympusforge/ros2_frost/install/tortoisebot_navigation' for CMake config files
[0.821s] DEBUG:colcon.colcon_core.event_handler.log_command:Invoked command in '/home/olympusforge/ros2_frost/build/tortoisebot_navigation' returned '0': CMAKE_PREFIX_PATH=${CMAKE_PREFIX_PATH}:/home/olympusforge/ros2_frost/install/tortoisebot_control:/opt/ros/humble /usr/bin/cmake --install /home/olympusforge/ros2_frost/build/tortoisebot_navigation
[0.821s] Level 1:colcon.colcon_core.shell:create_environment_hook('tortoisebot_navigation', 'cmake_prefix_path')
[0.822s] INFO:colcon.colcon_core.shell:Creating environment hook '/home/olympusforge/ros2_frost/install/tortoisebot_navigation/share/tortoisebot_navigation/hook/cmake_prefix_path.ps1'
[0.822s] INFO:colcon.colcon_core.shell:Creating environment descriptor '/home/olympusforge/ros2_frost/install/tortoisebot_navigation/share/tortoisebot_navigation/hook/cmake_prefix_path.dsv'
[0.822s] INFO:colcon.colcon_core.shell:Creating environment hook '/home/olympusforge/ros2_frost/install/tortoisebot_navigation/share/tortoisebot_navigation/hook/cmake_prefix_path.sh'
[0.823s] Level 1:colcon.colcon_core.environment:checking '/home/olympusforge/ros2_frost/install/tortoisebot_navigation/bin'
[0.823s] Level 1:colcon.colcon_core.environment:checking '/home/olympusforge/ros2_frost/install/tortoisebot_navigation/lib/pkgconfig/tortoisebot_navigation.pc'
[0.823s] Level 1:colcon.colcon_core.environment:checking '/home/olympusforge/ros2_frost/install/tortoisebot_navigation/lib/python3.10/site-packages'
[0.823s] Level 1:colcon.colcon_core.environment:checking '/home/olympusforge/ros2_frost/install/tortoisebot_navigation/bin'
[0.823s] INFO:colcon.colcon_core.shell:Creating package script '/home/olympusforge/ros2_frost/install/tortoisebot_navigation/share/tortoisebot_navigation/package.ps1'
[0.824s] INFO:colcon.colcon_core.shell:Creating package descriptor '/home/olympusforge/ros2_frost/install/tortoisebot_navigation/share/tortoisebot_navigation/package.dsv'
[0.824s] INFO:colcon.colcon_core.shell:Creating package script '/home/olympusforge/ros2_frost/install/tortoisebot_navigation/share/tortoisebot_navigation/package.sh'
[0.824s] INFO:colcon.colcon_core.shell:Creating package script '/home/olympusforge/ros2_frost/install/tortoisebot_navigation/share/tortoisebot_navigation/package.bash'
[0.825s] INFO:colcon.colcon_core.shell:Creating package script '/home/olympusforge/ros2_frost/install/tortoisebot_navigation/share/tortoisebot_navigation/package.zsh'
[0.825s] Level 1:colcon.colcon_core.environment:create_file_with_runtime_dependencies(/home/olympusforge/ros2_frost/install/tortoisebot_navigation/share/colcon-core/packages/tortoisebot_navigation)
[0.826s] Level 1:colcon.colcon_core.environment:create_environment_scripts_only(tortoisebot_navigation)
[0.826s] Level 1:colcon.colcon_core.environment:checking '/home/olympusforge/ros2_frost/install/tortoisebot_navigation' for CMake module files
[0.826s] Level 1:colcon.colcon_core.environment:checking '/home/olympusforge/ros2_frost/install/tortoisebot_navigation' for CMake config files
[0.827s] Level 1:colcon.colcon_core.shell:create_environment_hook('tortoisebot_navigation', 'cmake_prefix_path')
[0.827s] INFO:colcon.colcon_core.shell:Creating environment hook '/home/olympusforge/ros2_frost/install/tortoisebot_navigation/share/tortoisebot_navigation/hook/cmake_prefix_path.ps1'
[0.827s] INFO:colcon.colcon_core.shell:Creating environment descriptor '/home/olympusforge/ros2_frost/install/tortoisebot_navigation/share/tortoisebot_navigation/hook/cmake_prefix_path.dsv'
[0.827s] INFO:colcon.colcon_core.shell:Creating environment hook '/home/olympusforge/ros2_frost/install/tortoisebot_navigation/share/tortoisebot_navigation/hook/cmake_prefix_path.sh'
[0.828s] Level 1:colcon.colcon_core.environment:checking '/home/olympusforge/ros2_frost/install/tortoisebot_navigation/bin'
[0.828s] Level 1:colcon.colcon_core.environment:checking '/home/olympusforge/ros2_frost/install/tortoisebot_navigation/lib/pkgconfig/tortoisebot_navigation.pc'
[0.828s] Level 1:colcon.colcon_core.environment:checking '/home/olympusforge/ros2_frost/install/tortoisebot_navigation/lib/python3.10/site-packages'
[0.828s] Level 1:colcon.colcon_core.environment:checking '/home/olympusforge/ros2_frost/install/tortoisebot_navigation/bin'
[0.829s] INFO:colcon.colcon_core.shell:Creating package script '/home/olympusforge/ros2_frost/install/tortoisebot_navigation/share/tortoisebot_navigation/package.ps1'
[0.829s] INFO:colcon.colcon_core.shell:Creating package descriptor '/home/olympusforge/ros2_frost/install/tortoisebot_navigation/share/tortoisebot_navigation/package.dsv'
[0.830s] INFO:colcon.colcon_core.shell:Creating package script '/home/olympusforge/ros2_frost/install/tortoisebot_navigation/share/tortoisebot_navigation/package.sh'
[0.830s] INFO:colcon.colcon_core.shell:Creating package script '/home/olympusforge/ros2_frost/install/tortoisebot_navigation/share/tortoisebot_navigation/package.bash'
[0.831s] INFO:colcon.colcon_core.shell:Creating package script '/home/olympusforge/ros2_frost/install/tortoisebot_navigation/share/tortoisebot_navigation/package.zsh'
[0.831s] Level 1:colcon.colcon_core.environment:create_file_with_runtime_dependencies(/home/olympusforge/ros2_frost/install/tortoisebot_navigation/share/colcon-core/packages/tortoisebot_navigation)
[0.835s] DEBUG:colcon.colcon_core.event_handler.log_command:Invoked command in '/home/olympusforge/ros2_frost/build/v4l2_camera' returned '0': CMAKE_PREFIX_PATH=${CMAKE_PREFIX_PATH}:/home/olympusforge/ros2_frost/install/tortoisebot_control:/opt/ros/humble /usr/bin/cmake --build /home/olympusforge/ros2_frost/build/v4l2_camera -- -j8 -l8
[0.835s] DEBUG:colcon.colcon_core.event_handler.log_command:Invoking command in '/home/olympusforge/ros2_frost/build/v4l2_camera': CMAKE_PREFIX_PATH=${CMAKE_PREFIX_PATH}:/home/olympusforge/ros2_frost/install/tortoisebot_control:/opt/ros/humble /usr/bin/cmake --install /home/olympusforge/ros2_frost/build/v4l2_camera
[0.837s] DEBUG:colcon.colcon_core.event_handler.log_command:Invoking command in '/home/olympusforge/ros2_frost/build/ydlidar_ros2_driver': CMAKE_PREFIX_PATH=${CMAKE_PREFIX_PATH}:/home/olympusforge/ros2_frost/install/tortoisebot_control:/opt/ros/humble /usr/bin/cmake /home/olympusforge/ros2_frost/src/tortoisebot/ydlidar_ros2_driver -DAMENT_CMAKE_SYMLINK_INSTALL=1 -DCMAKE_INSTALL_PREFIX=/home/olympusforge/ros2_frost/install/ydlidar_ros2_driver
[0.855s] DEBUG:colcon.colcon_core.event_handler.log_command:Invoking command in '/home/olympusforge/ros2_frost/build/ydlidar_sdk': /usr/bin/cmake --build /home/olympusforge/ros2_frost/build/ydlidar_sdk -- -j8 -l8
[0.934s] DEBUG:colcon.colcon_core.event_handler.log_command:Invoked command in '/home/olympusforge/ros2_frost/build/tortoisebot_firmware' returned '0': CMAKE_PREFIX_PATH=${CMAKE_PREFIX_PATH}:/home/olympusforge/ros2_frost/install/tortoisebot_control:/opt/ros/humble /usr/bin/cmake --build /home/olympusforge/ros2_frost/build/tortoisebot_firmware -- -j8 -l8
[0.935s] DEBUG:colcon.colcon_core.event_handler.log_command:Invoking command in '/home/olympusforge/ros2_frost/build/tortoisebot_firmware': CMAKE_PREFIX_PATH=${CMAKE_PREFIX_PATH}:/home/olympusforge/ros2_frost/install/tortoisebot_control:/opt/ros/humble /usr/bin/cmake --install /home/olympusforge/ros2_frost/build/tortoisebot_firmware
[1.054s] DEBUG:colcon.colcon_core.event_handler.log_command:Invoking command in '/home/olympusforge/ros2_frost/build/tortoisebot_control': PYTHONPATH=/home/olympusforge/ros2_frost/build/tortoisebot_control/prefix_override:/usr/lib/python3/dist-packages/colcon_core/task/python/colcon_distutils_commands:/home/olympusforge/ros2_frost/install/tortoisebot_control/lib/python3.10/site-packages:${PYTHONPATH} /usr/bin/python3 -W ignore:setup.py install is deprecated -W ignore:easy_install command is deprecated setup.py develop --editable --build-directory /home/olympusforge/ros2_frost/build/tortoisebot_control/build --no-deps symlink_data
[1.100s] Level 1:colcon.colcon_core.environment:create_environment_scripts_only(tortoisebot_firmware)
[1.106s] Level 1:colcon.colcon_core.environment:checking '/home/olympusforge/ros2_frost/install/tortoisebot_firmware' for CMake module files
[1.107s] Level 1:colcon.colcon_core.environment:checking '/home/olympusforge/ros2_frost/install/tortoisebot_firmware' for CMake config files
[1.110s] Level 1:colcon.colcon_core.shell:create_environment_hook('tortoisebot_firmware', 'cmake_prefix_path')
[1.111s] INFO:colcon.colcon_core.shell:Creating environment hook '/home/olympusforge/ros2_frost/install/tortoisebot_firmware/share/tortoisebot_firmware/hook/cmake_prefix_path.ps1'
[1.116s] DEBUG:colcon.colcon_core.event_handler.log_command:Invoked command in '/home/olympusforge/ros2_frost/build/tortoisebot_firmware' returned '0': CMAKE_PREFIX_PATH=${CMAKE_PREFIX_PATH}:/home/olympusforge/ros2_frost/install/tortoisebot_control:/opt/ros/humble /usr/bin/cmake --install /home/olympusforge/ros2_frost/build/tortoisebot_firmware
[1.137s] INFO:colcon.colcon_core.shell:Creating environment descriptor '/home/olympusforge/ros2_frost/install/tortoisebot_firmware/share/tortoisebot_firmware/hook/cmake_prefix_path.dsv'
[1.140s] INFO:colcon.colcon_core.shell:Creating environment hook '/home/olympusforge/ros2_frost/install/tortoisebot_firmware/share/tortoisebot_firmware/hook/cmake_prefix_path.sh'
[1.144s] Level 1:colcon.colcon_core.environment:checking '/home/olympusforge/ros2_frost/install/tortoisebot_firmware/lib'
[1.145s] Level 1:colcon.colcon_core.environment:checking '/home/olympusforge/ros2_frost/install/tortoisebot_firmware/bin'
[1.145s] Level 1:colcon.colcon_core.environment:checking '/home/olympusforge/ros2_frost/install/tortoisebot_firmware/lib/pkgconfig/tortoisebot_firmware.pc'
[1.145s] Level 1:colcon.colcon_core.environment:checking '/home/olympusforge/ros2_frost/install/tortoisebot_firmware/lib/python3.10/site-packages'
[1.146s] Level 1:colcon.colcon_core.environment:checking '/home/olympusforge/ros2_frost/install/tortoisebot_firmware/bin'
[1.146s] INFO:colcon.colcon_core.shell:Creating package script '/home/olympusforge/ros2_frost/install/tortoisebot_firmware/share/tortoisebot_firmware/package.ps1'
[1.168s] INFO:colcon.colcon_core.shell:Creating package descriptor '/home/olympusforge/ros2_frost/install/tortoisebot_firmware/share/tortoisebot_firmware/package.dsv'
[1.185s] INFO:colcon.colcon_core.shell:Creating package script '/home/olympusforge/ros2_frost/install/tortoisebot_firmware/share/tortoisebot_firmware/package.sh'
[1.190s] INFO:colcon.colcon_core.shell:Creating package script '/home/olympusforge/ros2_frost/install/tortoisebot_firmware/share/tortoisebot_firmware/package.bash'
[1.197s] INFO:colcon.colcon_core.shell:Creating package script '/home/olympusforge/ros2_frost/install/tortoisebot_firmware/share/tortoisebot_firmware/package.zsh'
[1.199s] Level 1:colcon.colcon_core.environment:create_file_with_runtime_dependencies(/home/olympusforge/ros2_frost/install/tortoisebot_firmware/share/colcon-core/packages/tortoisebot_firmware)
[1.199s] Level 1:colcon.colcon_core.environment:create_environment_scripts_only(tortoisebot_firmware)
[1.202s] Level 1:colcon.colcon_core.environment:checking '/home/olympusforge/ros2_frost/install/tortoisebot_firmware' for CMake module files
[1.203s] Level 1:colcon.colcon_core.environment:checking '/home/olympusforge/ros2_frost/install/tortoisebot_firmware' for CMake config files
[1.203s] Level 1:colcon.colcon_core.shell:create_environment_hook('tortoisebot_firmware', 'cmake_prefix_path')
[1.203s] INFO:colcon.colcon_core.shell:Creating environment hook '/home/olympusforge/ros2_frost/install/tortoisebot_firmware/share/tortoisebot_firmware/hook/cmake_prefix_path.ps1'
[1.204s] INFO:colcon.colcon_core.shell:Creating environment descriptor '/home/olympusforge/ros2_frost/install/tortoisebot_firmware/share/tortoisebot_firmware/hook/cmake_prefix_path.dsv'
[1.205s] INFO:colcon.colcon_core.shell:Creating environment hook '/home/olympusforge/ros2_frost/install/tortoisebot_firmware/share/tortoisebot_firmware/hook/cmake_prefix_path.sh'
[1.205s] Level 1:colcon.colcon_core.environment:checking '/home/olympusforge/ros2_frost/install/tortoisebot_firmware/lib'
[1.206s] Level 1:colcon.colcon_core.environment:checking '/home/olympusforge/ros2_frost/install/tortoisebot_firmware/bin'
[1.206s] Level 1:colcon.colcon_core.environment:checking '/home/olympusforge/ros2_frost/install/tortoisebot_firmware/lib/pkgconfig/tortoisebot_firmware.pc'
[1.206s] Level 1:colcon.colcon_core.environment:checking '/home/olympusforge/ros2_frost/install/tortoisebot_firmware/lib/python3.10/site-packages'
[1.206s] Level 1:colcon.colcon_core.environment:checking '/home/olympusforge/ros2_frost/install/tortoisebot_firmware/bin'
[1.206s] INFO:colcon.colcon_core.shell:Creating package script '/home/olympusforge/ros2_frost/install/tortoisebot_firmware/share/tortoisebot_firmware/package.ps1'
[1.207s] INFO:colcon.colcon_core.shell:Creating package descriptor '/home/olympusforge/ros2_frost/install/tortoisebot_firmware/share/tortoisebot_firmware/package.dsv'
[1.207s] INFO:colcon.colcon_core.shell:Creating package script '/home/olympusforge/ros2_frost/install/tortoisebot_firmware/share/tortoisebot_firmware/package.sh'
[1.209s] INFO:colcon.colcon_core.shell:Creating package script '/home/olympusforge/ros2_frost/install/tortoisebot_firmware/share/tortoisebot_firmware/package.bash'
[1.210s] INFO:colcon.colcon_core.shell:Creating package script '/home/olympusforge/ros2_frost/install/tortoisebot_firmware/share/tortoisebot_firmware/package.zsh'
[1.210s] Level 1:colcon.colcon_core.environment:create_file_with_runtime_dependencies(/home/olympusforge/ros2_frost/install/tortoisebot_firmware/share/colcon-core/packages/tortoisebot_firmware)
[1.236s] DEBUG:colcon.colcon_core.event_handler.log_command:Invoked command in '/home/olympusforge/ros2_frost/build/ydlidar_sdk' returned '0': /usr/bin/cmake --build /home/olympusforge/ros2_frost/build/ydlidar_sdk -- -j8 -l8
[1.238s] DEBUG:colcon.colcon_core.event_handler.log_command:Invoking command in '/home/olympusforge/ros2_frost/build/ydlidar_sdk': /usr/bin/cmake --install /home/olympusforge/ros2_frost/build/ydlidar_sdk
[1.338s] Level 1:colcon.colcon_core.environment:create_environment_scripts_only(ydlidar_sdk)
[1.338s] Level 1:colcon.colcon_core.environment:checking '/home/olympusforge/ros2_frost/install/ydlidar_sdk' for CMake module files
[1.338s] Level 1:colcon.colcon_core.environment:checking '/home/olympusforge/ros2_frost/install/ydlidar_sdk' for CMake config files
[1.340s] DEBUG:colcon.colcon_core.event_handler.log_command:Invoked command in '/home/olympusforge/ros2_frost/build/ydlidar_sdk' returned '0': /usr/bin/cmake --install /home/olympusforge/ros2_frost/build/ydlidar_sdk
[1.340s] Level 1:colcon.colcon_core.shell:create_environment_hook('ydlidar_sdk', 'cmake_prefix_path')
[1.341s] INFO:colcon.colcon_core.shell:Creating environment hook '/home/olympusforge/ros2_frost/install/ydlidar_sdk/share/ydlidar_sdk/hook/cmake_prefix_path.ps1'
[1.342s] INFO:colcon.colcon_core.shell:Creating environment descriptor '/home/olympusforge/ros2_frost/install/ydlidar_sdk/share/ydlidar_sdk/hook/cmake_prefix_path.dsv'
[1.342s] INFO:colcon.colcon_core.shell:Creating environment hook '/home/olympusforge/ros2_frost/install/ydlidar_sdk/share/ydlidar_sdk/hook/cmake_prefix_path.sh'
[1.343s] Level 1:colcon.colcon_core.environment:checking '/home/olympusforge/ros2_frost/install/ydlidar_sdk/lib'
[1.343s] Level 1:colcon.colcon_core.environment:checking '/home/olympusforge/ros2_frost/install/ydlidar_sdk/bin'
[1.343s] Level 1:colcon.colcon_core.shell:create_environment_hook('ydlidar_sdk', 'path')
[1.343s] INFO:colcon.colcon_core.shell:Creating environment hook '/home/olympusforge/ros2_frost/install/ydlidar_sdk/share/ydlidar_sdk/hook/path.ps1'
[1.343s] INFO:colcon.colcon_core.shell:Creating environment descriptor '/home/olympusforge/ros2_frost/install/ydlidar_sdk/share/ydlidar_sdk/hook/path.dsv'
[1.343s] INFO:colcon.colcon_core.shell:Creating environment hook '/home/olympusforge/ros2_frost/install/ydlidar_sdk/share/ydlidar_sdk/hook/path.sh'
[1.344s] Level 1:colcon.colcon_core.environment:checking '/home/olympusforge/ros2_frost/install/ydlidar_sdk/lib/pkgconfig/ydlidar_sdk.pc'
[1.344s] Level 1:colcon.colcon_core.environment:checking '/home/olympusforge/ros2_frost/install/ydlidar_sdk/lib/python3.10/site-packages'
[1.344s] Level 1:colcon.colcon_core.environment:checking '/home/olympusforge/ros2_frost/install/ydlidar_sdk/bin'
[1.344s] Level 1:colcon.colcon_core.shell:create_environment_hook('ydlidar_sdk', 'pythonscriptspath')
[1.344s] INFO:colcon.colcon_core.shell:Creating environment hook '/home/olympusforge/ros2_frost/install/ydlidar_sdk/share/ydlidar_sdk/hook/pythonscriptspath.ps1'
[1.345s] INFO:colcon.colcon_core.shell:Creating environment descriptor '/home/olympusforge/ros2_frost/install/ydlidar_sdk/share/ydlidar_sdk/hook/pythonscriptspath.dsv'
[1.345s] INFO:colcon.colcon_core.shell:Creating environment hook '/home/olympusforge/ros2_frost/install/ydlidar_sdk/share/ydlidar_sdk/hook/pythonscriptspath.sh'
[1.345s] INFO:colcon.colcon_core.shell:Creating package script '/home/olympusforge/ros2_frost/install/ydlidar_sdk/share/ydlidar_sdk/package.ps1'
[1.346s] INFO:colcon.colcon_core.shell:Creating package descriptor '/home/olympusforge/ros2_frost/install/ydlidar_sdk/share/ydlidar_sdk/package.dsv'
[1.346s] INFO:colcon.colcon_core.shell:Creating package script '/home/olympusforge/ros2_frost/install/ydlidar_sdk/share/ydlidar_sdk/package.sh'
[1.346s] INFO:colcon.colcon_core.shell:Creating package script '/home/olympusforge/ros2_frost/install/ydlidar_sdk/share/ydlidar_sdk/package.bash'
[1.346s] INFO:colcon.colcon_core.shell:Creating package script '/home/olympusforge/ros2_frost/install/ydlidar_sdk/share/ydlidar_sdk/package.zsh'
[1.347s] Level 1:colcon.colcon_core.environment:create_file_with_runtime_dependencies(/home/olympusforge/ros2_frost/install/ydlidar_sdk/share/colcon-core/packages/ydlidar_sdk)
[1.448s] Level 1:colcon.colcon_core.environment:create_environment_scripts_only(v4l2_camera)
[1.449s] Level 1:colcon.colcon_core.environment:checking '/home/olympusforge/ros2_frost/install/v4l2_camera' for CMake module files
[1.449s] DEBUG:colcon.colcon_core.event_handler.log_command:Invoked command in '/home/olympusforge/ros2_frost/build/v4l2_camera' returned '0': CMAKE_PREFIX_PATH=${CMAKE_PREFIX_PATH}:/home/olympusforge/ros2_frost/install/tortoisebot_control:/opt/ros/humble /usr/bin/cmake --install /home/olympusforge/ros2_frost/build/v4l2_camera
[1.449s] Level 1:colcon.colcon_core.environment:checking '/home/olympusforge/ros2_frost/install/v4l2_camera' for CMake config files
[1.450s] Level 1:colcon.colcon_core.shell:create_environment_hook('v4l2_camera', 'cmake_prefix_path')
[1.450s] INFO:colcon.colcon_core.shell:Creating environment hook '/home/olympusforge/ros2_frost/install/v4l2_camera/share/v4l2_camera/hook/cmake_prefix_path.ps1'
[1.450s] INFO:colcon.colcon_core.shell:Creating environment descriptor '/home/olympusforge/ros2_frost/install/v4l2_camera/share/v4l2_camera/hook/cmake_prefix_path.dsv'
[1.451s] INFO:colcon.colcon_core.shell:Creating environment hook '/home/olympusforge/ros2_frost/install/v4l2_camera/share/v4l2_camera/hook/cmake_prefix_path.sh'
[1.451s] Level 1:colcon.colcon_core.environment:checking '/home/olympusforge/ros2_frost/install/v4l2_camera/lib'
[1.451s] Level 1:colcon.colcon_core.shell:create_environment_hook('v4l2_camera', 'ld_library_path_lib')
[1.451s] INFO:colcon.colcon_core.shell:Creating environment hook '/home/olympusforge/ros2_frost/install/v4l2_camera/share/v4l2_camera/hook/ld_library_path_lib.ps1'
[1.451s] INFO:colcon.colcon_core.shell:Creating environment descriptor '/home/olympusforge/ros2_frost/install/v4l2_camera/share/v4l2_camera/hook/ld_library_path_lib.dsv'
[1.451s] INFO:colcon.colcon_core.shell:Creating environment hook '/home/olympusforge/ros2_frost/install/v4l2_camera/share/v4l2_camera/hook/ld_library_path_lib.sh'
[1.451s] Level 1:colcon.colcon_core.environment:checking '/home/olympusforge/ros2_frost/install/v4l2_camera/bin'
[1.452s] Level 1:colcon.colcon_core.environment:checking '/home/olympusforge/ros2_frost/install/v4l2_camera/lib/pkgconfig/v4l2_camera.pc'
[1.452s] Level 1:colcon.colcon_core.environment:checking '/home/olympusforge/ros2_frost/install/v4l2_camera/lib/python3.10/site-packages'
[1.452s] Level 1:colcon.colcon_core.environment:checking '/home/olympusforge/ros2_frost/install/v4l2_camera/bin'
[1.452s] INFO:colcon.colcon_core.shell:Creating package script '/home/olympusforge/ros2_frost/install/v4l2_camera/share/v4l2_camera/package.ps1'
[1.453s] INFO:colcon.colcon_core.shell:Creating package descriptor '/home/olympusforge/ros2_frost/install/v4l2_camera/share/v4l2_camera/package.dsv'
[1.453s] INFO:colcon.colcon_core.shell:Creating package script '/home/olympusforge/ros2_frost/install/v4l2_camera/share/v4l2_camera/package.sh'
[1.454s] INFO:colcon.colcon_core.shell:Creating package script '/home/olympusforge/ros2_frost/install/v4l2_camera/share/v4l2_camera/package.bash'
[1.454s] INFO:colcon.colcon_core.shell:Creating package script '/home/olympusforge/ros2_frost/install/v4l2_camera/share/v4l2_camera/package.zsh'
[1.454s] Level 1:colcon.colcon_core.environment:create_file_with_runtime_dependencies(/home/olympusforge/ros2_frost/install/v4l2_camera/share/colcon-core/packages/v4l2_camera)
[1.454s] Level 1:colcon.colcon_core.environment:create_environment_scripts_only(v4l2_camera)
[1.454s] Level 1:colcon.colcon_core.environment:checking '/home/olympusforge/ros2_frost/install/v4l2_camera' for CMake module files
[1.455s] Level 1:colcon.colcon_core.environment:checking '/home/olympusforge/ros2_frost/install/v4l2_camera' for CMake config files
[1.455s] Level 1:colcon.colcon_core.shell:create_environment_hook('v4l2_camera', 'cmake_prefix_path')
[1.455s] INFO:colcon.colcon_core.shell:Creating environment hook '/home/olympusforge/ros2_frost/install/v4l2_camera/share/v4l2_camera/hook/cmake_prefix_path.ps1'
[1.455s] INFO:colcon.colcon_core.shell:Creating environment descriptor '/home/olympusforge/ros2_frost/install/v4l2_camera/share/v4l2_camera/hook/cmake_prefix_path.dsv'
[1.456s] INFO:colcon.colcon_core.shell:Creating environment hook '/home/olympusforge/ros2_frost/install/v4l2_camera/share/v4l2_camera/hook/cmake_prefix_path.sh'
[1.456s] Level 1:colcon.colcon_core.environment:checking '/home/olympusforge/ros2_frost/install/v4l2_camera/lib'
[1.456s] Level 1:colcon.colcon_core.shell:create_environment_hook('v4l2_camera', 'ld_library_path_lib')
[1.456s] INFO:colcon.colcon_core.shell:Creating environment hook '/home/olympusforge/ros2_frost/install/v4l2_camera/share/v4l2_camera/hook/ld_library_path_lib.ps1'
[1.463s] INFO:colcon.colcon_core.shell:Creating environment descriptor '/home/olympusforge/ros2_frost/install/v4l2_camera/share/v4l2_camera/hook/ld_library_path_lib.dsv'
[1.463s] INFO:colcon.colcon_core.shell:Creating environment hook '/home/olympusforge/ros2_frost/install/v4l2_camera/share/v4l2_camera/hook/ld_library_path_lib.sh'
[1.464s] Level 1:colcon.colcon_core.environment:checking '/home/olympusforge/ros2_frost/install/v4l2_camera/bin'
[1.464s] Level 1:colcon.colcon_core.environment:checking '/home/olympusforge/ros2_frost/install/v4l2_camera/lib/pkgconfig/v4l2_camera.pc'
[1.464s] Level 1:colcon.colcon_core.environment:checking '/home/olympusforge/ros2_frost/install/v4l2_camera/lib/python3.10/site-packages'
[1.464s] Level 1:colcon.colcon_core.environment:checking '/home/olympusforge/ros2_frost/install/v4l2_camera/bin'
[1.464s] INFO:colcon.colcon_core.shell:Creating package script '/home/olympusforge/ros2_frost/install/v4l2_camera/share/v4l2_camera/package.ps1'
[1.465s] INFO:colcon.colcon_core.shell:Creating package descriptor '/home/olympusforge/ros2_frost/install/v4l2_camera/share/v4l2_camera/package.dsv'
[1.465s] INFO:colcon.colcon_core.shell:Creating package script '/home/olympusforge/ros2_frost/install/v4l2_camera/share/v4l2_camera/package.sh'
[1.466s] INFO:colcon.colcon_core.shell:Creating package script '/home/olympusforge/ros2_frost/install/v4l2_camera/share/v4l2_camera/package.bash'
[1.466s] INFO:colcon.colcon_core.shell:Creating package script '/home/olympusforge/ros2_frost/install/v4l2_camera/share/v4l2_camera/package.zsh'
[1.467s] Level 1:colcon.colcon_core.environment:create_file_with_runtime_dependencies(/home/olympusforge/ros2_frost/install/v4l2_camera/share/colcon-core/packages/v4l2_camera)
[1.506s] DEBUG:colcon.colcon_core.event_handler.log_command:Invoked command in '/home/olympusforge/ros2_frost/build/ydlidar_ros2_driver' returned '1': CMAKE_PREFIX_PATH=${CMAKE_PREFIX_PATH}:/home/olympusforge/ros2_frost/install/tortoisebot_control:/opt/ros/humble /usr/bin/cmake /home/olympusforge/ros2_frost/src/tortoisebot/ydlidar_ros2_driver -DAMENT_CMAKE_SYMLINK_INSTALL=1 -DCMAKE_INSTALL_PREFIX=/home/olympusforge/ros2_frost/install/ydlidar_ros2_driver
[1.521s] Level 1:colcon.colcon_core.environment:create_environment_scripts_only(ydlidar_ros2_driver)
[1.522s] Level 1:colcon.colcon_core.environment:checking '/home/olympusforge/ros2_frost/install/ydlidar_ros2_driver' for CMake module files
[1.522s] Level 1:colcon.colcon_core.environment:checking '/home/olympusforge/ros2_frost/install/ydlidar_ros2_driver' for CMake config files
[1.522s] Level 1:colcon.colcon_core.environment:checking '/home/olympusforge/ros2_frost/install/ydlidar_ros2_driver/bin'
[1.522s] Level 1:colcon.colcon_core.environment:checking '/home/olympusforge/ros2_frost/install/ydlidar_ros2_driver/lib/pkgconfig/ydlidar_ros2_driver.pc'
[1.522s] Level 1:colcon.colcon_core.environment:checking '/home/olympusforge/ros2_frost/install/ydlidar_ros2_driver/lib/python3.10/site-packages'
[1.522s] Level 1:colcon.colcon_core.environment:checking '/home/olympusforge/ros2_frost/install/ydlidar_ros2_driver/bin'
[1.523s] INFO:colcon.colcon_core.shell:Creating package script '/home/olympusforge/ros2_frost/install/ydlidar_ros2_driver/share/ydlidar_ros2_driver/package.ps1'
[1.523s] INFO:colcon.colcon_core.shell:Creating package descriptor '/home/olympusforge/ros2_frost/install/ydlidar_ros2_driver/share/ydlidar_ros2_driver/package.dsv'
[1.524s] INFO:colcon.colcon_core.shell:Creating package script '/home/olympusforge/ros2_frost/install/ydlidar_ros2_driver/share/ydlidar_ros2_driver/package.sh'
[1.524s] INFO:colcon.colcon_core.shell:Creating package script '/home/olympusforge/ros2_frost/install/ydlidar_ros2_driver/share/ydlidar_ros2_driver/package.bash'
[1.525s] INFO:colcon.colcon_core.shell:Creating package script '/home/olympusforge/ros2_frost/install/ydlidar_ros2_driver/share/ydlidar_ros2_driver/package.zsh'
[1.525s] Level 1:colcon.colcon_core.environment:create_file_with_runtime_dependencies(/home/olympusforge/ros2_frost/install/ydlidar_ros2_driver/share/colcon-core/packages/ydlidar_ros2_driver)
[1.610s] DEBUG:colcon.colcon_parallel_executor.executor.parallel:closing loop
[1.610s] DEBUG:colcon.colcon_parallel_executor.executor.parallel:loop closed
[1.610s] DEBUG:colcon.colcon_parallel_executor.executor.parallel:run_until_complete finished with '1'
[1.610s] DEBUG:colcon.colcon_core.event_reactor:joining thread
[1.617s] INFO:colcon.colcon_core.plugin_system:Skipping extension 'colcon_notification.desktop_notification.terminal_notifier': Not used on non-Darwin systems
[1.617s] INFO:colcon.colcon_core.plugin_system:Skipping extension 'colcon_notification.desktop_notification.win32': Not used on non-Windows systems
[1.618s] INFO:colcon.colcon_notification.desktop_notification:Sending desktop notification using 'notify2'
[1.629s] DEBUG:colcon.colcon_core.event_reactor:joined thread
[1.629s] INFO:colcon.colcon_core.shell:Creating prefix script '/home/olympusforge/ros2_frost/install/local_setup.ps1'
[1.630s] INFO:colcon.colcon_core.shell:Creating prefix util module '/home/olympusforge/ros2_frost/install/_local_setup_util_ps1.py'
[1.631s] INFO:colcon.colcon_core.shell:Creating prefix chain script '/home/olympusforge/ros2_frost/install/setup.ps1'
[1.632s] INFO:colcon.colcon_core.shell:Creating prefix script '/home/olympusforge/ros2_frost/install/local_setup.sh'
[1.633s] INFO:colcon.colcon_core.shell:Creating prefix util module '/home/olympusforge/ros2_frost/install/_local_setup_util_sh.py'
[1.633s] INFO:colcon.colcon_core.shell:Creating prefix chain script '/home/olympusforge/ros2_frost/install/setup.sh'
[1.634s] INFO:colcon.colcon_core.shell:Creating prefix script '/home/olympusforge/ros2_frost/install/local_setup.bash'
[1.635s] INFO:colcon.colcon_core.shell:Creating prefix chain script '/home/olympusforge/ros2_frost/install/setup.bash'
[1.636s] INFO:colcon.colcon_core.shell:Creating prefix script '/home/olympusforge/ros2_frost/install/local_setup.zsh'
[1.636s] INFO:colcon.colcon_core.shell:Creating prefix chain script '/home/olympusforge/ros2_frost/install/setup.zsh'
