[0.070s] DEBUG:colcon:Command line arguments: ['/usr/bin/colcon', 'build', '--packages-select', 'nav2_amcl']
[0.070s] DEBUG:colcon:Parsed command line arguments: Namespace(log_base=None, log_level=None, verb_name='build', build_base='build', install_base='install', merge_install=False, symlink_install=False, test_result_base=None, continue_on_error=False, executor='parallel', parallel_workers=8, event_handlers=None, ignore_user_meta=False, metas=['./colcon.meta'], base_paths=['.'], packages_ignore=None, packages_ignore_regex=None, paths=None, packages_up_to=None, packages_up_to_regex=None, packages_above=None, packages_above_and_dependencies=None, packages_above_depth=None, packages_select_by_dep=None, packages_skip_by_dep=None, packages_skip_up_to=None, packages_select_build_failed=False, packages_skip_build_finished=False, packages_select_test_failures=False, packages_skip_test_passed=False, packages_select=['nav2_amcl'], packages_skip=None, packages_select_regex=None, packages_skip_regex=None, packages_start=None, packages_end=None, allow_overriding=[], cmake_args=None, cmake_target=None, cmake_target_skip_unavailable=False, cmake_clean_cache=False, cmake_clean_first=False, cmake_force_configure=False, ament_cmake_args=None, catkin_cmake_args=None, catkin_skip_building_tests=False, mixin_files=None, mixin=None, verb_parser=<colcon_mixin.mixin.mixin_argument.MixinArgumentDecorator object at 0x7638c4c6ac50>, verb_extension=<colcon_core.verb.build.BuildVerb object at 0x7638c4d5bbe0>, main=<bound method BuildVerb.main of <colcon_core.verb.build.BuildVerb object at 0x7638c4d5bbe0>>, mixin_verb=('build',))
[0.176s] Level 1:colcon.colcon_core.package_discovery:discover_packages(colcon_meta) check parameters
[0.176s] Level 1:colcon.colcon_core.package_discovery:discover_packages(recursive) check parameters
[0.176s] Level 1:colcon.colcon_core.package_discovery:discover_packages(ignore) check parameters
[0.176s] Level 1:colcon.colcon_core.package_discovery:discover_packages(path) check parameters
[0.176s] Level 1:colcon.colcon_core.package_discovery:discover_packages(colcon_meta) discover
[0.176s] Level 1:colcon.colcon_core.package_discovery:discover_packages(recursive) discover
[0.176s] INFO:colcon.colcon_core.package_discovery:Crawling recursively for packages in '/home/olympusforge/ros2_frost'
[0.176s] Level 1:colcon.colcon_core.package_identification:_identify(.) by extensions ['ignore', 'ignore_ament_install']
[0.176s] Level 1:colcon.colcon_core.package_identification:_identify(.) by extension 'ignore'
[0.177s] Level 1:colcon.colcon_core.package_identification:_identify(.) by extension 'ignore_ament_install'
[0.177s] Level 1:colcon.colcon_core.package_identification:_identify(.) by extensions ['colcon_pkg']
[0.177s] Level 1:colcon.colcon_core.package_identification:_identify(.) by extension 'colcon_pkg'
[0.177s] Level 1:colcon.colcon_core.package_identification:_identify(.) by extensions ['colcon_meta']
[0.177s] Level 1:colcon.colcon_core.package_identification:_identify(.) by extension 'colcon_meta'
[0.177s] Level 1:colcon.colcon_core.package_identification:_identify(.) by extensions ['ros']
[0.177s] Level 1:colcon.colcon_core.package_identification:_identify(.) by extension 'ros'
[0.187s] Level 1:colcon.colcon_core.package_identification:_identify(.) by extensions ['cmake', 'python']
[0.187s] Level 1:colcon.colcon_core.package_identification:_identify(.) by extension 'cmake'
[0.187s] Level 1:colcon.colcon_core.package_identification:_identify(.) by extension 'python'
[0.187s] Level 1:colcon.colcon_core.package_identification:_identify(.) by extensions ['python_setup_py']
[0.187s] Level 1:colcon.colcon_core.package_identification:_identify(.) by extension 'python_setup_py'
[0.187s] Level 1:colcon.colcon_core.package_identification:_identify(build) by extensions ['ignore', 'ignore_ament_install']
[0.187s] Level 1:colcon.colcon_core.package_identification:_identify(build) by extension 'ignore'
[0.187s] Level 1:colcon.colcon_core.package_identification:_identify(build) ignored
[0.187s] Level 1:colcon.colcon_core.package_identification:_identify(install) by extensions ['ignore', 'ignore_ament_install']
[0.187s] Level 1:colcon.colcon_core.package_identification:_identify(install) by extension 'ignore'
[0.187s] Level 1:colcon.colcon_core.package_identification:_identify(install) ignored
[0.187s] Level 1:colcon.colcon_core.package_identification:_identify(log) by extensions ['ignore', 'ignore_ament_install']
[0.188s] Level 1:colcon.colcon_core.package_identification:_identify(log) by extension 'ignore'
[0.188s] Level 1:colcon.colcon_core.package_identification:_identify(log) ignored
[0.188s] Level 1:colcon.colcon_core.package_identification:_identify(src) by extensions ['ignore', 'ignore_ament_install']
[0.188s] Level 1:colcon.colcon_core.package_identification:_identify(src) by extension 'ignore'
[0.188s] Level 1:colcon.colcon_core.package_identification:_identify(src) by extension 'ignore_ament_install'
[0.188s] Level 1:colcon.colcon_core.package_identification:_identify(src) by extensions ['colcon_pkg']
[0.188s] Level 1:colcon.colcon_core.package_identification:_identify(src) by extension 'colcon_pkg'
[0.188s] Level 1:colcon.colcon_core.package_identification:_identify(src) by extensions ['colcon_meta']
[0.188s] Level 1:colcon.colcon_core.package_identification:_identify(src) by extension 'colcon_meta'
[0.188s] Level 1:colcon.colcon_core.package_identification:_identify(src) by extensions ['ros']
[0.188s] Level 1:colcon.colcon_core.package_identification:_identify(src) by extension 'ros'
[0.188s] Level 1:colcon.colcon_core.package_identification:_identify(src) by extensions ['cmake', 'python']
[0.188s] Level 1:colcon.colcon_core.package_identification:_identify(src) by extension 'cmake'
[0.188s] Level 1:colcon.colcon_core.package_identification:_identify(src) by extension 'python'
[0.188s] Level 1:colcon.colcon_core.package_identification:_identify(src) by extensions ['python_setup_py']
[0.188s] Level 1:colcon.colcon_core.package_identification:_identify(src) by extension 'python_setup_py'
[0.188s] Level 1:colcon.colcon_core.package_identification:_identify(src/navigation2) by extensions ['ignore', 'ignore_ament_install']
[0.188s] Level 1:colcon.colcon_core.package_identification:_identify(src/navigation2) by extension 'ignore'
[0.188s] Level 1:colcon.colcon_core.package_identification:_identify(src/navigation2) by extension 'ignore_ament_install'
[0.188s] Level 1:colcon.colcon_core.package_identification:_identify(src/navigation2) by extensions ['colcon_pkg']
[0.188s] Level 1:colcon.colcon_core.package_identification:_identify(src/navigation2) by extension 'colcon_pkg'
[0.188s] Level 1:colcon.colcon_core.package_identification:_identify(src/navigation2) by extensions ['colcon_meta']
[0.188s] Level 1:colcon.colcon_core.package_identification:_identify(src/navigation2) by extension 'colcon_meta'
[0.188s] Level 1:colcon.colcon_core.package_identification:_identify(src/navigation2) by extensions ['ros']
[0.188s] Level 1:colcon.colcon_core.package_identification:_identify(src/navigation2) by extension 'ros'
[0.188s] Level 1:colcon.colcon_core.package_identification:_identify(src/navigation2) by extensions ['cmake', 'python']
[0.188s] Level 1:colcon.colcon_core.package_identification:_identify(src/navigation2) by extension 'cmake'
[0.188s] Level 1:colcon.colcon_core.package_identification:_identify(src/navigation2) by extension 'python'
[0.188s] Level 1:colcon.colcon_core.package_identification:_identify(src/navigation2) by extensions ['python_setup_py']
[0.188s] Level 1:colcon.colcon_core.package_identification:_identify(src/navigation2) by extension 'python_setup_py'
[0.189s] Level 1:colcon.colcon_core.package_identification:_identify(src/navigation2/doc) by extensions ['ignore', 'ignore_ament_install']
[0.189s] Level 1:colcon.colcon_core.package_identification:_identify(src/navigation2/doc) by extension 'ignore'
[0.189s] Level 1:colcon.colcon_core.package_identification:_identify(src/navigation2/doc) by extension 'ignore_ament_install'
[0.189s] Level 1:colcon.colcon_core.package_identification:_identify(src/navigation2/doc) by extensions ['colcon_pkg']
[0.189s] Level 1:colcon.colcon_core.package_identification:_identify(src/navigation2/doc) by extension 'colcon_pkg'
[0.189s] Level 1:colcon.colcon_core.package_identification:_identify(src/navigation2/doc) by extensions ['colcon_meta']
[0.189s] Level 1:colcon.colcon_core.package_identification:_identify(src/navigation2/doc) by extension 'colcon_meta'
[0.189s] Level 1:colcon.colcon_core.package_identification:_identify(src/navigation2/doc) by extensions ['ros']
[0.189s] Level 1:colcon.colcon_core.package_identification:_identify(src/navigation2/doc) by extension 'ros'
[0.189s] Level 1:colcon.colcon_core.package_identification:_identify(src/navigation2/doc) by extensions ['cmake', 'python']
[0.189s] Level 1:colcon.colcon_core.package_identification:_identify(src/navigation2/doc) by extension 'cmake'
[0.189s] Level 1:colcon.colcon_core.package_identification:_identify(src/navigation2/doc) by extension 'python'
[0.189s] Level 1:colcon.colcon_core.package_identification:_identify(src/navigation2/doc) by extensions ['python_setup_py']
[0.189s] Level 1:colcon.colcon_core.package_identification:_identify(src/navigation2/doc) by extension 'python_setup_py'
[0.189s] Level 1:colcon.colcon_core.package_identification:_identify(src/navigation2/doc/architecture) by extensions ['ignore', 'ignore_ament_install']
[0.189s] Level 1:colcon.colcon_core.package_identification:_identify(src/navigation2/doc/architecture) by extension 'ignore'
[0.189s] Level 1:colcon.colcon_core.package_identification:_identify(src/navigation2/doc/architecture) by extension 'ignore_ament_install'
[0.189s] Level 1:colcon.colcon_core.package_identification:_identify(src/navigation2/doc/architecture) by extensions ['colcon_pkg']
[0.189s] Level 1:colcon.colcon_core.package_identification:_identify(src/navigation2/doc/architecture) by extension 'colcon_pkg'
[0.189s] Level 1:colcon.colcon_core.package_identification:_identify(src/navigation2/doc/architecture) by extensions ['colcon_meta']
[0.189s] Level 1:colcon.colcon_core.package_identification:_identify(src/navigation2/doc/architecture) by extension 'colcon_meta'
[0.189s] Level 1:colcon.colcon_core.package_identification:_identify(src/navigation2/doc/architecture) by extensions ['ros']
[0.189s] Level 1:colcon.colcon_core.package_identification:_identify(src/navigation2/doc/architecture) by extension 'ros'
[0.189s] Level 1:colcon.colcon_core.package_identification:_identify(src/navigation2/doc/architecture) by extensions ['cmake', 'python']
[0.189s] Level 1:colcon.colcon_core.package_identification:_identify(src/navigation2/doc/architecture) by extension 'cmake'
[0.189s] Level 1:colcon.colcon_core.package_identification:_identify(src/navigation2/doc/architecture) by extension 'python'
[0.189s] Level 1:colcon.colcon_core.package_identification:_identify(src/navigation2/doc/architecture) by extensions ['python_setup_py']
[0.189s] Level 1:colcon.colcon_core.package_identification:_identify(src/navigation2/doc/architecture) by extension 'python_setup_py'
[0.189s] Level 1:colcon.colcon_core.package_identification:_identify(src/navigation2/doc/design) by extensions ['ignore', 'ignore_ament_install']
[0.190s] Level 1:colcon.colcon_core.package_identification:_identify(src/navigation2/doc/design) by extension 'ignore'
[0.190s] Level 1:colcon.colcon_core.package_identification:_identify(src/navigation2/doc/design) by extension 'ignore_ament_install'
[0.190s] Level 1:colcon.colcon_core.package_identification:_identify(src/navigation2/doc/design) by extensions ['colcon_pkg']
[0.190s] Level 1:colcon.colcon_core.package_identification:_identify(src/navigation2/doc/design) by extension 'colcon_pkg'
[0.190s] Level 1:colcon.colcon_core.package_identification:_identify(src/navigation2/doc/design) by extensions ['colcon_meta']
[0.190s] Level 1:colcon.colcon_core.package_identification:_identify(src/navigation2/doc/design) by extension 'colcon_meta'
[0.190s] Level 1:colcon.colcon_core.package_identification:_identify(src/navigation2/doc/design) by extensions ['ros']
[0.190s] Level 1:colcon.colcon_core.package_identification:_identify(src/navigation2/doc/design) by extension 'ros'
[0.190s] Level 1:colcon.colcon_core.package_identification:_identify(src/navigation2/doc/design) by extensions ['cmake', 'python']
[0.190s] Level 1:colcon.colcon_core.package_identification:_identify(src/navigation2/doc/design) by extension 'cmake'
[0.190s] Level 1:colcon.colcon_core.package_identification:_identify(src/navigation2/doc/design) by extension 'python'
[0.190s] Level 1:colcon.colcon_core.package_identification:_identify(src/navigation2/doc/design) by extensions ['python_setup_py']
[0.190s] Level 1:colcon.colcon_core.package_identification:_identify(src/navigation2/doc/design) by extension 'python_setup_py'
[0.190s] Level 1:colcon.colcon_core.package_identification:_identify(src/navigation2/doc/development) by extensions ['ignore', 'ignore_ament_install']
[0.191s] Level 1:colcon.colcon_core.package_identification:_identify(src/navigation2/doc/development) by extension 'ignore'
[0.191s] Level 1:colcon.colcon_core.package_identification:_identify(src/navigation2/doc/development) by extension 'ignore_ament_install'
[0.191s] Level 1:colcon.colcon_core.package_identification:_identify(src/navigation2/doc/development) by extensions ['colcon_pkg']
[0.191s] Level 1:colcon.colcon_core.package_identification:_identify(src/navigation2/doc/development) by extension 'colcon_pkg'
[0.191s] Level 1:colcon.colcon_core.package_identification:_identify(src/navigation2/doc/development) by extensions ['colcon_meta']
[0.191s] Level 1:colcon.colcon_core.package_identification:_identify(src/navigation2/doc/development) by extension 'colcon_meta'
[0.191s] Level 1:colcon.colcon_core.package_identification:_identify(src/navigation2/doc/development) by extensions ['ros']
[0.191s] Level 1:colcon.colcon_core.package_identification:_identify(src/navigation2/doc/development) by extension 'ros'
[0.191s] Level 1:colcon.colcon_core.package_identification:_identify(src/navigation2/doc/development) by extensions ['cmake', 'python']
[0.191s] Level 1:colcon.colcon_core.package_identification:_identify(src/navigation2/doc/development) by extension 'cmake'
[0.191s] Level 1:colcon.colcon_core.package_identification:_identify(src/navigation2/doc/development) by extension 'python'
[0.191s] Level 1:colcon.colcon_core.package_identification:_identify(src/navigation2/doc/development) by extensions ['python_setup_py']
[0.191s] Level 1:colcon.colcon_core.package_identification:_identify(src/navigation2/doc/development) by extension 'python_setup_py'
[0.191s] Level 1:colcon.colcon_core.package_identification:_identify(src/navigation2/doc/process) by extensions ['ignore', 'ignore_ament_install']
[0.191s] Level 1:colcon.colcon_core.package_identification:_identify(src/navigation2/doc/process) by extension 'ignore'
[0.191s] Level 1:colcon.colcon_core.package_identification:_identify(src/navigation2/doc/process) by extension 'ignore_ament_install'
[0.191s] Level 1:colcon.colcon_core.package_identification:_identify(src/navigation2/doc/process) by extensions ['colcon_pkg']
[0.191s] Level 1:colcon.colcon_core.package_identification:_identify(src/navigation2/doc/process) by extension 'colcon_pkg'
[0.191s] Level 1:colcon.colcon_core.package_identification:_identify(src/navigation2/doc/process) by extensions ['colcon_meta']
[0.191s] Level 1:colcon.colcon_core.package_identification:_identify(src/navigation2/doc/process) by extension 'colcon_meta'
[0.191s] Level 1:colcon.colcon_core.package_identification:_identify(src/navigation2/doc/process) by extensions ['ros']
[0.191s] Level 1:colcon.colcon_core.package_identification:_identify(src/navigation2/doc/process) by extension 'ros'
[0.191s] Level 1:colcon.colcon_core.package_identification:_identify(src/navigation2/doc/process) by extensions ['cmake', 'python']
[0.191s] Level 1:colcon.colcon_core.package_identification:_identify(src/navigation2/doc/process) by extension 'cmake'
[0.191s] Level 1:colcon.colcon_core.package_identification:_identify(src/navigation2/doc/process) by extension 'python'
[0.191s] Level 1:colcon.colcon_core.package_identification:_identify(src/navigation2/doc/process) by extensions ['python_setup_py']
[0.191s] Level 1:colcon.colcon_core.package_identification:_identify(src/navigation2/doc/process) by extension 'python_setup_py'
[0.191s] Level 1:colcon.colcon_core.package_identification:_identify(src/navigation2/doc/requirements) by extensions ['ignore', 'ignore_ament_install']
[0.192s] Level 1:colcon.colcon_core.package_identification:_identify(src/navigation2/doc/requirements) by extension 'ignore'
[0.192s] Level 1:colcon.colcon_core.package_identification:_identify(src/navigation2/doc/requirements) by extension 'ignore_ament_install'
[0.192s] Level 1:colcon.colcon_core.package_identification:_identify(src/navigation2/doc/requirements) by extensions ['colcon_pkg']
[0.192s] Level 1:colcon.colcon_core.package_identification:_identify(src/navigation2/doc/requirements) by extension 'colcon_pkg'
[0.192s] Level 1:colcon.colcon_core.package_identification:_identify(src/navigation2/doc/requirements) by extensions ['colcon_meta']
[0.192s] Level 1:colcon.colcon_core.package_identification:_identify(src/navigation2/doc/requirements) by extension 'colcon_meta'
[0.192s] Level 1:colcon.colcon_core.package_identification:_identify(src/navigation2/doc/requirements) by extensions ['ros']
[0.192s] Level 1:colcon.colcon_core.package_identification:_identify(src/navigation2/doc/requirements) by extension 'ros'
[0.192s] Level 1:colcon.colcon_core.package_identification:_identify(src/navigation2/doc/requirements) by extensions ['cmake', 'python']
[0.192s] Level 1:colcon.colcon_core.package_identification:_identify(src/navigation2/doc/requirements) by extension 'cmake'
[0.192s] Level 1:colcon.colcon_core.package_identification:_identify(src/navigation2/doc/requirements) by extension 'python'
[0.192s] Level 1:colcon.colcon_core.package_identification:_identify(src/navigation2/doc/requirements) by extensions ['python_setup_py']
[0.192s] Level 1:colcon.colcon_core.package_identification:_identify(src/navigation2/doc/requirements) by extension 'python_setup_py'
[0.192s] Level 1:colcon.colcon_core.package_identification:_identify(src/navigation2/doc/requirements/images) by extensions ['ignore', 'ignore_ament_install']
[0.193s] Level 1:colcon.colcon_core.package_identification:_identify(src/navigation2/doc/requirements/images) by extension 'ignore'
[0.193s] Level 1:colcon.colcon_core.package_identification:_identify(src/navigation2/doc/requirements/images) by extension 'ignore_ament_install'
[0.193s] Level 1:colcon.colcon_core.package_identification:_identify(src/navigation2/doc/requirements/images) by extensions ['colcon_pkg']
[0.193s] Level 1:colcon.colcon_core.package_identification:_identify(src/navigation2/doc/requirements/images) by extension 'colcon_pkg'
[0.193s] Level 1:colcon.colcon_core.package_identification:_identify(src/navigation2/doc/requirements/images) by extensions ['colcon_meta']
[0.193s] Level 1:colcon.colcon_core.package_identification:_identify(src/navigation2/doc/requirements/images) by extension 'colcon_meta'
[0.193s] Level 1:colcon.colcon_core.package_identification:_identify(src/navigation2/doc/requirements/images) by extensions ['ros']
[0.193s] Level 1:colcon.colcon_core.package_identification:_identify(src/navigation2/doc/requirements/images) by extension 'ros'
[0.193s] Level 1:colcon.colcon_core.package_identification:_identify(src/navigation2/doc/requirements/images) by extensions ['cmake', 'python']
[0.193s] Level 1:colcon.colcon_core.package_identification:_identify(src/navigation2/doc/requirements/images) by extension 'cmake'
[0.193s] Level 1:colcon.colcon_core.package_identification:_identify(src/navigation2/doc/requirements/images) by extension 'python'
[0.193s] Level 1:colcon.colcon_core.package_identification:_identify(src/navigation2/doc/requirements/images) by extensions ['python_setup_py']
[0.193s] Level 1:colcon.colcon_core.package_identification:_identify(src/navigation2/doc/requirements/images) by extension 'python_setup_py'
[0.193s] Level 1:colcon.colcon_core.package_identification:_identify(src/navigation2/doc/use_cases) by extensions ['ignore', 'ignore_ament_install']
[0.193s] Level 1:colcon.colcon_core.package_identification:_identify(src/navigation2/doc/use_cases) by extension 'ignore'
[0.193s] Level 1:colcon.colcon_core.package_identification:_identify(src/navigation2/doc/use_cases) by extension 'ignore_ament_install'
[0.193s] Level 1:colcon.colcon_core.package_identification:_identify(src/navigation2/doc/use_cases) by extensions ['colcon_pkg']
[0.193s] Level 1:colcon.colcon_core.package_identification:_identify(src/navigation2/doc/use_cases) by extension 'colcon_pkg'
[0.193s] Level 1:colcon.colcon_core.package_identification:_identify(src/navigation2/doc/use_cases) by extensions ['colcon_meta']
[0.193s] Level 1:colcon.colcon_core.package_identification:_identify(src/navigation2/doc/use_cases) by extension 'colcon_meta'
[0.193s] Level 1:colcon.colcon_core.package_identification:_identify(src/navigation2/doc/use_cases) by extensions ['ros']
[0.193s] Level 1:colcon.colcon_core.package_identification:_identify(src/navigation2/doc/use_cases) by extension 'ros'
[0.193s] Level 1:colcon.colcon_core.package_identification:_identify(src/navigation2/doc/use_cases) by extensions ['cmake', 'python']
[0.193s] Level 1:colcon.colcon_core.package_identification:_identify(src/navigation2/doc/use_cases) by extension 'cmake'
[0.193s] Level 1:colcon.colcon_core.package_identification:_identify(src/navigation2/doc/use_cases) by extension 'python'
[0.194s] Level 1:colcon.colcon_core.package_identification:_identify(src/navigation2/doc/use_cases) by extensions ['python_setup_py']
[0.194s] Level 1:colcon.colcon_core.package_identification:_identify(src/navigation2/doc/use_cases) by extension 'python_setup_py'
[0.194s] Level 1:colcon.colcon_core.package_identification:_identify(src/navigation2/nav2_amcl) by extensions ['ignore', 'ignore_ament_install']
[0.194s] Level 1:colcon.colcon_core.package_identification:_identify(src/navigation2/nav2_amcl) by extension 'ignore'
[0.194s] Level 1:colcon.colcon_core.package_identification:_identify(src/navigation2/nav2_amcl) by extension 'ignore_ament_install'
[0.194s] Level 1:colcon.colcon_core.package_identification:_identify(src/navigation2/nav2_amcl) by extensions ['colcon_pkg']
[0.194s] Level 1:colcon.colcon_core.package_identification:_identify(src/navigation2/nav2_amcl) by extension 'colcon_pkg'
[0.194s] Level 1:colcon.colcon_core.package_identification:_identify(src/navigation2/nav2_amcl) by extensions ['colcon_meta']
[0.194s] Level 1:colcon.colcon_core.package_identification:_identify(src/navigation2/nav2_amcl) by extension 'colcon_meta'
[0.194s] Level 1:colcon.colcon_core.package_identification:_identify(src/navigation2/nav2_amcl) by extensions ['ros']
[0.194s] Level 1:colcon.colcon_core.package_identification:_identify(src/navigation2/nav2_amcl) by extension 'ros'
[0.197s] DEBUG:colcon.colcon_core.package_identification:Package 'src/navigation2/nav2_amcl' with type 'ros.ament_cmake' and name 'nav2_amcl'
[0.197s] Level 1:colcon.colcon_core.package_identification:_identify(src/navigation2/nav2_behavior_tree) by extensions ['ignore', 'ignore_ament_install']
[0.197s] Level 1:colcon.colcon_core.package_identification:_identify(src/navigation2/nav2_behavior_tree) by extension 'ignore'
[0.197s] Level 1:colcon.colcon_core.package_identification:_identify(src/navigation2/nav2_behavior_tree) by extension 'ignore_ament_install'
[0.197s] Level 1:colcon.colcon_core.package_identification:_identify(src/navigation2/nav2_behavior_tree) by extensions ['colcon_pkg']
[0.197s] Level 1:colcon.colcon_core.package_identification:_identify(src/navigation2/nav2_behavior_tree) by extension 'colcon_pkg'
[0.197s] Level 1:colcon.colcon_core.package_identification:_identify(src/navigation2/nav2_behavior_tree) by extensions ['colcon_meta']
[0.197s] Level 1:colcon.colcon_core.package_identification:_identify(src/navigation2/nav2_behavior_tree) by extension 'colcon_meta'
[0.197s] Level 1:colcon.colcon_core.package_identification:_identify(src/navigation2/nav2_behavior_tree) by extensions ['ros']
[0.197s] Level 1:colcon.colcon_core.package_identification:_identify(src/navigation2/nav2_behavior_tree) by extension 'ros'
[0.198s] DEBUG:colcon.colcon_core.package_identification:Package 'src/navigation2/nav2_behavior_tree' with type 'ros.ament_cmake' and name 'nav2_behavior_tree'
[0.198s] Level 1:colcon.colcon_core.package_identification:_identify(src/navigation2/nav2_behaviors) by extensions ['ignore', 'ignore_ament_install']
[0.198s] Level 1:colcon.colcon_core.package_identification:_identify(src/navigation2/nav2_behaviors) by extension 'ignore'
[0.198s] Level 1:colcon.colcon_core.package_identification:_identify(src/navigation2/nav2_behaviors) by extension 'ignore_ament_install'
[0.198s] Level 1:colcon.colcon_core.package_identification:_identify(src/navigation2/nav2_behaviors) by extensions ['colcon_pkg']
[0.199s] Level 1:colcon.colcon_core.package_identification:_identify(src/navigation2/nav2_behaviors) by extension 'colcon_pkg'
[0.199s] Level 1:colcon.colcon_core.package_identification:_identify(src/navigation2/nav2_behaviors) by extensions ['colcon_meta']
[0.199s] Level 1:colcon.colcon_core.package_identification:_identify(src/navigation2/nav2_behaviors) by extension 'colcon_meta'
[0.199s] Level 1:colcon.colcon_core.package_identification:_identify(src/navigation2/nav2_behaviors) by extensions ['ros']
[0.199s] Level 1:colcon.colcon_core.package_identification:_identify(src/navigation2/nav2_behaviors) by extension 'ros'
[0.199s] DEBUG:colcon.colcon_core.package_identification:Package 'src/navigation2/nav2_behaviors' with type 'ros.ament_cmake' and name 'nav2_behaviors'
[0.200s] Level 1:colcon.colcon_core.package_identification:_identify(src/navigation2/nav2_bringup) by extensions ['ignore', 'ignore_ament_install']
[0.200s] Level 1:colcon.colcon_core.package_identification:_identify(src/navigation2/nav2_bringup) by extension 'ignore'
[0.200s] Level 1:colcon.colcon_core.package_identification:_identify(src/navigation2/nav2_bringup) by extension 'ignore_ament_install'
[0.200s] Level 1:colcon.colcon_core.package_identification:_identify(src/navigation2/nav2_bringup) by extensions ['colcon_pkg']
[0.200s] Level 1:colcon.colcon_core.package_identification:_identify(src/navigation2/nav2_bringup) by extension 'colcon_pkg'
[0.200s] Level 1:colcon.colcon_core.package_identification:_identify(src/navigation2/nav2_bringup) by extensions ['colcon_meta']
[0.200s] Level 1:colcon.colcon_core.package_identification:_identify(src/navigation2/nav2_bringup) by extension 'colcon_meta'
[0.200s] Level 1:colcon.colcon_core.package_identification:_identify(src/navigation2/nav2_bringup) by extensions ['ros']
[0.200s] Level 1:colcon.colcon_core.package_identification:_identify(src/navigation2/nav2_bringup) by extension 'ros'
[0.200s] DEBUG:colcon.colcon_core.package_identification:Package 'src/navigation2/nav2_bringup' with type 'ros.ament_cmake' and name 'nav2_bringup'
[0.201s] Level 1:colcon.colcon_core.package_identification:_identify(src/navigation2/nav2_bt_navigator) by extensions ['ignore', 'ignore_ament_install']
[0.201s] Level 1:colcon.colcon_core.package_identification:_identify(src/navigation2/nav2_bt_navigator) by extension 'ignore'
[0.201s] Level 1:colcon.colcon_core.package_identification:_identify(src/navigation2/nav2_bt_navigator) by extension 'ignore_ament_install'
[0.201s] Level 1:colcon.colcon_core.package_identification:_identify(src/navigation2/nav2_bt_navigator) by extensions ['colcon_pkg']
[0.201s] Level 1:colcon.colcon_core.package_identification:_identify(src/navigation2/nav2_bt_navigator) by extension 'colcon_pkg'
[0.201s] Level 1:colcon.colcon_core.package_identification:_identify(src/navigation2/nav2_bt_navigator) by extensions ['colcon_meta']
[0.201s] Level 1:colcon.colcon_core.package_identification:_identify(src/navigation2/nav2_bt_navigator) by extension 'colcon_meta'
[0.201s] Level 1:colcon.colcon_core.package_identification:_identify(src/navigation2/nav2_bt_navigator) by extensions ['ros']
[0.201s] Level 1:colcon.colcon_core.package_identification:_identify(src/navigation2/nav2_bt_navigator) by extension 'ros'
[0.202s] DEBUG:colcon.colcon_core.package_identification:Package 'src/navigation2/nav2_bt_navigator' with type 'ros.ament_cmake' and name 'nav2_bt_navigator'
[0.203s] Level 1:colcon.colcon_core.package_identification:_identify(src/navigation2/nav2_collision_monitor) by extensions ['ignore', 'ignore_ament_install']
[0.203s] Level 1:colcon.colcon_core.package_identification:_identify(src/navigation2/nav2_collision_monitor) by extension 'ignore'
[0.203s] Level 1:colcon.colcon_core.package_identification:_identify(src/navigation2/nav2_collision_monitor) by extension 'ignore_ament_install'
[0.203s] Level 1:colcon.colcon_core.package_identification:_identify(src/navigation2/nav2_collision_monitor) by extensions ['colcon_pkg']
[0.203s] Level 1:colcon.colcon_core.package_identification:_identify(src/navigation2/nav2_collision_monitor) by extension 'colcon_pkg'
[0.203s] Level 1:colcon.colcon_core.package_identification:_identify(src/navigation2/nav2_collision_monitor) by extensions ['colcon_meta']
[0.203s] Level 1:colcon.colcon_core.package_identification:_identify(src/navigation2/nav2_collision_monitor) by extension 'colcon_meta'
[0.203s] Level 1:colcon.colcon_core.package_identification:_identify(src/navigation2/nav2_collision_monitor) by extensions ['ros']
[0.203s] Level 1:colcon.colcon_core.package_identification:_identify(src/navigation2/nav2_collision_monitor) by extension 'ros'
[0.204s] DEBUG:colcon.colcon_core.package_identification:Package 'src/navigation2/nav2_collision_monitor' with type 'ros.ament_cmake' and name 'nav2_collision_monitor'
[0.204s] Level 1:colcon.colcon_core.package_identification:_identify(src/navigation2/nav2_common) by extensions ['ignore', 'ignore_ament_install']
[0.204s] Level 1:colcon.colcon_core.package_identification:_identify(src/navigation2/nav2_common) by extension 'ignore'
[0.204s] Level 1:colcon.colcon_core.package_identification:_identify(src/navigation2/nav2_common) by extension 'ignore_ament_install'
[0.204s] Level 1:colcon.colcon_core.package_identification:_identify(src/navigation2/nav2_common) by extensions ['colcon_pkg']
[0.204s] Level 1:colcon.colcon_core.package_identification:_identify(src/navigation2/nav2_common) by extension 'colcon_pkg'
[0.204s] Level 1:colcon.colcon_core.package_identification:_identify(src/navigation2/nav2_common) by extensions ['colcon_meta']
[0.204s] Level 1:colcon.colcon_core.package_identification:_identify(src/navigation2/nav2_common) by extension 'colcon_meta'
[0.204s] Level 1:colcon.colcon_core.package_identification:_identify(src/navigation2/nav2_common) by extensions ['ros']
[0.204s] Level 1:colcon.colcon_core.package_identification:_identify(src/navigation2/nav2_common) by extension 'ros'
[0.205s] DEBUG:colcon.colcon_core.package_identification:Package 'src/navigation2/nav2_common' with type 'ros.ament_cmake' and name 'nav2_common'
[0.205s] Level 1:colcon.colcon_core.package_identification:_identify(src/navigation2/nav2_constrained_smoother) by extensions ['ignore', 'ignore_ament_install']
[0.205s] Level 1:colcon.colcon_core.package_identification:_identify(src/navigation2/nav2_constrained_smoother) by extension 'ignore'
[0.205s] Level 1:colcon.colcon_core.package_identification:_identify(src/navigation2/nav2_constrained_smoother) by extension 'ignore_ament_install'
[0.205s] Level 1:colcon.colcon_core.package_identification:_identify(src/navigation2/nav2_constrained_smoother) by extensions ['colcon_pkg']
[0.205s] Level 1:colcon.colcon_core.package_identification:_identify(src/navigation2/nav2_constrained_smoother) by extension 'colcon_pkg'
[0.205s] Level 1:colcon.colcon_core.package_identification:_identify(src/navigation2/nav2_constrained_smoother) by extensions ['colcon_meta']
[0.205s] Level 1:colcon.colcon_core.package_identification:_identify(src/navigation2/nav2_constrained_smoother) by extension 'colcon_meta'
[0.205s] Level 1:colcon.colcon_core.package_identification:_identify(src/navigation2/nav2_constrained_smoother) by extensions ['ros']
[0.205s] Level 1:colcon.colcon_core.package_identification:_identify(src/navigation2/nav2_constrained_smoother) by extension 'ros'
[0.206s] DEBUG:colcon.colcon_core.package_identification:Package 'src/navigation2/nav2_constrained_smoother' with type 'ros.ament_cmake' and name 'nav2_constrained_smoother'
[0.206s] Level 1:colcon.colcon_core.package_identification:_identify(src/navigation2/nav2_controller) by extensions ['ignore', 'ignore_ament_install']
[0.206s] Level 1:colcon.colcon_core.package_identification:_identify(src/navigation2/nav2_controller) by extension 'ignore'
[0.206s] Level 1:colcon.colcon_core.package_identification:_identify(src/navigation2/nav2_controller) by extension 'ignore_ament_install'
[0.206s] Level 1:colcon.colcon_core.package_identification:_identify(src/navigation2/nav2_controller) by extensions ['colcon_pkg']
[0.206s] Level 1:colcon.colcon_core.package_identification:_identify(src/navigation2/nav2_controller) by extension 'colcon_pkg'
[0.206s] Level 1:colcon.colcon_core.package_identification:_identify(src/navigation2/nav2_controller) by extensions ['colcon_meta']
[0.206s] Level 1:colcon.colcon_core.package_identification:_identify(src/navigation2/nav2_controller) by extension 'colcon_meta'
[0.206s] Level 1:colcon.colcon_core.package_identification:_identify(src/navigation2/nav2_controller) by extensions ['ros']
[0.206s] Level 1:colcon.colcon_core.package_identification:_identify(src/navigation2/nav2_controller) by extension 'ros'
[0.215s] DEBUG:colcon.colcon_core.package_identification:Package 'src/navigation2/nav2_controller' with type 'ros.ament_cmake' and name 'nav2_controller'
[0.215s] Level 1:colcon.colcon_core.package_identification:_identify(src/navigation2/nav2_core) by extensions ['ignore', 'ignore_ament_install']
[0.215s] Level 1:colcon.colcon_core.package_identification:_identify(src/navigation2/nav2_core) by extension 'ignore'
[0.215s] Level 1:colcon.colcon_core.package_identification:_identify(src/navigation2/nav2_core) by extension 'ignore_ament_install'
[0.215s] Level 1:colcon.colcon_core.package_identification:_identify(src/navigation2/nav2_core) by extensions ['colcon_pkg']
[0.215s] Level 1:colcon.colcon_core.package_identification:_identify(src/navigation2/nav2_core) by extension 'colcon_pkg'
[0.215s] Level 1:colcon.colcon_core.package_identification:_identify(src/navigation2/nav2_core) by extensions ['colcon_meta']
[0.215s] Level 1:colcon.colcon_core.package_identification:_identify(src/navigation2/nav2_core) by extension 'colcon_meta'
[0.215s] Level 1:colcon.colcon_core.package_identification:_identify(src/navigation2/nav2_core) by extensions ['ros']
[0.215s] Level 1:colcon.colcon_core.package_identification:_identify(src/navigation2/nav2_core) by extension 'ros'
[0.216s] DEBUG:colcon.colcon_core.package_identification:Package 'src/navigation2/nav2_core' with type 'ros.ament_cmake' and name 'nav2_core'
[0.216s] Level 1:colcon.colcon_core.package_identification:_identify(src/navigation2/nav2_costmap_2d) by extensions ['ignore', 'ignore_ament_install']
[0.216s] Level 1:colcon.colcon_core.package_identification:_identify(src/navigation2/nav2_costmap_2d) by extension 'ignore'
[0.216s] Level 1:colcon.colcon_core.package_identification:_identify(src/navigation2/nav2_costmap_2d) by extension 'ignore_ament_install'
[0.216s] Level 1:colcon.colcon_core.package_identification:_identify(src/navigation2/nav2_costmap_2d) by extensions ['colcon_pkg']
[0.216s] Level 1:colcon.colcon_core.package_identification:_identify(src/navigation2/nav2_costmap_2d) by extension 'colcon_pkg'
[0.216s] Level 1:colcon.colcon_core.package_identification:_identify(src/navigation2/nav2_costmap_2d) by extensions ['colcon_meta']
[0.216s] Level 1:colcon.colcon_core.package_identification:_identify(src/navigation2/nav2_costmap_2d) by extension 'colcon_meta'
[0.216s] Level 1:colcon.colcon_core.package_identification:_identify(src/navigation2/nav2_costmap_2d) by extensions ['ros']
[0.216s] Level 1:colcon.colcon_core.package_identification:_identify(src/navigation2/nav2_costmap_2d) by extension 'ros'
[0.217s] DEBUG:colcon.colcon_core.package_identification:Package 'src/navigation2/nav2_costmap_2d' with type 'ros.ament_cmake' and name 'nav2_costmap_2d'
[0.218s] Level 1:colcon.colcon_core.package_identification:_identify(src/navigation2/nav2_docking) by extensions ['ignore', 'ignore_ament_install']
[0.218s] Level 1:colcon.colcon_core.package_identification:_identify(src/navigation2/nav2_docking) by extension 'ignore'
[0.218s] Level 1:colcon.colcon_core.package_identification:_identify(src/navigation2/nav2_docking) by extension 'ignore_ament_install'
[0.218s] Level 1:colcon.colcon_core.package_identification:_identify(src/navigation2/nav2_docking) by extensions ['colcon_pkg']
[0.218s] Level 1:colcon.colcon_core.package_identification:_identify(src/navigation2/nav2_docking) by extension 'colcon_pkg'
[0.218s] Level 1:colcon.colcon_core.package_identification:_identify(src/navigation2/nav2_docking) by extensions ['colcon_meta']
[0.218s] Level 1:colcon.colcon_core.package_identification:_identify(src/navigation2/nav2_docking) by extension 'colcon_meta'
[0.218s] Level 1:colcon.colcon_core.package_identification:_identify(src/navigation2/nav2_docking) by extensions ['ros']
[0.218s] Level 1:colcon.colcon_core.package_identification:_identify(src/navigation2/nav2_docking) by extension 'ros'
[0.218s] Level 1:colcon.colcon_core.package_identification:_identify(src/navigation2/nav2_docking) by extensions ['cmake', 'python']
[0.218s] Level 1:colcon.colcon_core.package_identification:_identify(src/navigation2/nav2_docking) by extension 'cmake'
[0.218s] Level 1:colcon.colcon_core.package_identification:_identify(src/navigation2/nav2_docking) by extension 'python'
[0.218s] Level 1:colcon.colcon_core.package_identification:_identify(src/navigation2/nav2_docking) by extensions ['python_setup_py']
[0.218s] Level 1:colcon.colcon_core.package_identification:_identify(src/navigation2/nav2_docking) by extension 'python_setup_py'
[0.219s] Level 1:colcon.colcon_core.package_identification:_identify(src/navigation2/nav2_docking/docs) by extensions ['ignore', 'ignore_ament_install']
[0.219s] Level 1:colcon.colcon_core.package_identification:_identify(src/navigation2/nav2_docking/docs) by extension 'ignore'
[0.219s] Level 1:colcon.colcon_core.package_identification:_identify(src/navigation2/nav2_docking/docs) by extension 'ignore_ament_install'
[0.219s] Level 1:colcon.colcon_core.package_identification:_identify(src/navigation2/nav2_docking/docs) by extensions ['colcon_pkg']
[0.219s] Level 1:colcon.colcon_core.package_identification:_identify(src/navigation2/nav2_docking/docs) by extension 'colcon_pkg'
[0.219s] Level 1:colcon.colcon_core.package_identification:_identify(src/navigation2/nav2_docking/docs) by extensions ['colcon_meta']
[0.219s] Level 1:colcon.colcon_core.package_identification:_identify(src/navigation2/nav2_docking/docs) by extension 'colcon_meta'
[0.219s] Level 1:colcon.colcon_core.package_identification:_identify(src/navigation2/nav2_docking/docs) by extensions ['ros']
[0.219s] Level 1:colcon.colcon_core.package_identification:_identify(src/navigation2/nav2_docking/docs) by extension 'ros'
[0.219s] Level 1:colcon.colcon_core.package_identification:_identify(src/navigation2/nav2_docking/docs) by extensions ['cmake', 'python']
[0.219s] Level 1:colcon.colcon_core.package_identification:_identify(src/navigation2/nav2_docking/docs) by extension 'cmake'
[0.219s] Level 1:colcon.colcon_core.package_identification:_identify(src/navigation2/nav2_docking/docs) by extension 'python'
[0.219s] Level 1:colcon.colcon_core.package_identification:_identify(src/navigation2/nav2_docking/docs) by extensions ['python_setup_py']
[0.219s] Level 1:colcon.colcon_core.package_identification:_identify(src/navigation2/nav2_docking/docs) by extension 'python_setup_py'
[0.219s] Level 1:colcon.colcon_core.package_identification:_identify(src/navigation2/nav2_docking/opennav_docking) by extensions ['ignore', 'ignore_ament_install']
[0.219s] Level 1:colcon.colcon_core.package_identification:_identify(src/navigation2/nav2_docking/opennav_docking) by extension 'ignore'
[0.219s] Level 1:colcon.colcon_core.package_identification:_identify(src/navigation2/nav2_docking/opennav_docking) by extension 'ignore_ament_install'
[0.219s] Level 1:colcon.colcon_core.package_identification:_identify(src/navigation2/nav2_docking/opennav_docking) by extensions ['colcon_pkg']
[0.219s] Level 1:colcon.colcon_core.package_identification:_identify(src/navigation2/nav2_docking/opennav_docking) by extension 'colcon_pkg'
[0.219s] Level 1:colcon.colcon_core.package_identification:_identify(src/navigation2/nav2_docking/opennav_docking) by extensions ['colcon_meta']
[0.219s] Level 1:colcon.colcon_core.package_identification:_identify(src/navigation2/nav2_docking/opennav_docking) by extension 'colcon_meta'
[0.220s] Level 1:colcon.colcon_core.package_identification:_identify(src/navigation2/nav2_docking/opennav_docking) by extensions ['ros']
[0.220s] Level 1:colcon.colcon_core.package_identification:_identify(src/navigation2/nav2_docking/opennav_docking) by extension 'ros'
[0.221s] DEBUG:colcon.colcon_core.package_identification:Package 'src/navigation2/nav2_docking/opennav_docking' with type 'ros.ament_cmake' and name 'opennav_docking'
[0.221s] Level 1:colcon.colcon_core.package_identification:_identify(src/navigation2/nav2_docking/opennav_docking_bt) by extensions ['ignore', 'ignore_ament_install']
[0.221s] Level 1:colcon.colcon_core.package_identification:_identify(src/navigation2/nav2_docking/opennav_docking_bt) by extension 'ignore'
[0.221s] Level 1:colcon.colcon_core.package_identification:_identify(src/navigation2/nav2_docking/opennav_docking_bt) by extension 'ignore_ament_install'
[0.221s] Level 1:colcon.colcon_core.package_identification:_identify(src/navigation2/nav2_docking/opennav_docking_bt) by extensions ['colcon_pkg']
[0.221s] Level 1:colcon.colcon_core.package_identification:_identify(src/navigation2/nav2_docking/opennav_docking_bt) by extension 'colcon_pkg'
[0.221s] Level 1:colcon.colcon_core.package_identification:_identify(src/navigation2/nav2_docking/opennav_docking_bt) by extensions ['colcon_meta']
[0.221s] Level 1:colcon.colcon_core.package_identification:_identify(src/navigation2/nav2_docking/opennav_docking_bt) by extension 'colcon_meta'
[0.221s] Level 1:colcon.colcon_core.package_identification:_identify(src/navigation2/nav2_docking/opennav_docking_bt) by extensions ['ros']
[0.221s] Level 1:colcon.colcon_core.package_identification:_identify(src/navigation2/nav2_docking/opennav_docking_bt) by extension 'ros'
[0.222s] DEBUG:colcon.colcon_core.package_identification:Package 'src/navigation2/nav2_docking/opennav_docking_bt' with type 'ros.ament_cmake' and name 'opennav_docking_bt'
[0.222s] Level 1:colcon.colcon_core.package_identification:_identify(src/navigation2/nav2_docking/opennav_docking_core) by extensions ['ignore', 'ignore_ament_install']
[0.222s] Level 1:colcon.colcon_core.package_identification:_identify(src/navigation2/nav2_docking/opennav_docking_core) by extension 'ignore'
[0.222s] Level 1:colcon.colcon_core.package_identification:_identify(src/navigation2/nav2_docking/opennav_docking_core) by extension 'ignore_ament_install'
[0.222s] Level 1:colcon.colcon_core.package_identification:_identify(src/navigation2/nav2_docking/opennav_docking_core) by extensions ['colcon_pkg']
[0.222s] Level 1:colcon.colcon_core.package_identification:_identify(src/navigation2/nav2_docking/opennav_docking_core) by extension 'colcon_pkg'
[0.222s] Level 1:colcon.colcon_core.package_identification:_identify(src/navigation2/nav2_docking/opennav_docking_core) by extensions ['colcon_meta']
[0.222s] Level 1:colcon.colcon_core.package_identification:_identify(src/navigation2/nav2_docking/opennav_docking_core) by extension 'colcon_meta'
[0.222s] Level 1:colcon.colcon_core.package_identification:_identify(src/navigation2/nav2_docking/opennav_docking_core) by extensions ['ros']
[0.222s] Level 1:colcon.colcon_core.package_identification:_identify(src/navigation2/nav2_docking/opennav_docking_core) by extension 'ros'
[0.223s] DEBUG:colcon.colcon_core.package_identification:Package 'src/navigation2/nav2_docking/opennav_docking_core' with type 'ros.ament_cmake' and name 'opennav_docking_core'
[0.223s] Level 1:colcon.colcon_core.package_identification:_identify(src/navigation2/nav2_dwb_controller) by extensions ['ignore', 'ignore_ament_install']
[0.223s] Level 1:colcon.colcon_core.package_identification:_identify(src/navigation2/nav2_dwb_controller) by extension 'ignore'
[0.223s] Level 1:colcon.colcon_core.package_identification:_identify(src/navigation2/nav2_dwb_controller) by extension 'ignore_ament_install'
[0.223s] Level 1:colcon.colcon_core.package_identification:_identify(src/navigation2/nav2_dwb_controller) by extensions ['colcon_pkg']
[0.223s] Level 1:colcon.colcon_core.package_identification:_identify(src/navigation2/nav2_dwb_controller) by extension 'colcon_pkg'
[0.223s] Level 1:colcon.colcon_core.package_identification:_identify(src/navigation2/nav2_dwb_controller) by extensions ['colcon_meta']
[0.223s] Level 1:colcon.colcon_core.package_identification:_identify(src/navigation2/nav2_dwb_controller) by extension 'colcon_meta'
[0.223s] Level 1:colcon.colcon_core.package_identification:_identify(src/navigation2/nav2_dwb_controller) by extensions ['ros']
[0.224s] Level 1:colcon.colcon_core.package_identification:_identify(src/navigation2/nav2_dwb_controller) by extension 'ros'
[0.224s] Level 1:colcon.colcon_core.package_identification:_identify(src/navigation2/nav2_dwb_controller) by extensions ['cmake', 'python']
[0.224s] Level 1:colcon.colcon_core.package_identification:_identify(src/navigation2/nav2_dwb_controller) by extension 'cmake'
[0.224s] Level 1:colcon.colcon_core.package_identification:_identify(src/navigation2/nav2_dwb_controller) by extension 'python'
[0.224s] Level 1:colcon.colcon_core.package_identification:_identify(src/navigation2/nav2_dwb_controller) by extensions ['python_setup_py']
[0.224s] Level 1:colcon.colcon_core.package_identification:_identify(src/navigation2/nav2_dwb_controller) by extension 'python_setup_py'
[0.225s] Level 1:colcon.colcon_core.package_identification:_identify(src/navigation2/nav2_dwb_controller/costmap_queue) by extensions ['ignore', 'ignore_ament_install']
[0.225s] Level 1:colcon.colcon_core.package_identification:_identify(src/navigation2/nav2_dwb_controller/costmap_queue) by extension 'ignore'
[0.225s] Level 1:colcon.colcon_core.package_identification:_identify(src/navigation2/nav2_dwb_controller/costmap_queue) by extension 'ignore_ament_install'
[0.225s] Level 1:colcon.colcon_core.package_identification:_identify(src/navigation2/nav2_dwb_controller/costmap_queue) by extensions ['colcon_pkg']
[0.225s] Level 1:colcon.colcon_core.package_identification:_identify(src/navigation2/nav2_dwb_controller/costmap_queue) by extension 'colcon_pkg'
[0.225s] Level 1:colcon.colcon_core.package_identification:_identify(src/navigation2/nav2_dwb_controller/costmap_queue) by extensions ['colcon_meta']
[0.225s] Level 1:colcon.colcon_core.package_identification:_identify(src/navigation2/nav2_dwb_controller/costmap_queue) by extension 'colcon_meta'
[0.225s] Level 1:colcon.colcon_core.package_identification:_identify(src/navigation2/nav2_dwb_controller/costmap_queue) by extensions ['ros']
[0.225s] Level 1:colcon.colcon_core.package_identification:_identify(src/navigation2/nav2_dwb_controller/costmap_queue) by extension 'ros'
[0.226s] DEBUG:colcon.colcon_core.package_identification:Package 'src/navigation2/nav2_dwb_controller/costmap_queue' with type 'ros.ament_cmake' and name 'costmap_queue'
[0.226s] Level 1:colcon.colcon_core.package_identification:_identify(src/navigation2/nav2_dwb_controller/dwb_core) by extensions ['ignore', 'ignore_ament_install']
[0.227s] Level 1:colcon.colcon_core.package_identification:_identify(src/navigation2/nav2_dwb_controller/dwb_core) by extension 'ignore'
[0.227s] Level 1:colcon.colcon_core.package_identification:_identify(src/navigation2/nav2_dwb_controller/dwb_core) by extension 'ignore_ament_install'
[0.227s] Level 1:colcon.colcon_core.package_identification:_identify(src/navigation2/nav2_dwb_controller/dwb_core) by extensions ['colcon_pkg']
[0.227s] Level 1:colcon.colcon_core.package_identification:_identify(src/navigation2/nav2_dwb_controller/dwb_core) by extension 'colcon_pkg'
[0.227s] Level 1:colcon.colcon_core.package_identification:_identify(src/navigation2/nav2_dwb_controller/dwb_core) by extensions ['colcon_meta']
[0.227s] Level 1:colcon.colcon_core.package_identification:_identify(src/navigation2/nav2_dwb_controller/dwb_core) by extension 'colcon_meta'
[0.227s] Level 1:colcon.colcon_core.package_identification:_identify(src/navigation2/nav2_dwb_controller/dwb_core) by extensions ['ros']
[0.227s] Level 1:colcon.colcon_core.package_identification:_identify(src/navigation2/nav2_dwb_controller/dwb_core) by extension 'ros'
[0.228s] DEBUG:colcon.colcon_core.package_identification:Package 'src/navigation2/nav2_dwb_controller/dwb_core' with type 'ros.ament_cmake' and name 'dwb_core'
[0.228s] Level 1:colcon.colcon_core.package_identification:_identify(src/navigation2/nav2_dwb_controller/dwb_critics) by extensions ['ignore', 'ignore_ament_install']
[0.228s] Level 1:colcon.colcon_core.package_identification:_identify(src/navigation2/nav2_dwb_controller/dwb_critics) by extension 'ignore'
[0.228s] Level 1:colcon.colcon_core.package_identification:_identify(src/navigation2/nav2_dwb_controller/dwb_critics) by extension 'ignore_ament_install'
[0.228s] Level 1:colcon.colcon_core.package_identification:_identify(src/navigation2/nav2_dwb_controller/dwb_critics) by extensions ['colcon_pkg']
[0.228s] Level 1:colcon.colcon_core.package_identification:_identify(src/navigation2/nav2_dwb_controller/dwb_critics) by extension 'colcon_pkg'
[0.228s] Level 1:colcon.colcon_core.package_identification:_identify(src/navigation2/nav2_dwb_controller/dwb_critics) by extensions ['colcon_meta']
[0.228s] Level 1:colcon.colcon_core.package_identification:_identify(src/navigation2/nav2_dwb_controller/dwb_critics) by extension 'colcon_meta'
[0.228s] Level 1:colcon.colcon_core.package_identification:_identify(src/navigation2/nav2_dwb_controller/dwb_critics) by extensions ['ros']
[0.228s] Level 1:colcon.colcon_core.package_identification:_identify(src/navigation2/nav2_dwb_controller/dwb_critics) by extension 'ros'
[0.229s] DEBUG:colcon.colcon_core.package_identification:Package 'src/navigation2/nav2_dwb_controller/dwb_critics' with type 'ros.ament_cmake' and name 'dwb_critics'
[0.229s] Level 1:colcon.colcon_core.package_identification:_identify(src/navigation2/nav2_dwb_controller/dwb_msgs) by extensions ['ignore', 'ignore_ament_install']
[0.229s] Level 1:colcon.colcon_core.package_identification:_identify(src/navigation2/nav2_dwb_controller/dwb_msgs) by extension 'ignore'
[0.229s] Level 1:colcon.colcon_core.package_identification:_identify(src/navigation2/nav2_dwb_controller/dwb_msgs) by extension 'ignore_ament_install'
[0.229s] Level 1:colcon.colcon_core.package_identification:_identify(src/navigation2/nav2_dwb_controller/dwb_msgs) by extensions ['colcon_pkg']
[0.229s] Level 1:colcon.colcon_core.package_identification:_identify(src/navigation2/nav2_dwb_controller/dwb_msgs) by extension 'colcon_pkg'
[0.230s] Level 1:colcon.colcon_core.package_identification:_identify(src/navigation2/nav2_dwb_controller/dwb_msgs) by extensions ['colcon_meta']
[0.230s] Level 1:colcon.colcon_core.package_identification:_identify(src/navigation2/nav2_dwb_controller/dwb_msgs) by extension 'colcon_meta'
[0.230s] Level 1:colcon.colcon_core.package_identification:_identify(src/navigation2/nav2_dwb_controller/dwb_msgs) by extensions ['ros']
[0.230s] Level 1:colcon.colcon_core.package_identification:_identify(src/navigation2/nav2_dwb_controller/dwb_msgs) by extension 'ros'
[0.230s] DEBUG:colcon.colcon_core.package_identification:Package 'src/navigation2/nav2_dwb_controller/dwb_msgs' with type 'ros.ament_cmake' and name 'dwb_msgs'
[0.231s] Level 1:colcon.colcon_core.package_identification:_identify(src/navigation2/nav2_dwb_controller/dwb_plugins) by extensions ['ignore', 'ignore_ament_install']
[0.231s] Level 1:colcon.colcon_core.package_identification:_identify(src/navigation2/nav2_dwb_controller/dwb_plugins) by extension 'ignore'
[0.231s] Level 1:colcon.colcon_core.package_identification:_identify(src/navigation2/nav2_dwb_controller/dwb_plugins) by extension 'ignore_ament_install'
[0.231s] Level 1:colcon.colcon_core.package_identification:_identify(src/navigation2/nav2_dwb_controller/dwb_plugins) by extensions ['colcon_pkg']
[0.231s] Level 1:colcon.colcon_core.package_identification:_identify(src/navigation2/nav2_dwb_controller/dwb_plugins) by extension 'colcon_pkg'
[0.231s] Level 1:colcon.colcon_core.package_identification:_identify(src/navigation2/nav2_dwb_controller/dwb_plugins) by extensions ['colcon_meta']
[0.231s] Level 1:colcon.colcon_core.package_identification:_identify(src/navigation2/nav2_dwb_controller/dwb_plugins) by extension 'colcon_meta'
[0.231s] Level 1:colcon.colcon_core.package_identification:_identify(src/navigation2/nav2_dwb_controller/dwb_plugins) by extensions ['ros']
[0.231s] Level 1:colcon.colcon_core.package_identification:_identify(src/navigation2/nav2_dwb_controller/dwb_plugins) by extension 'ros'
[0.232s] DEBUG:colcon.colcon_core.package_identification:Package 'src/navigation2/nav2_dwb_controller/dwb_plugins' with type 'ros.ament_cmake' and name 'dwb_plugins'
[0.232s] Level 1:colcon.colcon_core.package_identification:_identify(src/navigation2/nav2_dwb_controller/images) by extensions ['ignore', 'ignore_ament_install']
[0.232s] Level 1:colcon.colcon_core.package_identification:_identify(src/navigation2/nav2_dwb_controller/images) by extension 'ignore'
[0.232s] Level 1:colcon.colcon_core.package_identification:_identify(src/navigation2/nav2_dwb_controller/images) by extension 'ignore_ament_install'
[0.233s] Level 1:colcon.colcon_core.package_identification:_identify(src/navigation2/nav2_dwb_controller/images) by extensions ['colcon_pkg']
[0.233s] Level 1:colcon.colcon_core.package_identification:_identify(src/navigation2/nav2_dwb_controller/images) by extension 'colcon_pkg'
[0.233s] Level 1:colcon.colcon_core.package_identification:_identify(src/navigation2/nav2_dwb_controller/images) by extensions ['colcon_meta']
[0.233s] Level 1:colcon.colcon_core.package_identification:_identify(src/navigation2/nav2_dwb_controller/images) by extension 'colcon_meta'
[0.233s] Level 1:colcon.colcon_core.package_identification:_identify(src/navigation2/nav2_dwb_controller/images) by extensions ['ros']
[0.233s] Level 1:colcon.colcon_core.package_identification:_identify(src/navigation2/nav2_dwb_controller/images) by extension 'ros'
[0.233s] Level 1:colcon.colcon_core.package_identification:_identify(src/navigation2/nav2_dwb_controller/images) by extensions ['cmake', 'python']
[0.233s] Level 1:colcon.colcon_core.package_identification:_identify(src/navigation2/nav2_dwb_controller/images) by extension 'cmake'
[0.233s] Level 1:colcon.colcon_core.package_identification:_identify(src/navigation2/nav2_dwb_controller/images) by extension 'python'
[0.233s] Level 1:colcon.colcon_core.package_identification:_identify(src/navigation2/nav2_dwb_controller/images) by extensions ['python_setup_py']
[0.233s] Level 1:colcon.colcon_core.package_identification:_identify(src/navigation2/nav2_dwb_controller/images) by extension 'python_setup_py'
[0.233s] Level 1:colcon.colcon_core.package_identification:_identify(src/navigation2/nav2_dwb_controller/nav2_dwb_controller) by extensions ['ignore', 'ignore_ament_install']
[0.233s] Level 1:colcon.colcon_core.package_identification:_identify(src/navigation2/nav2_dwb_controller/nav2_dwb_controller) by extension 'ignore'
[0.233s] Level 1:colcon.colcon_core.package_identification:_identify(src/navigation2/nav2_dwb_controller/nav2_dwb_controller) by extension 'ignore_ament_install'
[0.233s] Level 1:colcon.colcon_core.package_identification:_identify(src/navigation2/nav2_dwb_controller/nav2_dwb_controller) by extensions ['colcon_pkg']
[0.233s] Level 1:colcon.colcon_core.package_identification:_identify(src/navigation2/nav2_dwb_controller/nav2_dwb_controller) by extension 'colcon_pkg'
[0.233s] Level 1:colcon.colcon_core.package_identification:_identify(src/navigation2/nav2_dwb_controller/nav2_dwb_controller) by extensions ['colcon_meta']
[0.233s] Level 1:colcon.colcon_core.package_identification:_identify(src/navigation2/nav2_dwb_controller/nav2_dwb_controller) by extension 'colcon_meta'
[0.233s] Level 1:colcon.colcon_core.package_identification:_identify(src/navigation2/nav2_dwb_controller/nav2_dwb_controller) by extensions ['ros']
[0.233s] Level 1:colcon.colcon_core.package_identification:_identify(src/navigation2/nav2_dwb_controller/nav2_dwb_controller) by extension 'ros'
[0.234s] DEBUG:colcon.colcon_core.package_identification:Package 'src/navigation2/nav2_dwb_controller/nav2_dwb_controller' with type 'ros.ament_cmake' and name 'nav2_dwb_controller'
[0.234s] Level 1:colcon.colcon_core.package_identification:_identify(src/navigation2/nav2_dwb_controller/nav_2d_msgs) by extensions ['ignore', 'ignore_ament_install']
[0.234s] Level 1:colcon.colcon_core.package_identification:_identify(src/navigation2/nav2_dwb_controller/nav_2d_msgs) by extension 'ignore'
[0.234s] Level 1:colcon.colcon_core.package_identification:_identify(src/navigation2/nav2_dwb_controller/nav_2d_msgs) by extension 'ignore_ament_install'
[0.234s] Level 1:colcon.colcon_core.package_identification:_identify(src/navigation2/nav2_dwb_controller/nav_2d_msgs) by extensions ['colcon_pkg']
[0.234s] Level 1:colcon.colcon_core.package_identification:_identify(src/navigation2/nav2_dwb_controller/nav_2d_msgs) by extension 'colcon_pkg'
[0.234s] Level 1:colcon.colcon_core.package_identification:_identify(src/navigation2/nav2_dwb_controller/nav_2d_msgs) by extensions ['colcon_meta']
[0.234s] Level 1:colcon.colcon_core.package_identification:_identify(src/navigation2/nav2_dwb_controller/nav_2d_msgs) by extension 'colcon_meta'
[0.234s] Level 1:colcon.colcon_core.package_identification:_identify(src/navigation2/nav2_dwb_controller/nav_2d_msgs) by extensions ['ros']
[0.234s] Level 1:colcon.colcon_core.package_identification:_identify(src/navigation2/nav2_dwb_controller/nav_2d_msgs) by extension 'ros'
[0.234s] DEBUG:colcon.colcon_core.package_identification:Package 'src/navigation2/nav2_dwb_controller/nav_2d_msgs' with type 'ros.ament_cmake' and name 'nav_2d_msgs'
[0.234s] Level 1:colcon.colcon_core.package_identification:_identify(src/navigation2/nav2_dwb_controller/nav_2d_utils) by extensions ['ignore', 'ignore_ament_install']
[0.235s] Level 1:colcon.colcon_core.package_identification:_identify(src/navigation2/nav2_dwb_controller/nav_2d_utils) by extension 'ignore'
[0.235s] Level 1:colcon.colcon_core.package_identification:_identify(src/navigation2/nav2_dwb_controller/nav_2d_utils) by extension 'ignore_ament_install'
[0.235s] Level 1:colcon.colcon_core.package_identification:_identify(src/navigation2/nav2_dwb_controller/nav_2d_utils) by extensions ['colcon_pkg']
[0.235s] Level 1:colcon.colcon_core.package_identification:_identify(src/navigation2/nav2_dwb_controller/nav_2d_utils) by extension 'colcon_pkg'
[0.235s] Level 1:colcon.colcon_core.package_identification:_identify(src/navigation2/nav2_dwb_controller/nav_2d_utils) by extensions ['colcon_meta']
[0.235s] Level 1:colcon.colcon_core.package_identification:_identify(src/navigation2/nav2_dwb_controller/nav_2d_utils) by extension 'colcon_meta'
[0.235s] Level 1:colcon.colcon_core.package_identification:_identify(src/navigation2/nav2_dwb_controller/nav_2d_utils) by extensions ['ros']
[0.235s] Level 1:colcon.colcon_core.package_identification:_identify(src/navigation2/nav2_dwb_controller/nav_2d_utils) by extension 'ros'
[0.235s] DEBUG:colcon.colcon_core.package_identification:Package 'src/navigation2/nav2_dwb_controller/nav_2d_utils' with type 'ros.ament_cmake' and name 'nav_2d_utils'
[0.236s] Level 1:colcon.colcon_core.package_identification:_identify(src/navigation2/nav2_graceful_controller) by extensions ['ignore', 'ignore_ament_install']
[0.236s] Level 1:colcon.colcon_core.package_identification:_identify(src/navigation2/nav2_graceful_controller) by extension 'ignore'
[0.236s] Level 1:colcon.colcon_core.package_identification:_identify(src/navigation2/nav2_graceful_controller) by extension 'ignore_ament_install'
[0.236s] Level 1:colcon.colcon_core.package_identification:_identify(src/navigation2/nav2_graceful_controller) by extensions ['colcon_pkg']
[0.236s] Level 1:colcon.colcon_core.package_identification:_identify(src/navigation2/nav2_graceful_controller) by extension 'colcon_pkg'
[0.236s] Level 1:colcon.colcon_core.package_identification:_identify(src/navigation2/nav2_graceful_controller) by extensions ['colcon_meta']
[0.236s] Level 1:colcon.colcon_core.package_identification:_identify(src/navigation2/nav2_graceful_controller) by extension 'colcon_meta'
[0.236s] Level 1:colcon.colcon_core.package_identification:_identify(src/navigation2/nav2_graceful_controller) by extensions ['ros']
[0.236s] Level 1:colcon.colcon_core.package_identification:_identify(src/navigation2/nav2_graceful_controller) by extension 'ros'
[0.237s] DEBUG:colcon.colcon_core.package_identification:Package 'src/navigation2/nav2_graceful_controller' with type 'ros.ament_cmake' and name 'nav2_graceful_controller'
[0.237s] Level 1:colcon.colcon_core.package_identification:_identify(src/navigation2/nav2_lifecycle_manager) by extensions ['ignore', 'ignore_ament_install']
[0.237s] Level 1:colcon.colcon_core.package_identification:_identify(src/navigation2/nav2_lifecycle_manager) by extension 'ignore'
[0.237s] Level 1:colcon.colcon_core.package_identification:_identify(src/navigation2/nav2_lifecycle_manager) by extension 'ignore_ament_install'
[0.237s] Level 1:colcon.colcon_core.package_identification:_identify(src/navigation2/nav2_lifecycle_manager) by extensions ['colcon_pkg']
[0.237s] Level 1:colcon.colcon_core.package_identification:_identify(src/navigation2/nav2_lifecycle_manager) by extension 'colcon_pkg'
[0.237s] Level 1:colcon.colcon_core.package_identification:_identify(src/navigation2/nav2_lifecycle_manager) by extensions ['colcon_meta']
[0.237s] Level 1:colcon.colcon_core.package_identification:_identify(src/navigation2/nav2_lifecycle_manager) by extension 'colcon_meta'
[0.237s] Level 1:colcon.colcon_core.package_identification:_identify(src/navigation2/nav2_lifecycle_manager) by extensions ['ros']
[0.237s] Level 1:colcon.colcon_core.package_identification:_identify(src/navigation2/nav2_lifecycle_manager) by extension 'ros'
[0.238s] DEBUG:colcon.colcon_core.package_identification:Package 'src/navigation2/nav2_lifecycle_manager' with type 'ros.ament_cmake' and name 'nav2_lifecycle_manager'
[0.238s] Level 1:colcon.colcon_core.package_identification:_identify(src/navigation2/nav2_loopback_sim) by extensions ['ignore', 'ignore_ament_install']
[0.238s] Level 1:colcon.colcon_core.package_identification:_identify(src/navigation2/nav2_loopback_sim) by extension 'ignore'
[0.238s] Level 1:colcon.colcon_core.package_identification:_identify(src/navigation2/nav2_loopback_sim) by extension 'ignore_ament_install'
[0.238s] Level 1:colcon.colcon_core.package_identification:_identify(src/navigation2/nav2_loopback_sim) by extensions ['colcon_pkg']
[0.238s] Level 1:colcon.colcon_core.package_identification:_identify(src/navigation2/nav2_loopback_sim) by extension 'colcon_pkg'
[0.238s] Level 1:colcon.colcon_core.package_identification:_identify(src/navigation2/nav2_loopback_sim) by extensions ['colcon_meta']
[0.238s] Level 1:colcon.colcon_core.package_identification:_identify(src/navigation2/nav2_loopback_sim) by extension 'colcon_meta'
[0.238s] Level 1:colcon.colcon_core.package_identification:_identify(src/navigation2/nav2_loopback_sim) by extensions ['ros']
[0.238s] Level 1:colcon.colcon_core.package_identification:_identify(src/navigation2/nav2_loopback_sim) by extension 'ros'
[0.239s] DEBUG:colcon.colcon_core.package_identification:Package 'src/navigation2/nav2_loopback_sim' with type 'ros.ament_python' and name 'nav2_loopback_sim'
[0.239s] Level 1:colcon.colcon_core.package_identification:_identify(src/navigation2/nav2_map_server) by extensions ['ignore', 'ignore_ament_install']
[0.239s] Level 1:colcon.colcon_core.package_identification:_identify(src/navigation2/nav2_map_server) by extension 'ignore'
[0.239s] Level 1:colcon.colcon_core.package_identification:_identify(src/navigation2/nav2_map_server) by extension 'ignore_ament_install'
[0.239s] Level 1:colcon.colcon_core.package_identification:_identify(src/navigation2/nav2_map_server) by extensions ['colcon_pkg']
[0.239s] Level 1:colcon.colcon_core.package_identification:_identify(src/navigation2/nav2_map_server) by extension 'colcon_pkg'
[0.239s] Level 1:colcon.colcon_core.package_identification:_identify(src/navigation2/nav2_map_server) by extensions ['colcon_meta']
[0.239s] Level 1:colcon.colcon_core.package_identification:_identify(src/navigation2/nav2_map_server) by extension 'colcon_meta'
[0.239s] Level 1:colcon.colcon_core.package_identification:_identify(src/navigation2/nav2_map_server) by extensions ['ros']
[0.239s] Level 1:colcon.colcon_core.package_identification:_identify(src/navigation2/nav2_map_server) by extension 'ros'
[0.240s] DEBUG:colcon.colcon_core.package_identification:Package 'src/navigation2/nav2_map_server' with type 'ros.ament_cmake' and name 'nav2_map_server'
[0.240s] Level 1:colcon.colcon_core.package_identification:_identify(src/navigation2/nav2_mppi_controller) by extensions ['ignore', 'ignore_ament_install']
[0.241s] Level 1:colcon.colcon_core.package_identification:_identify(src/navigation2/nav2_mppi_controller) by extension 'ignore'
[0.241s] Level 1:colcon.colcon_core.package_identification:_identify(src/navigation2/nav2_mppi_controller) by extension 'ignore_ament_install'
[0.241s] Level 1:colcon.colcon_core.package_identification:_identify(src/navigation2/nav2_mppi_controller) by extensions ['colcon_pkg']
[0.241s] Level 1:colcon.colcon_core.package_identification:_identify(src/navigation2/nav2_mppi_controller) by extension 'colcon_pkg'
[0.241s] Level 1:colcon.colcon_core.package_identification:_identify(src/navigation2/nav2_mppi_controller) by extensions ['colcon_meta']
[0.241s] Level 1:colcon.colcon_core.package_identification:_identify(src/navigation2/nav2_mppi_controller) by extension 'colcon_meta'
[0.241s] Level 1:colcon.colcon_core.package_identification:_identify(src/navigation2/nav2_mppi_controller) by extensions ['ros']
[0.241s] Level 1:colcon.colcon_core.package_identification:_identify(src/navigation2/nav2_mppi_controller) by extension 'ros'
[0.244s] DEBUG:colcon.colcon_core.package_identification:Package 'src/navigation2/nav2_mppi_controller' with type 'ros.ament_cmake' and name 'nav2_mppi_controller'
[0.244s] Level 1:colcon.colcon_core.package_identification:_identify(src/navigation2/nav2_msgs) by extensions ['ignore', 'ignore_ament_install']
[0.244s] Level 1:colcon.colcon_core.package_identification:_identify(src/navigation2/nav2_msgs) by extension 'ignore'
[0.244s] Level 1:colcon.colcon_core.package_identification:_identify(src/navigation2/nav2_msgs) by extension 'ignore_ament_install'
[0.244s] Level 1:colcon.colcon_core.package_identification:_identify(src/navigation2/nav2_msgs) by extensions ['colcon_pkg']
[0.244s] Level 1:colcon.colcon_core.package_identification:_identify(src/navigation2/nav2_msgs) by extension 'colcon_pkg'
[0.244s] Level 1:colcon.colcon_core.package_identification:_identify(src/navigation2/nav2_msgs) by extensions ['colcon_meta']
[0.244s] Level 1:colcon.colcon_core.package_identification:_identify(src/navigation2/nav2_msgs) by extension 'colcon_meta'
[0.244s] Level 1:colcon.colcon_core.package_identification:_identify(src/navigation2/nav2_msgs) by extensions ['ros']
[0.244s] Level 1:colcon.colcon_core.package_identification:_identify(src/navigation2/nav2_msgs) by extension 'ros'
[0.245s] DEBUG:colcon.colcon_core.package_identification:Package 'src/navigation2/nav2_msgs' with type 'ros.ament_cmake' and name 'nav2_msgs'
[0.245s] Level 1:colcon.colcon_core.package_identification:_identify(src/navigation2/nav2_navfn_planner) by extensions ['ignore', 'ignore_ament_install']
[0.245s] Level 1:colcon.colcon_core.package_identification:_identify(src/navigation2/nav2_navfn_planner) by extension 'ignore'
[0.245s] Level 1:colcon.colcon_core.package_identification:_identify(src/navigation2/nav2_navfn_planner) by extension 'ignore_ament_install'
[0.245s] Level 1:colcon.colcon_core.package_identification:_identify(src/navigation2/nav2_navfn_planner) by extensions ['colcon_pkg']
[0.245s] Level 1:colcon.colcon_core.package_identification:_identify(src/navigation2/nav2_navfn_planner) by extension 'colcon_pkg'
[0.245s] Level 1:colcon.colcon_core.package_identification:_identify(src/navigation2/nav2_navfn_planner) by extensions ['colcon_meta']
[0.245s] Level 1:colcon.colcon_core.package_identification:_identify(src/navigation2/nav2_navfn_planner) by extension 'colcon_meta'
[0.245s] Level 1:colcon.colcon_core.package_identification:_identify(src/navigation2/nav2_navfn_planner) by extensions ['ros']
[0.245s] Level 1:colcon.colcon_core.package_identification:_identify(src/navigation2/nav2_navfn_planner) by extension 'ros'
[0.246s] DEBUG:colcon.colcon_core.package_identification:Package 'src/navigation2/nav2_navfn_planner' with type 'ros.ament_cmake' and name 'nav2_navfn_planner'
[0.246s] Level 1:colcon.colcon_core.package_identification:_identify(src/navigation2/nav2_planner) by extensions ['ignore', 'ignore_ament_install']
[0.246s] Level 1:colcon.colcon_core.package_identification:_identify(src/navigation2/nav2_planner) by extension 'ignore'
[0.246s] Level 1:colcon.colcon_core.package_identification:_identify(src/navigation2/nav2_planner) by extension 'ignore_ament_install'
[0.246s] Level 1:colcon.colcon_core.package_identification:_identify(src/navigation2/nav2_planner) by extensions ['colcon_pkg']
[0.246s] Level 1:colcon.colcon_core.package_identification:_identify(src/navigation2/nav2_planner) by extension 'colcon_pkg'
[0.246s] Level 1:colcon.colcon_core.package_identification:_identify(src/navigation2/nav2_planner) by extensions ['colcon_meta']
[0.246s] Level 1:colcon.colcon_core.package_identification:_identify(src/navigation2/nav2_planner) by extension 'colcon_meta'
[0.247s] Level 1:colcon.colcon_core.package_identification:_identify(src/navigation2/nav2_planner) by extensions ['ros']
[0.247s] Level 1:colcon.colcon_core.package_identification:_identify(src/navigation2/nav2_planner) by extension 'ros'
[0.248s] DEBUG:colcon.colcon_core.package_identification:Package 'src/navigation2/nav2_planner' with type 'ros.ament_cmake' and name 'nav2_planner'
[0.248s] Level 1:colcon.colcon_core.package_identification:_identify(src/navigation2/nav2_regulated_pure_pursuit_controller) by extensions ['ignore', 'ignore_ament_install']
[0.248s] Level 1:colcon.colcon_core.package_identification:_identify(src/navigation2/nav2_regulated_pure_pursuit_controller) by extension 'ignore'
[0.248s] Level 1:colcon.colcon_core.package_identification:_identify(src/navigation2/nav2_regulated_pure_pursuit_controller) by extension 'ignore_ament_install'
[0.248s] Level 1:colcon.colcon_core.package_identification:_identify(src/navigation2/nav2_regulated_pure_pursuit_controller) by extensions ['colcon_pkg']
[0.248s] Level 1:colcon.colcon_core.package_identification:_identify(src/navigation2/nav2_regulated_pure_pursuit_controller) by extension 'colcon_pkg'
[0.248s] Level 1:colcon.colcon_core.package_identification:_identify(src/navigation2/nav2_regulated_pure_pursuit_controller) by extensions ['colcon_meta']
[0.248s] Level 1:colcon.colcon_core.package_identification:_identify(src/navigation2/nav2_regulated_pure_pursuit_controller) by extension 'colcon_meta'
[0.248s] Level 1:colcon.colcon_core.package_identification:_identify(src/navigation2/nav2_regulated_pure_pursuit_controller) by extensions ['ros']
[0.248s] Level 1:colcon.colcon_core.package_identification:_identify(src/navigation2/nav2_regulated_pure_pursuit_controller) by extension 'ros'
[0.249s] DEBUG:colcon.colcon_core.package_identification:Package 'src/navigation2/nav2_regulated_pure_pursuit_controller' with type 'ros.ament_cmake' and name 'nav2_regulated_pure_pursuit_controller'
[0.249s] Level 1:colcon.colcon_core.package_identification:_identify(src/navigation2/nav2_rotation_shim_controller) by extensions ['ignore', 'ignore_ament_install']
[0.249s] Level 1:colcon.colcon_core.package_identification:_identify(src/navigation2/nav2_rotation_shim_controller) by extension 'ignore'
[0.250s] Level 1:colcon.colcon_core.package_identification:_identify(src/navigation2/nav2_rotation_shim_controller) by extension 'ignore_ament_install'
[0.250s] Level 1:colcon.colcon_core.package_identification:_identify(src/navigation2/nav2_rotation_shim_controller) by extensions ['colcon_pkg']
[0.250s] Level 1:colcon.colcon_core.package_identification:_identify(src/navigation2/nav2_rotation_shim_controller) by extension 'colcon_pkg'
[0.250s] Level 1:colcon.colcon_core.package_identification:_identify(src/navigation2/nav2_rotation_shim_controller) by extensions ['colcon_meta']
[0.250s] Level 1:colcon.colcon_core.package_identification:_identify(src/navigation2/nav2_rotation_shim_controller) by extension 'colcon_meta'
[0.250s] Level 1:colcon.colcon_core.package_identification:_identify(src/navigation2/nav2_rotation_shim_controller) by extensions ['ros']
[0.250s] Level 1:colcon.colcon_core.package_identification:_identify(src/navigation2/nav2_rotation_shim_controller) by extension 'ros'
[0.251s] DEBUG:colcon.colcon_core.package_identification:Package 'src/navigation2/nav2_rotation_shim_controller' with type 'ros.ament_cmake' and name 'nav2_rotation_shim_controller'
[0.251s] Level 1:colcon.colcon_core.package_identification:_identify(src/navigation2/nav2_rviz_plugins) by extensions ['ignore', 'ignore_ament_install']
[0.251s] Level 1:colcon.colcon_core.package_identification:_identify(src/navigation2/nav2_rviz_plugins) by extension 'ignore'
[0.251s] Level 1:colcon.colcon_core.package_identification:_identify(src/navigation2/nav2_rviz_plugins) by extension 'ignore_ament_install'
[0.251s] Level 1:colcon.colcon_core.package_identification:_identify(src/navigation2/nav2_rviz_plugins) by extensions ['colcon_pkg']
[0.251s] Level 1:colcon.colcon_core.package_identification:_identify(src/navigation2/nav2_rviz_plugins) by extension 'colcon_pkg'
[0.251s] Level 1:colcon.colcon_core.package_identification:_identify(src/navigation2/nav2_rviz_plugins) by extensions ['colcon_meta']
[0.251s] Level 1:colcon.colcon_core.package_identification:_identify(src/navigation2/nav2_rviz_plugins) by extension 'colcon_meta'
[0.251s] Level 1:colcon.colcon_core.package_identification:_identify(src/navigation2/nav2_rviz_plugins) by extensions ['ros']
[0.251s] Level 1:colcon.colcon_core.package_identification:_identify(src/navigation2/nav2_rviz_plugins) by extension 'ros'
[0.252s] DEBUG:colcon.colcon_core.package_identification:Package 'src/navigation2/nav2_rviz_plugins' with type 'ros.ament_cmake' and name 'nav2_rviz_plugins'
[0.252s] Level 1:colcon.colcon_core.package_identification:_identify(src/navigation2/nav2_simple_commander) by extensions ['ignore', 'ignore_ament_install']
[0.252s] Level 1:colcon.colcon_core.package_identification:_identify(src/navigation2/nav2_simple_commander) by extension 'ignore'
[0.252s] Level 1:colcon.colcon_core.package_identification:_identify(src/navigation2/nav2_simple_commander) by extension 'ignore_ament_install'
[0.252s] Level 1:colcon.colcon_core.package_identification:_identify(src/navigation2/nav2_simple_commander) by extensions ['colcon_pkg']
[0.252s] Level 1:colcon.colcon_core.package_identification:_identify(src/navigation2/nav2_simple_commander) by extension 'colcon_pkg'
[0.252s] Level 1:colcon.colcon_core.package_identification:_identify(src/navigation2/nav2_simple_commander) by extensions ['colcon_meta']
[0.252s] Level 1:colcon.colcon_core.package_identification:_identify(src/navigation2/nav2_simple_commander) by extension 'colcon_meta'
[0.252s] Level 1:colcon.colcon_core.package_identification:_identify(src/navigation2/nav2_simple_commander) by extensions ['ros']
[0.252s] Level 1:colcon.colcon_core.package_identification:_identify(src/navigation2/nav2_simple_commander) by extension 'ros'
[0.253s] DEBUG:colcon.colcon_core.package_identification:Package 'src/navigation2/nav2_simple_commander' with type 'ros.ament_python' and name 'nav2_simple_commander'
[0.253s] Level 1:colcon.colcon_core.package_identification:_identify(src/navigation2/nav2_smac_planner) by extensions ['ignore', 'ignore_ament_install']
[0.253s] Level 1:colcon.colcon_core.package_identification:_identify(src/navigation2/nav2_smac_planner) by extension 'ignore'
[0.253s] Level 1:colcon.colcon_core.package_identification:_identify(src/navigation2/nav2_smac_planner) by extension 'ignore_ament_install'
[0.253s] Level 1:colcon.colcon_core.package_identification:_identify(src/navigation2/nav2_smac_planner) by extensions ['colcon_pkg']
[0.253s] Level 1:colcon.colcon_core.package_identification:_identify(src/navigation2/nav2_smac_planner) by extension 'colcon_pkg'
[0.253s] Level 1:colcon.colcon_core.package_identification:_identify(src/navigation2/nav2_smac_planner) by extensions ['colcon_meta']
[0.253s] Level 1:colcon.colcon_core.package_identification:_identify(src/navigation2/nav2_smac_planner) by extension 'colcon_meta'
[0.253s] Level 1:colcon.colcon_core.package_identification:_identify(src/navigation2/nav2_smac_planner) by extensions ['ros']
[0.253s] Level 1:colcon.colcon_core.package_identification:_identify(src/navigation2/nav2_smac_planner) by extension 'ros'
[0.254s] DEBUG:colcon.colcon_core.package_identification:Package 'src/navigation2/nav2_smac_planner' with type 'ros.ament_cmake' and name 'nav2_smac_planner'
[0.255s] Level 1:colcon.colcon_core.package_identification:_identify(src/navigation2/nav2_smoother) by extensions ['ignore', 'ignore_ament_install']
[0.255s] Level 1:colcon.colcon_core.package_identification:_identify(src/navigation2/nav2_smoother) by extension 'ignore'
[0.255s] Level 1:colcon.colcon_core.package_identification:_identify(src/navigation2/nav2_smoother) by extension 'ignore_ament_install'
[0.255s] Level 1:colcon.colcon_core.package_identification:_identify(src/navigation2/nav2_smoother) by extensions ['colcon_pkg']
[0.256s] Level 1:colcon.colcon_core.package_identification:_identify(src/navigation2/nav2_smoother) by extension 'colcon_pkg'
[0.256s] Level 1:colcon.colcon_core.package_identification:_identify(src/navigation2/nav2_smoother) by extensions ['colcon_meta']
[0.256s] Level 1:colcon.colcon_core.package_identification:_identify(src/navigation2/nav2_smoother) by extension 'colcon_meta'
[0.256s] Level 1:colcon.colcon_core.package_identification:_identify(src/navigation2/nav2_smoother) by extensions ['ros']
[0.256s] Level 1:colcon.colcon_core.package_identification:_identify(src/navigation2/nav2_smoother) by extension 'ros'
[0.257s] DEBUG:colcon.colcon_core.package_identification:Package 'src/navigation2/nav2_smoother' with type 'ros.ament_cmake' and name 'nav2_smoother'
[0.257s] Level 1:colcon.colcon_core.package_identification:_identify(src/navigation2/nav2_system_tests) by extensions ['ignore', 'ignore_ament_install']
[0.257s] Level 1:colcon.colcon_core.package_identification:_identify(src/navigation2/nav2_system_tests) by extension 'ignore'
[0.257s] Level 1:colcon.colcon_core.package_identification:_identify(src/navigation2/nav2_system_tests) by extension 'ignore_ament_install'
[0.257s] Level 1:colcon.colcon_core.package_identification:_identify(src/navigation2/nav2_system_tests) by extensions ['colcon_pkg']
[0.257s] Level 1:colcon.colcon_core.package_identification:_identify(src/navigation2/nav2_system_tests) by extension 'colcon_pkg'
[0.257s] Level 1:colcon.colcon_core.package_identification:_identify(src/navigation2/nav2_system_tests) by extensions ['colcon_meta']
[0.257s] Level 1:colcon.colcon_core.package_identification:_identify(src/navigation2/nav2_system_tests) by extension 'colcon_meta'
[0.257s] Level 1:colcon.colcon_core.package_identification:_identify(src/navigation2/nav2_system_tests) by extensions ['ros']
[0.257s] Level 1:colcon.colcon_core.package_identification:_identify(src/navigation2/nav2_system_tests) by extension 'ros'
[0.258s] DEBUG:colcon.colcon_core.package_identification:Package 'src/navigation2/nav2_system_tests' with type 'ros.ament_cmake' and name 'nav2_system_tests'
[0.258s] Level 1:colcon.colcon_core.package_identification:_identify(src/navigation2/nav2_theta_star_planner) by extensions ['ignore', 'ignore_ament_install']
[0.258s] Level 1:colcon.colcon_core.package_identification:_identify(src/navigation2/nav2_theta_star_planner) by extension 'ignore'
[0.258s] Level 1:colcon.colcon_core.package_identification:_identify(src/navigation2/nav2_theta_star_planner) by extension 'ignore_ament_install'
[0.258s] Level 1:colcon.colcon_core.package_identification:_identify(src/navigation2/nav2_theta_star_planner) by extensions ['colcon_pkg']
[0.259s] Level 1:colcon.colcon_core.package_identification:_identify(src/navigation2/nav2_theta_star_planner) by extension 'colcon_pkg'
[0.259s] Level 1:colcon.colcon_core.package_identification:_identify(src/navigation2/nav2_theta_star_planner) by extensions ['colcon_meta']
[0.259s] Level 1:colcon.colcon_core.package_identification:_identify(src/navigation2/nav2_theta_star_planner) by extension 'colcon_meta'
[0.259s] Level 1:colcon.colcon_core.package_identification:_identify(src/navigation2/nav2_theta_star_planner) by extensions ['ros']
[0.259s] Level 1:colcon.colcon_core.package_identification:_identify(src/navigation2/nav2_theta_star_planner) by extension 'ros'
[0.259s] DEBUG:colcon.colcon_core.package_identification:Package 'src/navigation2/nav2_theta_star_planner' with type 'ros.ament_cmake' and name 'nav2_theta_star_planner'
[0.260s] Level 1:colcon.colcon_core.package_identification:_identify(src/navigation2/nav2_util) by extensions ['ignore', 'ignore_ament_install']
[0.260s] Level 1:colcon.colcon_core.package_identification:_identify(src/navigation2/nav2_util) by extension 'ignore'
[0.260s] Level 1:colcon.colcon_core.package_identification:_identify(src/navigation2/nav2_util) by extension 'ignore_ament_install'
[0.260s] Level 1:colcon.colcon_core.package_identification:_identify(src/navigation2/nav2_util) by extensions ['colcon_pkg']
[0.260s] Level 1:colcon.colcon_core.package_identification:_identify(src/navigation2/nav2_util) by extension 'colcon_pkg'
[0.260s] Level 1:colcon.colcon_core.package_identification:_identify(src/navigation2/nav2_util) by extensions ['colcon_meta']
[0.260s] Level 1:colcon.colcon_core.package_identification:_identify(src/navigation2/nav2_util) by extension 'colcon_meta'
[0.260s] Level 1:colcon.colcon_core.package_identification:_identify(src/navigation2/nav2_util) by extensions ['ros']
[0.260s] Level 1:colcon.colcon_core.package_identification:_identify(src/navigation2/nav2_util) by extension 'ros'
[0.261s] DEBUG:colcon.colcon_core.package_identification:Package 'src/navigation2/nav2_util' with type 'ros.ament_cmake' and name 'nav2_util'
[0.261s] Level 1:colcon.colcon_core.package_identification:_identify(src/navigation2/nav2_velocity_smoother) by extensions ['ignore', 'ignore_ament_install']
[0.261s] Level 1:colcon.colcon_core.package_identification:_identify(src/navigation2/nav2_velocity_smoother) by extension 'ignore'
[0.261s] Level 1:colcon.colcon_core.package_identification:_identify(src/navigation2/nav2_velocity_smoother) by extension 'ignore_ament_install'
[0.261s] Level 1:colcon.colcon_core.package_identification:_identify(src/navigation2/nav2_velocity_smoother) by extensions ['colcon_pkg']
[0.261s] Level 1:colcon.colcon_core.package_identification:_identify(src/navigation2/nav2_velocity_smoother) by extension 'colcon_pkg'
[0.261s] Level 1:colcon.colcon_core.package_identification:_identify(src/navigation2/nav2_velocity_smoother) by extensions ['colcon_meta']
[0.261s] Level 1:colcon.colcon_core.package_identification:_identify(src/navigation2/nav2_velocity_smoother) by extension 'colcon_meta'
[0.261s] Level 1:colcon.colcon_core.package_identification:_identify(src/navigation2/nav2_velocity_smoother) by extensions ['ros']
[0.261s] Level 1:colcon.colcon_core.package_identification:_identify(src/navigation2/nav2_velocity_smoother) by extension 'ros'
[0.262s] DEBUG:colcon.colcon_core.package_identification:Package 'src/navigation2/nav2_velocity_smoother' with type 'ros.ament_cmake' and name 'nav2_velocity_smoother'
[0.262s] Level 1:colcon.colcon_core.package_identification:_identify(src/navigation2/nav2_voxel_grid) by extensions ['ignore', 'ignore_ament_install']
[0.262s] Level 1:colcon.colcon_core.package_identification:_identify(src/navigation2/nav2_voxel_grid) by extension 'ignore'
[0.262s] Level 1:colcon.colcon_core.package_identification:_identify(src/navigation2/nav2_voxel_grid) by extension 'ignore_ament_install'
[0.262s] Level 1:colcon.colcon_core.package_identification:_identify(src/navigation2/nav2_voxel_grid) by extensions ['colcon_pkg']
[0.262s] Level 1:colcon.colcon_core.package_identification:_identify(src/navigation2/nav2_voxel_grid) by extension 'colcon_pkg'
[0.262s] Level 1:colcon.colcon_core.package_identification:_identify(src/navigation2/nav2_voxel_grid) by extensions ['colcon_meta']
[0.262s] Level 1:colcon.colcon_core.package_identification:_identify(src/navigation2/nav2_voxel_grid) by extension 'colcon_meta'
[0.262s] Level 1:colcon.colcon_core.package_identification:_identify(src/navigation2/nav2_voxel_grid) by extensions ['ros']
[0.262s] Level 1:colcon.colcon_core.package_identification:_identify(src/navigation2/nav2_voxel_grid) by extension 'ros'
[0.263s] DEBUG:colcon.colcon_core.package_identification:Package 'src/navigation2/nav2_voxel_grid' with type 'ros.ament_cmake' and name 'nav2_voxel_grid'
[0.263s] Level 1:colcon.colcon_core.package_identification:_identify(src/navigation2/nav2_waypoint_follower) by extensions ['ignore', 'ignore_ament_install']
[0.263s] Level 1:colcon.colcon_core.package_identification:_identify(src/navigation2/nav2_waypoint_follower) by extension 'ignore'
[0.263s] Level 1:colcon.colcon_core.package_identification:_identify(src/navigation2/nav2_waypoint_follower) by extension 'ignore_ament_install'
[0.263s] Level 1:colcon.colcon_core.package_identification:_identify(src/navigation2/nav2_waypoint_follower) by extensions ['colcon_pkg']
[0.263s] Level 1:colcon.colcon_core.package_identification:_identify(src/navigation2/nav2_waypoint_follower) by extension 'colcon_pkg'
[0.263s] Level 1:colcon.colcon_core.package_identification:_identify(src/navigation2/nav2_waypoint_follower) by extensions ['colcon_meta']
[0.263s] Level 1:colcon.colcon_core.package_identification:_identify(src/navigation2/nav2_waypoint_follower) by extension 'colcon_meta'
[0.264s] Level 1:colcon.colcon_core.package_identification:_identify(src/navigation2/nav2_waypoint_follower) by extensions ['ros']
[0.264s] Level 1:colcon.colcon_core.package_identification:_identify(src/navigation2/nav2_waypoint_follower) by extension 'ros'
[0.265s] DEBUG:colcon.colcon_core.package_identification:Package 'src/navigation2/nav2_waypoint_follower' with type 'ros.ament_cmake' and name 'nav2_waypoint_follower'
[0.265s] Level 1:colcon.colcon_core.package_identification:_identify(src/navigation2/navigation2) by extensions ['ignore', 'ignore_ament_install']
[0.265s] Level 1:colcon.colcon_core.package_identification:_identify(src/navigation2/navigation2) by extension 'ignore'
[0.265s] Level 1:colcon.colcon_core.package_identification:_identify(src/navigation2/navigation2) by extension 'ignore_ament_install'
[0.265s] Level 1:colcon.colcon_core.package_identification:_identify(src/navigation2/navigation2) by extensions ['colcon_pkg']
[0.265s] Level 1:colcon.colcon_core.package_identification:_identify(src/navigation2/navigation2) by extension 'colcon_pkg'
[0.265s] Level 1:colcon.colcon_core.package_identification:_identify(src/navigation2/navigation2) by extensions ['colcon_meta']
[0.265s] Level 1:colcon.colcon_core.package_identification:_identify(src/navigation2/navigation2) by extension 'colcon_meta'
[0.265s] Level 1:colcon.colcon_core.package_identification:_identify(src/navigation2/navigation2) by extensions ['ros']
[0.265s] Level 1:colcon.colcon_core.package_identification:_identify(src/navigation2/navigation2) by extension 'ros'
[0.266s] DEBUG:colcon.colcon_core.package_identification:Package 'src/navigation2/navigation2' with type 'ros.ament_cmake' and name 'navigation2'
[0.266s] Level 1:colcon.colcon_core.package_identification:_identify(src/navigation2/tools) by extensions ['ignore', 'ignore_ament_install']
[0.266s] Level 1:colcon.colcon_core.package_identification:_identify(src/navigation2/tools) by extension 'ignore'
[0.266s] Level 1:colcon.colcon_core.package_identification:_identify(src/navigation2/tools) by extension 'ignore_ament_install'
[0.266s] Level 1:colcon.colcon_core.package_identification:_identify(src/navigation2/tools) by extensions ['colcon_pkg']
[0.266s] Level 1:colcon.colcon_core.package_identification:_identify(src/navigation2/tools) by extension 'colcon_pkg'
[0.266s] Level 1:colcon.colcon_core.package_identification:_identify(src/navigation2/tools) by extensions ['colcon_meta']
[0.266s] Level 1:colcon.colcon_core.package_identification:_identify(src/navigation2/tools) by extension 'colcon_meta'
[0.266s] Level 1:colcon.colcon_core.package_identification:_identify(src/navigation2/tools) by extensions ['ros']
[0.266s] Level 1:colcon.colcon_core.package_identification:_identify(src/navigation2/tools) by extension 'ros'
[0.266s] Level 1:colcon.colcon_core.package_identification:_identify(src/navigation2/tools) by extensions ['cmake', 'python']
[0.266s] Level 1:colcon.colcon_core.package_identification:_identify(src/navigation2/tools) by extension 'cmake'
[0.266s] Level 1:colcon.colcon_core.package_identification:_identify(src/navigation2/tools) by extension 'python'
[0.267s] Level 1:colcon.colcon_core.package_identification:_identify(src/navigation2/tools) by extensions ['python_setup_py']
[0.267s] Level 1:colcon.colcon_core.package_identification:_identify(src/navigation2/tools) by extension 'python_setup_py'
[0.267s] Level 1:colcon.colcon_core.package_identification:_identify(src/navigation2/tools/planner_benchmarking) by extensions ['ignore', 'ignore_ament_install']
[0.267s] Level 1:colcon.colcon_core.package_identification:_identify(src/navigation2/tools/planner_benchmarking) by extension 'ignore'
[0.267s] Level 1:colcon.colcon_core.package_identification:_identify(src/navigation2/tools/planner_benchmarking) by extension 'ignore_ament_install'
[0.267s] Level 1:colcon.colcon_core.package_identification:_identify(src/navigation2/tools/planner_benchmarking) by extensions ['colcon_pkg']
[0.267s] Level 1:colcon.colcon_core.package_identification:_identify(src/navigation2/tools/planner_benchmarking) by extension 'colcon_pkg'
[0.267s] Level 1:colcon.colcon_core.package_identification:_identify(src/navigation2/tools/planner_benchmarking) by extensions ['colcon_meta']
[0.267s] Level 1:colcon.colcon_core.package_identification:_identify(src/navigation2/tools/planner_benchmarking) by extension 'colcon_meta'
[0.267s] Level 1:colcon.colcon_core.package_identification:_identify(src/navigation2/tools/planner_benchmarking) by extensions ['ros']
[0.267s] Level 1:colcon.colcon_core.package_identification:_identify(src/navigation2/tools/planner_benchmarking) by extension 'ros'
[0.267s] Level 1:colcon.colcon_core.package_identification:_identify(src/navigation2/tools/planner_benchmarking) by extensions ['cmake', 'python']
[0.267s] Level 1:colcon.colcon_core.package_identification:_identify(src/navigation2/tools/planner_benchmarking) by extension 'cmake'
[0.267s] Level 1:colcon.colcon_core.package_identification:_identify(src/navigation2/tools/planner_benchmarking) by extension 'python'
[0.267s] Level 1:colcon.colcon_core.package_identification:_identify(src/navigation2/tools/planner_benchmarking) by extensions ['python_setup_py']
[0.267s] Level 1:colcon.colcon_core.package_identification:_identify(src/navigation2/tools/planner_benchmarking) by extension 'python_setup_py'
[0.267s] Level 1:colcon.colcon_core.package_identification:_identify(src/navigation2/tools/smoother_benchmarking) by extensions ['ignore', 'ignore_ament_install']
[0.267s] Level 1:colcon.colcon_core.package_identification:_identify(src/navigation2/tools/smoother_benchmarking) by extension 'ignore'
[0.267s] Level 1:colcon.colcon_core.package_identification:_identify(src/navigation2/tools/smoother_benchmarking) by extension 'ignore_ament_install'
[0.267s] Level 1:colcon.colcon_core.package_identification:_identify(src/navigation2/tools/smoother_benchmarking) by extensions ['colcon_pkg']
[0.267s] Level 1:colcon.colcon_core.package_identification:_identify(src/navigation2/tools/smoother_benchmarking) by extension 'colcon_pkg'
[0.267s] Level 1:colcon.colcon_core.package_identification:_identify(src/navigation2/tools/smoother_benchmarking) by extensions ['colcon_meta']
[0.267s] Level 1:colcon.colcon_core.package_identification:_identify(src/navigation2/tools/smoother_benchmarking) by extension 'colcon_meta'
[0.267s] Level 1:colcon.colcon_core.package_identification:_identify(src/navigation2/tools/smoother_benchmarking) by extensions ['ros']
[0.267s] Level 1:colcon.colcon_core.package_identification:_identify(src/navigation2/tools/smoother_benchmarking) by extension 'ros'
[0.267s] Level 1:colcon.colcon_core.package_identification:_identify(src/navigation2/tools/smoother_benchmarking) by extensions ['cmake', 'python']
[0.267s] Level 1:colcon.colcon_core.package_identification:_identify(src/navigation2/tools/smoother_benchmarking) by extension 'cmake'
[0.267s] Level 1:colcon.colcon_core.package_identification:_identify(src/navigation2/tools/smoother_benchmarking) by extension 'python'
[0.268s] Level 1:colcon.colcon_core.package_identification:_identify(src/navigation2/tools/smoother_benchmarking) by extensions ['python_setup_py']
[0.268s] Level 1:colcon.colcon_core.package_identification:_identify(src/navigation2/tools/smoother_benchmarking) by extension 'python_setup_py'
[0.268s] Level 1:colcon.colcon_core.package_identification:_identify(src/navigation2/tools/smoother_benchmarking/maps) by extensions ['ignore', 'ignore_ament_install']
[0.268s] Level 1:colcon.colcon_core.package_identification:_identify(src/navigation2/tools/smoother_benchmarking/maps) by extension 'ignore'
[0.268s] Level 1:colcon.colcon_core.package_identification:_identify(src/navigation2/tools/smoother_benchmarking/maps) by extension 'ignore_ament_install'
[0.268s] Level 1:colcon.colcon_core.package_identification:_identify(src/navigation2/tools/smoother_benchmarking/maps) by extensions ['colcon_pkg']
[0.268s] Level 1:colcon.colcon_core.package_identification:_identify(src/navigation2/tools/smoother_benchmarking/maps) by extension 'colcon_pkg'
[0.268s] Level 1:colcon.colcon_core.package_identification:_identify(src/navigation2/tools/smoother_benchmarking/maps) by extensions ['colcon_meta']
[0.268s] Level 1:colcon.colcon_core.package_identification:_identify(src/navigation2/tools/smoother_benchmarking/maps) by extension 'colcon_meta'
[0.268s] Level 1:colcon.colcon_core.package_identification:_identify(src/navigation2/tools/smoother_benchmarking/maps) by extensions ['ros']
[0.268s] Level 1:colcon.colcon_core.package_identification:_identify(src/navigation2/tools/smoother_benchmarking/maps) by extension 'ros'
[0.268s] Level 1:colcon.colcon_core.package_identification:_identify(src/navigation2/tools/smoother_benchmarking/maps) by extensions ['cmake', 'python']
[0.268s] Level 1:colcon.colcon_core.package_identification:_identify(src/navigation2/tools/smoother_benchmarking/maps) by extension 'cmake'
[0.268s] Level 1:colcon.colcon_core.package_identification:_identify(src/navigation2/tools/smoother_benchmarking/maps) by extension 'python'
[0.268s] Level 1:colcon.colcon_core.package_identification:_identify(src/navigation2/tools/smoother_benchmarking/maps) by extensions ['python_setup_py']
[0.268s] Level 1:colcon.colcon_core.package_identification:_identify(src/navigation2/tools/smoother_benchmarking/maps) by extension 'python_setup_py'
[0.268s] Level 1:colcon.colcon_core.package_identification:_identify(src/tortoisebot) by extensions ['ignore', 'ignore_ament_install']
[0.268s] Level 1:colcon.colcon_core.package_identification:_identify(src/tortoisebot) by extension 'ignore'
[0.268s] Level 1:colcon.colcon_core.package_identification:_identify(src/tortoisebot) by extension 'ignore_ament_install'
[0.268s] Level 1:colcon.colcon_core.package_identification:_identify(src/tortoisebot) by extensions ['colcon_pkg']
[0.268s] Level 1:colcon.colcon_core.package_identification:_identify(src/tortoisebot) by extension 'colcon_pkg'
[0.268s] Level 1:colcon.colcon_core.package_identification:_identify(src/tortoisebot) by extensions ['colcon_meta']
[0.268s] Level 1:colcon.colcon_core.package_identification:_identify(src/tortoisebot) by extension 'colcon_meta'
[0.269s] Level 1:colcon.colcon_core.package_identification:_identify(src/tortoisebot) by extensions ['ros']
[0.269s] Level 1:colcon.colcon_core.package_identification:_identify(src/tortoisebot) by extension 'ros'
[0.269s] Level 1:colcon.colcon_core.package_identification:_identify(src/tortoisebot) by extensions ['cmake', 'python']
[0.269s] Level 1:colcon.colcon_core.package_identification:_identify(src/tortoisebot) by extension 'cmake'
[0.269s] Level 1:colcon.colcon_core.package_identification:_identify(src/tortoisebot) by extension 'python'
[0.269s] Level 1:colcon.colcon_core.package_identification:_identify(src/tortoisebot) by extensions ['python_setup_py']
[0.269s] Level 1:colcon.colcon_core.package_identification:_identify(src/tortoisebot) by extension 'python_setup_py'
[0.269s] Level 1:colcon.colcon_core.package_identification:_identify(src/tortoisebot/YDLidar-SDK) by extensions ['ignore', 'ignore_ament_install']
[0.269s] Level 1:colcon.colcon_core.package_identification:_identify(src/tortoisebot/YDLidar-SDK) by extension 'ignore'
[0.269s] Level 1:colcon.colcon_core.package_identification:_identify(src/tortoisebot/YDLidar-SDK) by extension 'ignore_ament_install'
[0.269s] Level 1:colcon.colcon_core.package_identification:_identify(src/tortoisebot/YDLidar-SDK) by extensions ['colcon_pkg']
[0.269s] Level 1:colcon.colcon_core.package_identification:_identify(src/tortoisebot/YDLidar-SDK) by extension 'colcon_pkg'
[0.269s] Level 1:colcon.colcon_core.package_identification:_identify(src/tortoisebot/YDLidar-SDK) by extensions ['colcon_meta']
[0.269s] Level 1:colcon.colcon_core.package_identification:_identify(src/tortoisebot/YDLidar-SDK) by extension 'colcon_meta'
[0.269s] Level 1:colcon.colcon_core.package_identification:_identify(src/tortoisebot/YDLidar-SDK) by extensions ['ros']
[0.269s] Level 1:colcon.colcon_core.package_identification:_identify(src/tortoisebot/YDLidar-SDK) by extension 'ros'
[0.269s] Level 1:colcon.colcon_core.package_identification:_identify(src/tortoisebot/YDLidar-SDK) by extensions ['cmake', 'python']
[0.269s] Level 1:colcon.colcon_core.package_identification:_identify(src/tortoisebot/YDLidar-SDK) by extension 'cmake'
[0.282s] Level 1:colcon.colcon_core.package_identification:_identify(src/tortoisebot/YDLidar-SDK) by extension 'python'
[0.282s] DEBUG:colcon.colcon_core.package_identification:Package 'src/tortoisebot/YDLidar-SDK' with type 'cmake' and name 'ydlidar_sdk'
[0.282s] Level 1:colcon.colcon_core.package_identification:_identify(src/tortoisebot/maps) by extensions ['ignore', 'ignore_ament_install']
[0.282s] Level 1:colcon.colcon_core.package_identification:_identify(src/tortoisebot/maps) by extension 'ignore'
[0.283s] Level 1:colcon.colcon_core.package_identification:_identify(src/tortoisebot/maps) by extension 'ignore_ament_install'
[0.283s] Level 1:colcon.colcon_core.package_identification:_identify(src/tortoisebot/maps) by extensions ['colcon_pkg']
[0.283s] Level 1:colcon.colcon_core.package_identification:_identify(src/tortoisebot/maps) by extension 'colcon_pkg'
[0.283s] Level 1:colcon.colcon_core.package_identification:_identify(src/tortoisebot/maps) by extensions ['colcon_meta']
[0.283s] Level 1:colcon.colcon_core.package_identification:_identify(src/tortoisebot/maps) by extension 'colcon_meta'
[0.283s] Level 1:colcon.colcon_core.package_identification:_identify(src/tortoisebot/maps) by extensions ['ros']
[0.283s] Level 1:colcon.colcon_core.package_identification:_identify(src/tortoisebot/maps) by extension 'ros'
[0.283s] Level 1:colcon.colcon_core.package_identification:_identify(src/tortoisebot/maps) by extensions ['cmake', 'python']
[0.283s] Level 1:colcon.colcon_core.package_identification:_identify(src/tortoisebot/maps) by extension 'cmake'
[0.283s] Level 1:colcon.colcon_core.package_identification:_identify(src/tortoisebot/maps) by extension 'python'
[0.283s] Level 1:colcon.colcon_core.package_identification:_identify(src/tortoisebot/maps) by extensions ['python_setup_py']
[0.283s] Level 1:colcon.colcon_core.package_identification:_identify(src/tortoisebot/maps) by extension 'python_setup_py'
[0.283s] Level 1:colcon.colcon_core.package_identification:_identify(src/tortoisebot/tortoisebot_bringup) by extensions ['ignore', 'ignore_ament_install']
[0.283s] Level 1:colcon.colcon_core.package_identification:_identify(src/tortoisebot/tortoisebot_bringup) by extension 'ignore'
[0.283s] Level 1:colcon.colcon_core.package_identification:_identify(src/tortoisebot/tortoisebot_bringup) by extension 'ignore_ament_install'
[0.283s] Level 1:colcon.colcon_core.package_identification:_identify(src/tortoisebot/tortoisebot_bringup) by extensions ['colcon_pkg']
[0.283s] Level 1:colcon.colcon_core.package_identification:_identify(src/tortoisebot/tortoisebot_bringup) by extension 'colcon_pkg'
[0.283s] Level 1:colcon.colcon_core.package_identification:_identify(src/tortoisebot/tortoisebot_bringup) by extensions ['colcon_meta']
[0.283s] Level 1:colcon.colcon_core.package_identification:_identify(src/tortoisebot/tortoisebot_bringup) by extension 'colcon_meta'
[0.283s] Level 1:colcon.colcon_core.package_identification:_identify(src/tortoisebot/tortoisebot_bringup) by extensions ['ros']
[0.283s] Level 1:colcon.colcon_core.package_identification:_identify(src/tortoisebot/tortoisebot_bringup) by extension 'ros'
[0.284s] DEBUG:colcon.colcon_core.package_identification:Package 'src/tortoisebot/tortoisebot_bringup' with type 'ros.ament_cmake' and name 'tortoisebot_bringup'
[0.284s] Level 1:colcon.colcon_core.package_identification:_identify(src/tortoisebot/tortoisebot_control) by extensions ['ignore', 'ignore_ament_install']
[0.284s] Level 1:colcon.colcon_core.package_identification:_identify(src/tortoisebot/tortoisebot_control) by extension 'ignore'
[0.284s] Level 1:colcon.colcon_core.package_identification:_identify(src/tortoisebot/tortoisebot_control) by extension 'ignore_ament_install'
[0.284s] Level 1:colcon.colcon_core.package_identification:_identify(src/tortoisebot/tortoisebot_control) by extensions ['colcon_pkg']
[0.284s] Level 1:colcon.colcon_core.package_identification:_identify(src/tortoisebot/tortoisebot_control) by extension 'colcon_pkg'
[0.284s] Level 1:colcon.colcon_core.package_identification:_identify(src/tortoisebot/tortoisebot_control) by extensions ['colcon_meta']
[0.284s] Level 1:colcon.colcon_core.package_identification:_identify(src/tortoisebot/tortoisebot_control) by extension 'colcon_meta'
[0.284s] Level 1:colcon.colcon_core.package_identification:_identify(src/tortoisebot/tortoisebot_control) by extensions ['ros']
[0.284s] Level 1:colcon.colcon_core.package_identification:_identify(src/tortoisebot/tortoisebot_control) by extension 'ros'
[0.285s] DEBUG:colcon.colcon_core.package_identification:Package 'src/tortoisebot/tortoisebot_control' with type 'ros.ament_python' and name 'tortoisebot_control'
[0.285s] Level 1:colcon.colcon_core.package_identification:_identify(src/tortoisebot/tortoisebot_description) by extensions ['ignore', 'ignore_ament_install']
[0.285s] Level 1:colcon.colcon_core.package_identification:_identify(src/tortoisebot/tortoisebot_description) by extension 'ignore'
[0.285s] Level 1:colcon.colcon_core.package_identification:_identify(src/tortoisebot/tortoisebot_description) by extension 'ignore_ament_install'
[0.285s] Level 1:colcon.colcon_core.package_identification:_identify(src/tortoisebot/tortoisebot_description) by extensions ['colcon_pkg']
[0.285s] Level 1:colcon.colcon_core.package_identification:_identify(src/tortoisebot/tortoisebot_description) by extension 'colcon_pkg'
[0.285s] Level 1:colcon.colcon_core.package_identification:_identify(src/tortoisebot/tortoisebot_description) by extensions ['colcon_meta']
[0.285s] Level 1:colcon.colcon_core.package_identification:_identify(src/tortoisebot/tortoisebot_description) by extension 'colcon_meta'
[0.285s] Level 1:colcon.colcon_core.package_identification:_identify(src/tortoisebot/tortoisebot_description) by extensions ['ros']
[0.285s] Level 1:colcon.colcon_core.package_identification:_identify(src/tortoisebot/tortoisebot_description) by extension 'ros'
[0.285s] DEBUG:colcon.colcon_core.package_identification:Package 'src/tortoisebot/tortoisebot_description' with type 'ros.ament_cmake' and name 'tortoisebot_description'
[0.285s] Level 1:colcon.colcon_core.package_identification:_identify(src/tortoisebot/tortoisebot_firmware) by extensions ['ignore', 'ignore_ament_install']
[0.285s] Level 1:colcon.colcon_core.package_identification:_identify(src/tortoisebot/tortoisebot_firmware) by extension 'ignore'
[0.285s] Level 1:colcon.colcon_core.package_identification:_identify(src/tortoisebot/tortoisebot_firmware) by extension 'ignore_ament_install'
[0.286s] Level 1:colcon.colcon_core.package_identification:_identify(src/tortoisebot/tortoisebot_firmware) by extensions ['colcon_pkg']
[0.286s] Level 1:colcon.colcon_core.package_identification:_identify(src/tortoisebot/tortoisebot_firmware) by extension 'colcon_pkg'
[0.286s] Level 1:colcon.colcon_core.package_identification:_identify(src/tortoisebot/tortoisebot_firmware) by extensions ['colcon_meta']
[0.286s] Level 1:colcon.colcon_core.package_identification:_identify(src/tortoisebot/tortoisebot_firmware) by extension 'colcon_meta'
[0.286s] Level 1:colcon.colcon_core.package_identification:_identify(src/tortoisebot/tortoisebot_firmware) by extensions ['ros']
[0.286s] Level 1:colcon.colcon_core.package_identification:_identify(src/tortoisebot/tortoisebot_firmware) by extension 'ros'
[0.287s] DEBUG:colcon.colcon_core.package_identification:Package 'src/tortoisebot/tortoisebot_firmware' with type 'ros.ament_cmake' and name 'tortoisebot_firmware'
[0.287s] Level 1:colcon.colcon_core.package_identification:_identify(src/tortoisebot/tortoisebot_gazebo) by extensions ['ignore', 'ignore_ament_install']
[0.287s] Level 1:colcon.colcon_core.package_identification:_identify(src/tortoisebot/tortoisebot_gazebo) by extension 'ignore'
[0.287s] Level 1:colcon.colcon_core.package_identification:_identify(src/tortoisebot/tortoisebot_gazebo) by extension 'ignore_ament_install'
[0.287s] Level 1:colcon.colcon_core.package_identification:_identify(src/tortoisebot/tortoisebot_gazebo) by extensions ['colcon_pkg']
[0.287s] Level 1:colcon.colcon_core.package_identification:_identify(src/tortoisebot/tortoisebot_gazebo) by extension 'colcon_pkg'
[0.287s] Level 1:colcon.colcon_core.package_identification:_identify(src/tortoisebot/tortoisebot_gazebo) by extensions ['colcon_meta']
[0.287s] Level 1:colcon.colcon_core.package_identification:_identify(src/tortoisebot/tortoisebot_gazebo) by extension 'colcon_meta'
[0.287s] Level 1:colcon.colcon_core.package_identification:_identify(src/tortoisebot/tortoisebot_gazebo) by extensions ['ros']
[0.287s] Level 1:colcon.colcon_core.package_identification:_identify(src/tortoisebot/tortoisebot_gazebo) by extension 'ros'
[0.287s] DEBUG:colcon.colcon_core.package_identification:Package 'src/tortoisebot/tortoisebot_gazebo' with type 'ros.ament_cmake' and name 'tortoisebot_gazebo'
[0.287s] Level 1:colcon.colcon_core.package_identification:_identify(src/tortoisebot/tortoisebot_navigation) by extensions ['ignore', 'ignore_ament_install']
[0.288s] Level 1:colcon.colcon_core.package_identification:_identify(src/tortoisebot/tortoisebot_navigation) by extension 'ignore'
[0.288s] Level 1:colcon.colcon_core.package_identification:_identify(src/tortoisebot/tortoisebot_navigation) by extension 'ignore_ament_install'
[0.288s] Level 1:colcon.colcon_core.package_identification:_identify(src/tortoisebot/tortoisebot_navigation) by extensions ['colcon_pkg']
[0.288s] Level 1:colcon.colcon_core.package_identification:_identify(src/tortoisebot/tortoisebot_navigation) by extension 'colcon_pkg'
[0.288s] Level 1:colcon.colcon_core.package_identification:_identify(src/tortoisebot/tortoisebot_navigation) by extensions ['colcon_meta']
[0.288s] Level 1:colcon.colcon_core.package_identification:_identify(src/tortoisebot/tortoisebot_navigation) by extension 'colcon_meta'
[0.288s] Level 1:colcon.colcon_core.package_identification:_identify(src/tortoisebot/tortoisebot_navigation) by extensions ['ros']
[0.288s] Level 1:colcon.colcon_core.package_identification:_identify(src/tortoisebot/tortoisebot_navigation) by extension 'ros'
[0.288s] DEBUG:colcon.colcon_core.package_identification:Package 'src/tortoisebot/tortoisebot_navigation' with type 'ros.ament_cmake' and name 'tortoisebot_navigation'
[0.288s] Level 1:colcon.colcon_core.package_identification:_identify(src/tortoisebot/tortoisebot_slam) by extensions ['ignore', 'ignore_ament_install']
[0.289s] Level 1:colcon.colcon_core.package_identification:_identify(src/tortoisebot/tortoisebot_slam) by extension 'ignore'
[0.289s] Level 1:colcon.colcon_core.package_identification:_identify(src/tortoisebot/tortoisebot_slam) by extension 'ignore_ament_install'
[0.289s] Level 1:colcon.colcon_core.package_identification:_identify(src/tortoisebot/tortoisebot_slam) by extensions ['colcon_pkg']
[0.289s] Level 1:colcon.colcon_core.package_identification:_identify(src/tortoisebot/tortoisebot_slam) by extension 'colcon_pkg'
[0.289s] Level 1:colcon.colcon_core.package_identification:_identify(src/tortoisebot/tortoisebot_slam) by extensions ['colcon_meta']
[0.289s] Level 1:colcon.colcon_core.package_identification:_identify(src/tortoisebot/tortoisebot_slam) by extension 'colcon_meta'
[0.289s] Level 1:colcon.colcon_core.package_identification:_identify(src/tortoisebot/tortoisebot_slam) by extensions ['ros']
[0.289s] Level 1:colcon.colcon_core.package_identification:_identify(src/tortoisebot/tortoisebot_slam) by extension 'ros'
[0.289s] DEBUG:colcon.colcon_core.package_identification:Package 'src/tortoisebot/tortoisebot_slam' with type 'ros.ament_cmake' and name 'tortoisebot_slam'
[0.290s] Level 1:colcon.colcon_core.package_identification:_identify(src/tortoisebot/v4l2_camera) by extensions ['ignore', 'ignore_ament_install']
[0.290s] Level 1:colcon.colcon_core.package_identification:_identify(src/tortoisebot/v4l2_camera) by extension 'ignore'
[0.290s] Level 1:colcon.colcon_core.package_identification:_identify(src/tortoisebot/v4l2_camera) by extension 'ignore_ament_install'
[0.290s] Level 1:colcon.colcon_core.package_identification:_identify(src/tortoisebot/v4l2_camera) by extensions ['colcon_pkg']
[0.290s] Level 1:colcon.colcon_core.package_identification:_identify(src/tortoisebot/v4l2_camera) by extension 'colcon_pkg'
[0.290s] Level 1:colcon.colcon_core.package_identification:_identify(src/tortoisebot/v4l2_camera) by extensions ['colcon_meta']
[0.290s] Level 1:colcon.colcon_core.package_identification:_identify(src/tortoisebot/v4l2_camera) by extension 'colcon_meta'
[0.290s] Level 1:colcon.colcon_core.package_identification:_identify(src/tortoisebot/v4l2_camera) by extensions ['ros']
[0.290s] Level 1:colcon.colcon_core.package_identification:_identify(src/tortoisebot/v4l2_camera) by extension 'ros'
[0.290s] DEBUG:colcon.colcon_core.package_identification:Package 'src/tortoisebot/v4l2_camera' with type 'ros.ament_cmake' and name 'v4l2_camera'
[0.291s] Level 1:colcon.colcon_core.package_identification:_identify(src/tortoisebot/ydlidar_ros2_driver) by extensions ['ignore', 'ignore_ament_install']
[0.291s] Level 1:colcon.colcon_core.package_identification:_identify(src/tortoisebot/ydlidar_ros2_driver) by extension 'ignore'
[0.291s] Level 1:colcon.colcon_core.package_identification:_identify(src/tortoisebot/ydlidar_ros2_driver) by extension 'ignore_ament_install'
[0.291s] Level 1:colcon.colcon_core.package_identification:_identify(src/tortoisebot/ydlidar_ros2_driver) by extensions ['colcon_pkg']
[0.291s] Level 1:colcon.colcon_core.package_identification:_identify(src/tortoisebot/ydlidar_ros2_driver) by extension 'colcon_pkg'
[0.291s] Level 1:colcon.colcon_core.package_identification:_identify(src/tortoisebot/ydlidar_ros2_driver) by extensions ['colcon_meta']
[0.291s] Level 1:colcon.colcon_core.package_identification:_identify(src/tortoisebot/ydlidar_ros2_driver) by extension 'colcon_meta'
[0.291s] Level 1:colcon.colcon_core.package_identification:_identify(src/tortoisebot/ydlidar_ros2_driver) by extensions ['ros']
[0.291s] Level 1:colcon.colcon_core.package_identification:_identify(src/tortoisebot/ydlidar_ros2_driver) by extension 'ros'
[0.291s] DEBUG:colcon.colcon_core.package_identification:Package 'src/tortoisebot/ydlidar_ros2_driver' with type 'ros.ament_cmake' and name 'ydlidar_ros2_driver'
[0.291s] Level 1:colcon.colcon_core.package_discovery:discover_packages(recursive) using defaults
[0.291s] Level 1:colcon.colcon_core.package_discovery:discover_packages(ignore) discover
[0.291s] Level 1:colcon.colcon_core.package_discovery:discover_packages(ignore) using defaults
[0.291s] Level 1:colcon.colcon_core.package_discovery:discover_packages(path) discover
[0.291s] Level 1:colcon.colcon_core.package_discovery:discover_packages(path) using defaults
[0.335s] INFO:colcon.colcon_core.package_selection:Skipping not selected package 'nav2_common' in 'src/navigation2/nav2_common'
[0.335s] INFO:colcon.colcon_core.package_selection:Skipping not selected package 'nav2_loopback_sim' in 'src/navigation2/nav2_loopback_sim'
[0.335s] INFO:colcon.colcon_core.package_selection:Skipping not selected package 'nav_2d_msgs' in 'src/navigation2/nav2_dwb_controller/nav_2d_msgs'
[0.335s] INFO:colcon.colcon_core.package_selection:Skipping not selected package 'tortoisebot_bringup' in 'src/tortoisebot/tortoisebot_bringup'
[0.335s] INFO:colcon.colcon_core.package_selection:Skipping not selected package 'tortoisebot_control' in 'src/tortoisebot/tortoisebot_control'
[0.335s] INFO:colcon.colcon_core.package_selection:Skipping not selected package 'tortoisebot_description' in 'src/tortoisebot/tortoisebot_description'
[0.335s] INFO:colcon.colcon_core.package_selection:Skipping not selected package 'tortoisebot_firmware' in 'src/tortoisebot/tortoisebot_firmware'
[0.335s] INFO:colcon.colcon_core.package_selection:Skipping not selected package 'tortoisebot_gazebo' in 'src/tortoisebot/tortoisebot_gazebo'
[0.335s] INFO:colcon.colcon_core.package_selection:Skipping not selected package 'tortoisebot_navigation' in 'src/tortoisebot/tortoisebot_navigation'
[0.335s] INFO:colcon.colcon_core.package_selection:Skipping not selected package 'tortoisebot_slam' in 'src/tortoisebot/tortoisebot_slam'
[0.335s] INFO:colcon.colcon_core.package_selection:Skipping not selected package 'v4l2_camera' in 'src/tortoisebot/v4l2_camera'
[0.335s] INFO:colcon.colcon_core.package_selection:Skipping not selected package 'ydlidar_ros2_driver' in 'src/tortoisebot/ydlidar_ros2_driver'
[0.335s] INFO:colcon.colcon_core.package_selection:Skipping not selected package 'ydlidar_sdk' in 'src/tortoisebot/YDLidar-SDK'
[0.335s] INFO:colcon.colcon_core.package_selection:Skipping not selected package 'dwb_msgs' in 'src/navigation2/nav2_dwb_controller/dwb_msgs'
[0.335s] INFO:colcon.colcon_core.package_selection:Skipping not selected package 'nav2_msgs' in 'src/navigation2/nav2_msgs'
[0.335s] INFO:colcon.colcon_core.package_selection:Skipping not selected package 'nav2_voxel_grid' in 'src/navigation2/nav2_voxel_grid'
[0.335s] INFO:colcon.colcon_core.package_selection:Skipping not selected package 'opennav_docking_core' in 'src/navigation2/nav2_docking/opennav_docking_core'
[0.335s] INFO:colcon.colcon_core.package_selection:Skipping not selected package 'nav2_simple_commander' in 'src/navigation2/nav2_simple_commander'
[0.335s] INFO:colcon.colcon_core.package_selection:Skipping not selected package 'nav2_util' in 'src/navigation2/nav2_util'
[0.335s] INFO:colcon.colcon_core.package_selection:Skipping not selected package 'nav2_behavior_tree' in 'src/navigation2/nav2_behavior_tree'
[0.335s] INFO:colcon.colcon_core.package_selection:Skipping not selected package 'nav2_lifecycle_manager' in 'src/navigation2/nav2_lifecycle_manager'
[0.335s] INFO:colcon.colcon_core.package_selection:Skipping not selected package 'nav2_map_server' in 'src/navigation2/nav2_map_server'
[0.335s] INFO:colcon.colcon_core.package_selection:Skipping not selected package 'nav2_velocity_smoother' in 'src/navigation2/nav2_velocity_smoother'
[0.335s] INFO:colcon.colcon_core.package_selection:Skipping not selected package 'nav_2d_utils' in 'src/navigation2/nav2_dwb_controller/nav_2d_utils'
[0.335s] INFO:colcon.colcon_core.package_selection:Skipping not selected package 'nav2_costmap_2d' in 'src/navigation2/nav2_costmap_2d'
[0.335s] INFO:colcon.colcon_core.package_selection:Skipping not selected package 'nav2_rviz_plugins' in 'src/navigation2/nav2_rviz_plugins'
[0.335s] INFO:colcon.colcon_core.package_selection:Skipping not selected package 'costmap_queue' in 'src/navigation2/nav2_dwb_controller/costmap_queue'
[0.335s] INFO:colcon.colcon_core.package_selection:Skipping not selected package 'nav2_collision_monitor' in 'src/navigation2/nav2_collision_monitor'
[0.335s] INFO:colcon.colcon_core.package_selection:Skipping not selected package 'nav2_core' in 'src/navigation2/nav2_core'
[0.335s] INFO:colcon.colcon_core.package_selection:Skipping not selected package 'dwb_core' in 'src/navigation2/nav2_dwb_controller/dwb_core'
[0.335s] INFO:colcon.colcon_core.package_selection:Skipping not selected package 'nav2_behaviors' in 'src/navigation2/nav2_behaviors'
[0.335s] INFO:colcon.colcon_core.package_selection:Skipping not selected package 'nav2_bt_navigator' in 'src/navigation2/nav2_bt_navigator'
[0.335s] INFO:colcon.colcon_core.package_selection:Skipping not selected package 'nav2_constrained_smoother' in 'src/navigation2/nav2_constrained_smoother'
[0.335s] INFO:colcon.colcon_core.package_selection:Skipping not selected package 'nav2_controller' in 'src/navigation2/nav2_controller'
[0.335s] INFO:colcon.colcon_core.package_selection:Skipping not selected package 'nav2_mppi_controller' in 'src/navigation2/nav2_mppi_controller'
[0.335s] INFO:colcon.colcon_core.package_selection:Skipping not selected package 'nav2_navfn_planner' in 'src/navigation2/nav2_navfn_planner'
[0.335s] INFO:colcon.colcon_core.package_selection:Skipping not selected package 'nav2_planner' in 'src/navigation2/nav2_planner'
[0.335s] INFO:colcon.colcon_core.package_selection:Skipping not selected package 'nav2_regulated_pure_pursuit_controller' in 'src/navigation2/nav2_regulated_pure_pursuit_controller'
[0.335s] INFO:colcon.colcon_core.package_selection:Skipping not selected package 'nav2_smac_planner' in 'src/navigation2/nav2_smac_planner'
[0.335s] INFO:colcon.colcon_core.package_selection:Skipping not selected package 'nav2_smoother' in 'src/navigation2/nav2_smoother'
[0.335s] INFO:colcon.colcon_core.package_selection:Skipping not selected package 'nav2_theta_star_planner' in 'src/navigation2/nav2_theta_star_planner'
[0.335s] INFO:colcon.colcon_core.package_selection:Skipping not selected package 'nav2_waypoint_follower' in 'src/navigation2/nav2_waypoint_follower'
[0.335s] INFO:colcon.colcon_core.package_selection:Skipping not selected package 'opennav_docking_bt' in 'src/navigation2/nav2_docking/opennav_docking_bt'
[0.335s] INFO:colcon.colcon_core.package_selection:Skipping not selected package 'dwb_critics' in 'src/navigation2/nav2_dwb_controller/dwb_critics'
[0.335s] INFO:colcon.colcon_core.package_selection:Skipping not selected package 'dwb_plugins' in 'src/navigation2/nav2_dwb_controller/dwb_plugins'
[0.335s] INFO:colcon.colcon_core.package_selection:Skipping not selected package 'nav2_graceful_controller' in 'src/navigation2/nav2_graceful_controller'
[0.335s] INFO:colcon.colcon_core.package_selection:Skipping not selected package 'nav2_rotation_shim_controller' in 'src/navigation2/nav2_rotation_shim_controller'
[0.335s] INFO:colcon.colcon_core.package_selection:Skipping not selected package 'nav2_dwb_controller' in 'src/navigation2/nav2_dwb_controller/nav2_dwb_controller'
[0.335s] INFO:colcon.colcon_core.package_selection:Skipping not selected package 'opennav_docking' in 'src/navigation2/nav2_docking/opennav_docking'
[0.335s] INFO:colcon.colcon_core.package_selection:Skipping not selected package 'navigation2' in 'src/navigation2/navigation2'
[0.335s] INFO:colcon.colcon_core.package_selection:Skipping not selected package 'nav2_bringup' in 'src/navigation2/nav2_bringup'
[0.335s] INFO:colcon.colcon_core.package_selection:Skipping not selected package 'nav2_system_tests' in 'src/navigation2/nav2_system_tests'
[0.336s] Level 1:colcon.colcon_core.package_discovery:discover_packages(prefix_path) check parameters
[0.336s] Level 1:colcon.colcon_core.package_discovery:discover_packages(prefix_path) discover
[0.337s] DEBUG:colcon.colcon_installed_package_information.package_discovery:Found 10 installed packages in /home/olympusforge/ros2_frost/install
[0.339s] DEBUG:colcon.colcon_installed_package_information.package_discovery:Found 330 installed packages in /opt/ros/humble
[0.340s] Level 1:colcon.colcon_core.package_discovery:discover_packages(prefix_path) using defaults
[0.370s] WARNING:colcon.colcon_core.package_selection:Some selected packages are already built in one or more underlay workspaces:
	'nav2_amcl' is in: /opt/ros/humble
If a package in a merged underlay workspace is overridden and it installs headers, then all packages in the overlay must sort their include directories by workspace order. Failure to do so may result in build failures or undefined behavior at run time.
If the overridden package is used by another package in any underlay, then the overriding package in the overlay must be API and ABI compatible or undefined behavior at run time may occur.

If you understand the risks and want to override a package anyways, add the following to the command line:
	--allow-overriding nav2_amcl

This may be promoted to an error in a future release of colcon-override-check.
[0.370s] Level 5:colcon.colcon_core.verb:set package 'nav2_amcl' build argument 'cmake_args' from command line to 'None'
[0.370s] Level 5:colcon.colcon_core.verb:set package 'nav2_amcl' build argument 'cmake_target' from command line to 'None'
[0.370s] Level 5:colcon.colcon_core.verb:set package 'nav2_amcl' build argument 'cmake_target_skip_unavailable' from command line to 'False'
[0.371s] Level 5:colcon.colcon_core.verb:set package 'nav2_amcl' build argument 'cmake_clean_cache' from command line to 'False'
[0.371s] Level 5:colcon.colcon_core.verb:set package 'nav2_amcl' build argument 'cmake_clean_first' from command line to 'False'
[0.371s] Level 5:colcon.colcon_core.verb:set package 'nav2_amcl' build argument 'cmake_force_configure' from command line to 'False'
[0.371s] Level 5:colcon.colcon_core.verb:set package 'nav2_amcl' build argument 'ament_cmake_args' from command line to 'None'
[0.371s] Level 5:colcon.colcon_core.verb:set package 'nav2_amcl' build argument 'catkin_cmake_args' from command line to 'None'
[0.371s] Level 5:colcon.colcon_core.verb:set package 'nav2_amcl' build argument 'catkin_skip_building_tests' from command line to 'False'
[0.371s] DEBUG:colcon.colcon_core.verb:Building package 'nav2_amcl' with the following arguments: {'ament_cmake_args': None, 'build_base': '/home/olympusforge/ros2_frost/build/nav2_amcl', 'catkin_cmake_args': None, 'catkin_skip_building_tests': False, 'cmake_args': None, 'cmake_clean_cache': False, 'cmake_clean_first': False, 'cmake_force_configure': False, 'cmake_target': None, 'cmake_target_skip_unavailable': False, 'install_base': '/home/olympusforge/ros2_frost/install/nav2_amcl', 'merge_install': False, 'path': '/home/olympusforge/ros2_frost/src/navigation2/nav2_amcl', 'symlink_install': False, 'test_result_base': None}
[0.371s] INFO:colcon.colcon_core.executor:Executing jobs using 'parallel' executor
[0.372s] DEBUG:colcon.colcon_parallel_executor.executor.parallel:run_until_complete
[0.373s] INFO:colcon.colcon_ros.task.ament_cmake.build:Building ROS package in '/home/olympusforge/ros2_frost/src/navigation2/nav2_amcl' with build type 'ament_cmake'
[0.373s] INFO:colcon.colcon_cmake.task.cmake.build:Building CMake package in '/home/olympusforge/ros2_frost/src/navigation2/nav2_amcl'
[0.376s] INFO:colcon.colcon_core.plugin_system:Skipping extension 'colcon_core.shell.bat': Not used on non-Windows systems
[0.376s] INFO:colcon.colcon_core.shell:Skip shell extension 'powershell' for command environment: Not usable outside of PowerShell
[0.377s] DEBUG:colcon.colcon_core.shell:Skip shell extension 'dsv' for command environment
[0.378s] WARNING:colcon.colcon_core.shell:The following packages are in the workspace but haven't been built:
- nav2_common
- nav2_msgs
- nav2_util
They are being used from the following locations instead:
- /opt/ros/humble
- /opt/ros/humble
- /opt/ros/humble
To suppress this warning ignore these packages in the workspace:
--packages-ignore nav2_common nav2_msgs nav2_util
[0.392s] DEBUG:colcon.colcon_core.event_handler.log_command:Invoking command in '/home/olympusforge/ros2_frost/build/nav2_amcl': CMAKE_PREFIX_PATH=${CMAKE_PREFIX_PATH}:/home/olympusforge/ros2_frost/install/tortoisebot_control:/opt/ros/humble /usr/bin/cmake /home/olympusforge/ros2_frost/src/navigation2/nav2_amcl -DCMAKE_INSTALL_PREFIX=/home/olympusforge/ros2_frost/install/nav2_amcl
[2.912s] DEBUG:colcon.colcon_core.event_handler.log_command:Invoked command in '/home/olympusforge/ros2_frost/build/nav2_amcl' returned '1': CMAKE_PREFIX_PATH=${CMAKE_PREFIX_PATH}:/home/olympusforge/ros2_frost/install/tortoisebot_control:/opt/ros/humble /usr/bin/cmake /home/olympusforge/ros2_frost/src/navigation2/nav2_amcl -DCMAKE_INSTALL_PREFIX=/home/olympusforge/ros2_frost/install/nav2_amcl
[2.921s] Level 1:colcon.colcon_core.environment:create_environment_scripts_only(nav2_amcl)
[2.923s] Level 1:colcon.colcon_core.environment:checking '/home/olympusforge/ros2_frost/install/nav2_amcl' for CMake module files
[2.923s] Level 1:colcon.colcon_core.environment:checking '/home/olympusforge/ros2_frost/install/nav2_amcl' for CMake config files
[2.924s] Level 1:colcon.colcon_core.environment:checking '/home/olympusforge/ros2_frost/install/nav2_amcl/bin'
[2.924s] Level 1:colcon.colcon_core.environment:checking '/home/olympusforge/ros2_frost/install/nav2_amcl/lib/pkgconfig/nav2_amcl.pc'
[2.924s] Level 1:colcon.colcon_core.environment:checking '/home/olympusforge/ros2_frost/install/nav2_amcl/lib/python3.10/site-packages'
[2.924s] Level 1:colcon.colcon_core.environment:checking '/home/olympusforge/ros2_frost/install/nav2_amcl/bin'
[2.924s] INFO:colcon.colcon_core.shell:Creating package script '/home/olympusforge/ros2_frost/install/nav2_amcl/share/nav2_amcl/package.ps1'
[2.925s] INFO:colcon.colcon_core.shell:Creating package descriptor '/home/olympusforge/ros2_frost/install/nav2_amcl/share/nav2_amcl/package.dsv'
[2.925s] INFO:colcon.colcon_core.shell:Creating package script '/home/olympusforge/ros2_frost/install/nav2_amcl/share/nav2_amcl/package.sh'
[2.926s] INFO:colcon.colcon_core.shell:Creating package script '/home/olympusforge/ros2_frost/install/nav2_amcl/share/nav2_amcl/package.bash'
[2.927s] INFO:colcon.colcon_core.shell:Creating package script '/home/olympusforge/ros2_frost/install/nav2_amcl/share/nav2_amcl/package.zsh'
[2.927s] Level 1:colcon.colcon_core.environment:create_file_with_runtime_dependencies(/home/olympusforge/ros2_frost/install/nav2_amcl/share/colcon-core/packages/nav2_amcl)
[2.938s] DEBUG:colcon.colcon_parallel_executor.executor.parallel:closing loop
[2.938s] DEBUG:colcon.colcon_parallel_executor.executor.parallel:loop closed
[2.938s] DEBUG:colcon.colcon_parallel_executor.executor.parallel:run_until_complete finished with '1'
[2.938s] DEBUG:colcon.colcon_core.event_reactor:joining thread
[2.943s] INFO:colcon.colcon_core.plugin_system:Skipping extension 'colcon_notification.desktop_notification.terminal_notifier': Not used on non-Darwin systems
[2.943s] INFO:colcon.colcon_core.plugin_system:Skipping extension 'colcon_notification.desktop_notification.win32': Not used on non-Windows systems
[2.943s] INFO:colcon.colcon_notification.desktop_notification:Sending desktop notification using 'notify2'
[2.963s] DEBUG:colcon.colcon_core.event_reactor:joined thread
[2.963s] INFO:colcon.colcon_core.shell:Creating prefix script '/home/olympusforge/ros2_frost/install/local_setup.ps1'
[2.965s] INFO:colcon.colcon_core.shell:Creating prefix util module '/home/olympusforge/ros2_frost/install/_local_setup_util_ps1.py'
[2.966s] INFO:colcon.colcon_core.shell:Creating prefix chain script '/home/olympusforge/ros2_frost/install/setup.ps1'
[2.967s] INFO:colcon.colcon_core.shell:Creating prefix script '/home/olympusforge/ros2_frost/install/local_setup.sh'
[2.968s] INFO:colcon.colcon_core.shell:Creating prefix util module '/home/olympusforge/ros2_frost/install/_local_setup_util_sh.py'
[2.968s] INFO:colcon.colcon_core.shell:Creating prefix chain script '/home/olympusforge/ros2_frost/install/setup.sh'
[2.970s] INFO:colcon.colcon_core.shell:Creating prefix script '/home/olympusforge/ros2_frost/install/local_setup.bash'
[2.970s] INFO:colcon.colcon_core.shell:Creating prefix chain script '/home/olympusforge/ros2_frost/install/setup.bash'
[2.972s] INFO:colcon.colcon_core.shell:Creating prefix script '/home/olympusforge/ros2_frost/install/local_setup.zsh'
[2.972s] INFO:colcon.colcon_core.shell:Creating prefix chain script '/home/olympusforge/ros2_frost/install/setup.zsh'
